project_id,project_name,dataset_status,test_snapshots_count,anticipated_cost_mae_old_cr,anticipated_cost_mae_new_cr,delay_mae_old_months,delay_mae_new_months
020100044,"PROTOTYPE FAST BREEDER REACTOR (BHAVINI, 500 MWE)",Ongoing Not Active,40,476.76,615.57,23.51,18.42
060100094,DIPKA EXPANSION OCP (SECL) (20-25) MTY (SOUTH-EASTERN COAL FIELDS LIMITED),Ongoing Not Active,15,25.54,28.57,1.35,1.65
180100241,"CHAMERA,STAGE-III (NHPC)(NATIONAL HYDRO-ELECTRIC POWER CORPORATION)",Ongoing Not Active,4,100.42,144.31,1.07,0.64
180100243,"TEESTA LOW DAM HEP, STAGE-IV (4X40 MW) (NHPC) (NATIONAL HYDRO-ELECTRIC POWER CORPORATION)",Ongoing Not Active,16,166.01,152.01,3.96,1.49
180100250,PARBATI H.E.P. STAGE -III (NHPC) (NATIONAL HYDRO-ELECTRIC POWER CORPORATION),Ongoing Not Active,10,67.64,48.06,2.07,2.18
180100256,Transmission System for Strengthening of Srinagar-Leh Tr. System (Power Grid Corporation of India Limited [POWERGRID]),Ongoing Not Active,3,,,,
180100260,TRANSMISSION SY. ASSOCIATED WITH BARH GENER. PROJECT(P.GR.)(POWER GRID CORPORATION OF INDIA LIMITED),Ongoing Not Active,4,85.49,28.06,2.44,1.85
180100261,TRANSMISSION SYSTEM ASSOCIATED WITH PARBATI = II HEP (POWER GRID CORPORATION OF INDIA LIMITED),Ongoing Not Active,4,21.64,19.15,1.98,0.61
220100255,GONDA-GORAKHPUR LOOP WITH ANAND NAGAR-NAUTANWA GC (NER) (NORTH EASTERN RAILWAY),Ongoing Not Active,13,28.66,89.51,1.46,1.7
220100258,"JALANDHAR-PATHANKOT-JAMMU-TAWI (LD),NR (NORTHERN RAILWAY)",Ongoing Not Active,25,67.72,70.64,3.15,3.47
220100279,"REWARI-ROHTAK (NL),NR(NORTHERN RAILWAY)",Ongoing Not Active,6,54.16,71.55,1.44,0.23
220100280,"JIND-SONEPAT (NL),NR (NORTHERN RAILWAY)",Ongoing Not Active,25,120.07,84.63,5.8,10.24
220100288,JIRIBAM TO IMPHAL (TUPUI)(NL)(NEFR),Ongoing Not Active,40,3371.26,3318.31,29.96,15.45
220100303,"HAJIPUR-SUGAULI VIA VAISHALI (NL), ECR",Ongoing Not Active,40,248.07,109.41,149.95,58.82
220100304,"KOSI BRIDGE (NL), ECR (EAST CENTRAL RAILWAYS)",Ongoing Not Active,33,13.32,17.06,73.49,27.45
220100305,"KODERMA-TILAIYA (NL), ECR",Ongoing Not Active,40,106.85,44.79,193.34,65.32
220100307,"RAIL-CUM-ROAD BRIDGE AT MUNGER (NL), ECR (EAST CENTRAL RAILWAYS)",Ongoing Not Active,16,211.12,242.82,26.73,29.51
220100315,"RANGIA-MURKONGSELEK, (GC) ALONG WITH LINKED FINGERS NEFR (NORTH EAST FRONTIER RAILWAY)",Ongoing Not Active,13,403.39,276.95,3.21,3.4
220100316,MAHARAJGANJ-MASRAKH (NL) - NER (NORTH EASTERN RAILWAY),Ongoing Not Active,25,25.81,32.17,3.31,1.61
220100317,KICHHA-KHATIMA (NL) - NER,Ongoing Not Active,16,17.5,15.7,48.12,17.07
220100319,HATHUA-BHATNI (N L) (NER),Ongoing Not Active,33,68.41,59.91,1.71,4.11
220100322,PRATAPNAGAR-CHOTA UDAIPUR (GC) (WR)(WESTERN RAILWAY),Ongoing Not Active,3,,,,
220100324,CHHINDWARA - NAGPUR (GC)(SECR) (SOUTH EAST CENTRAL RAILWAY),Ongoing Not Active,32,129.97,74.18,1.54,0.86
220100328,TALCHER- BIMALAGARH(NL)(ECOR),Ongoing Not Active,40,161.13,130.96,20.21,13.08
220100329,RAICHUR-GUNTAKAL(DL)(SCR) (RAIL VIKAS NIGAM LTD.),Ongoing Not Active,21,84.11,94.13,22.41,12.38
240100207,"SILCHAR-UDARBAND (PH.II) HN-54, KM.309 TO KM.275 (NATIONAL HIGHWAYS AUTHORITY OF INDIA)",Ongoing Not Active,15,40.31,31.98,28.11,30.85
240106205,"HAPUR-GARHMUKTESWAR (OTHERS) KM.58-93, NH-24 (NATIONAL HIGHWAYS AUTHORITY OF INDIA)",Ongoing Not Active,9,10.76,10.32,3.11,3.79
240106216,"GAGODHAR-GARAMORE(PK-IV,NH15) KM 245 TO 281.3 AND 308 TO 254(NATIONAL HIGHWAYS AUTHORITY OF INDIA)",Ongoing Not Active,3,,,,
240106221,"GANGA BRIDGE TO RAMDEVI CROSSING PH.II NH-25, KM.75-80.06 (NATIONAL HIGHWAYS AUTHORITY OF INDIA)",Ongoing Not Active,16,23.22,26.09,35.23,34.5
240106226,"BIJNI TO ASSAM/WB BORDER PH.II, KM.30.00 TO 0.00, NH-31 C (NATIONAL HIGHWAYS AUTHORITY OF INDIA)",Ongoing Not Active,17,12.92,30.69,43.93,52.09
240106235,VIJAYAPUR TO PATHANKOT (J&K) NH-1A KM.16.35 TO KM.50.00(NATIONAL HIGHWAYS AUTHORITY OF INDIA),Ongoing Not Active,4,27.39,18.6,0.67,0.74
240106236,VIJAYAPUR TO PATHANKOT (NS-35/J AND K) NH-1A KM.50 TO KM.80 (NATIONAL HIGHWAYS AUTHORITY OF INDIA),Ongoing Not Active,10,19.29,19.04,7.71,10.03
240106237,"PATHANKOT- BHOGPUR, KM.26-KM.70, NS-38 NH-1A (NATIONAL HIGHWAYS AUTHORITY OF INDIA)",Ongoing Not Active,9,12.65,17.82,22.93,23.95
240106243,"KOTWA TO DEWAPUR(10 LMNHP),NH-28 PHASE-II, KM.440 TO KM.402 (NATIONAL HIGHWAYS AUTHORITY OF INDIA)",Ongoing Not Active,9,11.75,6.33,20.89,21.92
240106244,"DEEWAPUR TO UP/BIHAR BORDER (LMNHP-9)- NH-28, KM.402-360.915",Ongoing Not Active,15,18.85,6.72,8.15,8.74
240106246,"GORAKHPUR-AYODHYA (LMNHP-5),NH-28, KM.208.00 TO KM.164.00(NATIONAL HIGHWAYS AUTHORITY OF INDIA)",Ongoing Not Active,2,,,,
240106250,"ORAI TO JHANSI (UP-5),NH-25, KM.220.0 TO KM.170.0 (NATIONAL HIGHWAYS AUTHORITY OF INDIA)",Ongoing Not Active,7,1.53,0.72,0.75,2.25
240106260,"AURANG-RAIPUR, NH-6, KM.232 TO KM.281 (NATIONAL HIGHWAYS AUTHORITY OF INDIA)",Ongoing Not Active,9,18.21,13.9,20.82,19.99
240106276,"MADURAI-ARUPKOTTAI-TUTICORIN, KM.138.8 TO KM.264.5, NH-45 B(NATIONAL HIGHWAYS AUTHORITY OF INDIA)",Ongoing Not Active,2,,,,
240106277,"HARANGAJO TO MAIBANG (AS-23), KM.126.450 TO KM.140.700 (NATIONAL HIGHWAYS AUTHORITY OF INDIA)",Ongoing Not Active,33,104.17,111.43,38.62,44.25
240106278,"MAIBANG TO LUMDING (AS-25), KM.83.400 TO KM.111.000",Ongoing Not Active,33,43.34,48.06,41.46,33.97
240106279,"MAIBANG TO LUMDING (AS-26), KM.60.500 TO KM.83.400, NH-54",Ongoing Not Active,33,89.43,94.92,44.92,28.1
240106280,"MAIBANG TO LUNDING (AS-24), KM.111.000 TO KM.126.450",Ongoing Not Active,33,30.91,23.57,42.15,29.83
240106281,"MAIBANG TO LUMDING (AS-27), KM.40.000 TO KM.60.500 (NATIONAL HIGHWAYS AUTHORITY OF INDIA)",Ongoing Not Active,23,20.69,20.34,7.71,12.37
240106288,DAKOBA TO NAGAON (NH-36)(NHAI)(NATIONAL HIGHWAYS AUTHORITY OF INDIA),Ongoing Not Active,5,12.36,8.98,1.95,0.08
240106290,BIJNI TO ASSAM WB BORDER (NH-31.C)(1)(NHAI) (NATIONAL HIGHWAYS AUTHORITY OF INDIA),Ongoing Not Active,17,18.8,12.9,26.46,34.99
240106291,KASIA TO GORAKHPUR (NH-28)(NHAI)(NATIONAL HIGHWAYS AUTHORITY OF INDIA),Ongoing Not Active,3,,,,
240106294,FORBESGANJ TO SIMRAHI (NH-57)(NHAI) (NATIONAL HIGHWAYS AUTHORITY OF INDIA),Ongoing Not Active,17,13.96,14.59,32.65,33.91
240106297,"KOTA BYPASS,RJ-4, NH-76 (NHAI) (NATIONAL HIGHWAYS AUTHORITY OF INDIA)",Ongoing Not Active,15,13.65,4.62,41.89,44.14
240106300,"LALITPUR TO SAGAR KM 132 TO KM 187, NH-26 (NHAI)(NATIONAL HIGHWAYS AUTHORITY OF INDIA)",Ongoing Not Active,4,12.36,8.98,0.01,1.25
240106301,"SAGAR BY PASS,KM 187 TO KM 211 , NH-26 (NHAI)(NATIONAL HIGHWAYS AUTHORITY OF INDIA)",Ongoing Not Active,5,39.2,35.99,0.85,1.67
240106303,"SAGAR - RAJMARG CHORAHA,KM 211 TO KM 255, NH-26 (NHAI)",Ongoing Not Active,6,15.87,13.9,0.79,0.86
240106304,"RAJMARG CHORAHA TO LAKHNANDON,KM 297 TO KM 351, NH-26 (NHAI) (NATIONAL HIGHWAYS AUTHORITY OF INDIA)",Ongoing Not Active,15,13.01,5.01,22.06,25.43
240106305,"RAJMARG CHORAHA TO LAKHNANDON,KM 351 TO KM 405.7, NH-26 (NHA",Ongoing Not Active,6,11.87,10.8,1.12,0.72
250100112,ESTABLISHMENT OF VESSEL TRAFFIC SERVICES IN GULF OF KUTCH,Ongoing Not Active,3,,,,
250100175,SETHUSAMUDRAM SHIP CHANNEL PROJECT,Ongoing Not Active,25,38.69,35.58,9.25,2.25
260100099,PROJ.III OF NIB-II OF MESSAGING STORAGE(BHARAT SANCHAR NIGAM LIMITED),Ongoing Not Active,5,4.2,32.0,8.22,8.08
400006,Jharsuguda-Barpali-Sardega Ph II Works- Rail Connectivity for Coal Loading Bulb at Barpali.,Ongoing Active,2,,,,
400010,"Construction of Terminal Building & Associated works at Leh Airport, Ladakh",Ongoing Active,21,72.0,79.71,7.69,11.86
400012,Kandla Gorakhpur LPG Pipeline,Ongoing Active,3,,,,
400013,Saturation 4G mobile coverage of Uncovered Villages through USOF,Ongoing Active,3,,,,
400018,HURA C OCP,Ongoing Active,6,13.64,32.07,1.17,6.87
400019,DHULE [BORVIHIR] - NARDANA NEW LINE [50.60 KMS],Ongoing Active,8,69.6,65.21,1.04,1.43
400022,Taranga Hill-Abu Road via Ambaji,Ongoing Active,8,334.08,293.22,5.24,10.56
400023,Construction of New BG line between Hassan to Belur [27 Km],Ongoing Active,8,572.87,593.43,17.22,19.9
400033,BHATADI EXPANSION OC,Ongoing Active,11,82.1,77.56,4.37,8.06
400035,"Grass Root Rail-fed Depot at Sekerkote, Agartala as resitement of existing Dharmanagar Depot",Ongoing Active,9,32.1,18.62,9.28,9.23
400043,Laying of POL Pipelines in Common Corridor for proposed grass root terminal at Vallur [Chennai],Ongoing Active,11,50.21,86.51,14.92,13.47
400045,Proposed 6 nos Road Over Bridge [ROB] at different locations under MCL Talcher Under Deposit Scheme.,Ongoing Active,3,,,,
400047,Doubling of Lingaraj SILO connectivity of NTPC line and augmentation of NTPC exchange yard and NTPC Block Cabin.,Ongoing Active,2,,,,
400048,Doubling of lines connecting the loading spurs in Talcher Yard.,Ongoing Active,13,30.94,35.61,7.57,9.81
400074,KARO EXPANSION OCP,Ongoing Active,13,154.9,179.23,23.94,23.59
400077,"Grass root POL Terminal at Vallur, Chennai",Ongoing Active,12,80.96,100.88,10.57,8.34
400078,New Mundra Panipat Crude Oil Pipeline,Ongoing Active,13,390.03,324.45,11.81,12.45
400081,"National Sports University [NSU], Imphal [Manipur]",Ongoing Active,2,,,,
400087,Redevelopment of Sobhasan Complex,Ongoing Active,13,126.59,104.91,17.88,19.0
400093,Saryu Nahar CADWM Project,Ongoing Active,3,,,,
400095,Gosikhurd CADWM Project,Ongoing Active,3,,,,
400096,Omkareshwar CADWM Project,Ongoing Active,3,,,,
400097,Sardar Sarovar CADWM Project,Ongoing Active,3,,,,
400100,Sardar Gouthu Latchanna Thotapalli Barrage Project,Ongoing Active,3,,,,
400101,Gundlakamma project,Ongoing Active,3,,,,
400102,Sri Ram Sagar Project Stage - II,Ongoing Active,3,,,,
400103,Indiramma Flood Flow Canal Project,Ongoing Active,3,,,,
400104,Punpun Barrage Project,Ongoing Active,3,,,,
400105,Urmodi Irrigation Project,Ongoing Active,3,,,,
400107,Sulwade-Jamphal-Kanoli Lift Irrigation Scheme,Ongoing Active,3,,,,
400109,Purna Barrage-2 [Ner Dhamana] Medium Irrigation Project,Ongoing Active,3,,,,
400111,Kelo Irrigation Project,Ongoing Active,3,,,,
400112,Jigaon Irrigation Project,Ongoing Active,3,,,,
400115,Bargi Diversion Project Phase - IV [km. 154 to km 197],Ongoing Active,3,,,,
400116,Bargi Diversion Project Phase - III [km. 104 to km 154],Ongoing Active,3,,,,
400120,KG-DWN-98/2 Cluster - II Development Project - NELP Block,Ongoing Active,28,5519.7,6793.31,16.01,15.53
400121,"Construction of Screening Plant-II for Donimalai and Kumaraswamy Iron Ore Mining Complex of NMDC Limited at Ballari Dt, Karnataka.",Ongoing Active,4,0.79,30.62,20.47,11.43
400136,SANGHMITRA OC,Ongoing Active,3,,,,
400138,CHANDRAGUPT OCP,Ongoing Active,13,119.02,156.56,51.95,46.26
400139,KOTRE BASANTPUR PACHMO OCP,Ongoing Active,13,41.6,78.37,52.44,46.97
400142,Pachwara South Coal Block,Ongoing Active,16,279.91,329.96,26.24,24.37
400144,PORDA CHIMTAPANI OCP [10 MTY],Ongoing Active,15,744.19,730.09,21.6,22.26
400148,AMADAND OCP[4.0MTY],Ongoing Active,29,161.17,193.45,17.98,18.31
400149,BAROUD OC EXPANSION [3.0-10.0M,Ongoing Active,15,432.84,445.67,25.27,25.26
400150,RPR MAGADH EXP OCP,Ongoing Active,3,,,,
400151,NORTH URIMARI EXPANSION OCP,Ongoing Active,13,56.5,50.67,25.42,30.0
400152,RAMPUR BATURA OCP [4.0MTY],Ongoing Active,12,269.11,318.79,22.49,25.08
400153,EPR ROHINI - KARKETTA OCP,Ongoing Active,13,277.13,270.06,23.83,23.4
400154,EPR PUNDI OCP,Ongoing Active,13,113.39,141.91,19.94,20.16
400155,EPR ASHOK OC,Ongoing Active,3,,,,
400156,EPR AMRAPALI OCP,Ongoing Active,13,942.21,1051.23,25.44,26.17
400161,"PP Project, Pata",Ongoing Active,2,,,,
400162,BLOCK B EXPANSION  [3.5 TO 8.0,Ongoing Active,20,114.3,123.13,12.8,13.76
400165,SUBHADRA OCP,Ongoing Active,13,81.24,142.36,52.44,51.95
400166,SIARMAL OCP,Ongoing Active,33,687.86,765.13,15.96,16.98
400168,"500 KTA PDHPP Project, Usar",Ongoing Active,3,,,,
400169,Redevelopment of Linch Field,Ongoing Active,14,109.12,94.1,14.1,17.14
400171,2G Ethanol Biorefinery at Bathinda,Ongoing Active,16,75.41,80.97,8.78,8.21
400172,CHITRA EAST OC,Ongoing Active,22,108.94,102.8,18.18,18.47
400173,MOHANPUR EXPANSION OC -PHASE I,Ongoing Active,13,223.69,233.86,30.04,30.62
400174,"New Sinter Plant at BSL, SAIL",Ongoing Active,32,241.9,276.49,24.87,19.5
400177,AMALGAMATED YEKONA I & YEKONA,Ongoing Active,30,42.93,34.4,20.14,19.32
400178,DINESH[MAKARDHOKRA-III] OC,Ongoing Active,12,101.58,77.69,16.84,18.44
400180,BONJEMEHARI EXPANSION OCP,Ongoing Active,13,103.42,84.63,24.98,28.5
400182,SIDULI [OC & UG],Ongoing Active,22,144.94,129.22,26.13,25.56
400185,GOPALJI KANIHA OCP [10 TO 30 M,Ongoing Active,13,924.61,1092.15,24.87,24.62
400186,TILABONI UG,Ongoing Active,6,141.79,69.37,4.4,2.05
400187,INTEGRATED LAKHANPUR-BELPAHAR-,Ongoing Active,21,199.2,136.16,23.54,21.71
400188,Redevelopment of Seven General Pool Residential Accommodation [GPRA] Colonies in Delhi,Ongoing Active,3,,,,
400192,Tubed Coal Mine,Ongoing Active,3,,,,
400203,Dharamjaigarh-Korba,Ongoing Active,3,,,,
400204,Bahraich-Shravasti-Balrampur-Siddharthnagar -Santkabir nagar,Ongoing Active,8,727.98,694.81,25.09,19.5
400205,Sahjanwa-Dohrighat,Ongoing Active,8,93.81,164.73,15.33,5.45
400220,Kharsia-Dharamjaygarh with Spur line [East Corridor-Phase 1],Ongoing Active,23,231.62,209.79,11.92,11.7
400223,Nagapattinam-Tiruturaipundi and Karaikal-Peralam New Line,Ongoing Active,8,34.9,15.45,67.71,54.07
400231,NLC Talabira Thermal Power Project,Ongoing Active,7,632.37,528.26,3.75,0.7
400232,Brundamal-Jharsuguda- flyover connection for joining downline,Ongoing Active,8,6.02,14.16,16.02,11.45
400234,"Multi-States (Bihar, Jharkhand) 11/2016 (08/2018) 02/2026 (03/2026) (07/2026)",Ongoing Not Active,2,,,,
400247,Kalinarayanpur-Krishnanagar Doubling Alongwith Krishnanagar - Chapra New Line And Naihati-Ranaghat 3rd Line.,Ongoing Active,8,20.16,142.6,66.71,70.45
400259,Ghatampur Thermal Power Plant 3 X 660 MW,Ongoing Active,28,4368.87,3805.48,11.45,10.95
400271,Wardha-Nanded Via Yavatmal New BG Line,Ongoing Active,39,309.31,288.42,48.67,41.06
400275,Tindivanam-Nagari New Line Project [184.5 km],Ongoing Active,43,1100.87,1191.24,42.69,29.96
400277,Dum Dum Airport-New Garia via Rajarhat-Construction of Metro Railway,Ongoing Active,45,930.39,1327.98,39.21,33.43
400298,Nadikudi - Srikalahasti New Line,Ongoing Active,37,547.39,578.62,28.48,26.28
400299,Pottangi Bauxite Mines Project,Ongoing Active,11,64.46,82.33,10.05,13.29
400301,Multi Product Pipeline from Irugur to Devangonthi,Ongoing Active,29,221.29,202.37,16.3,15.6
400312,JHANJRA EXPANSION UG,Ongoing Active,13,159.96,209.7,29.65,30.0
400313,Master Plan for Jharia and Raniganj Coalfields,Ongoing Active,22,1109.45,1223.99,60.78,52.75
400315,SONEPUR BAZARI EXPANSION OCP [,Ongoing Active,13,1061.44,1283.18,23.96,23.31
400321,NIGAHI EXPANSION [15 TO 25 MTP,Ongoing Active,15,246.59,280.87,14.12,16.91
400352,JHARKHAND-LAIYO OCP,Ongoing Active,13,180.48,197.74,50.36,48.68
400353,DHUPTALA OC [SASTI UG TO OC ],Ongoing Active,13,149.27,159.23,17.76,19.52
400354,DIPKA EXPANSION OCP [40 MTY],Ongoing Active,15,1387.17,1330.35,12.94,13.91
400369,BINA KAKRI AMALGAMATION EXPANS,Ongoing Active,17,33.59,33.06,12.22,13.2
400382,Rewas Port Project,Ongoing Active,3,,,,
400392,BHARATPUR RE-ORGANIZATION OCP,Ongoing Active,20,247.9,277.02,30.03,28.57
400416,Shivpur-Kathautia New Rail [BG] Line [49 km] [Package II of Tori-Shivpur-Kathautia line],Ongoing Active,3,,,,
400425,MOONIDIH XV SEAM UG,Ongoing Active,44,118.29,125.1,20.53,18.2
400426,Expansion of Malanjkhand Copper Project,Ongoing Active,9,77.55,117.51,11.58,11.82
602098,"Construction of Permanent Campus for IIM Jammu Phase-1 at Jagti, Nagrota, Jammu, J&K",Ongoing Active,20,18.79,21.28,9.52,14.9
602099,Establishment of Permanent campus Phase 1 of IIM Sirmaur,Ongoing Active,16,25.29,26.5,9.27,11.83
602181,"TEESTA-VI HE PROJECT, SIKKIM [500 MW], executed by LANCO TEESTA HYDRO POWER LIMITED [A wholly owned Subsidiary of NHPC LTD. acquired through NCLT]",Ongoing Active,13,900.66,926.88,18.81,17.33
602182,Dibang Multipurpose Project,Ongoing Active,9,788.42,2022.28,12.28,1.69
602185,Tapovan-Vishnugad HEP [4x130 MW],Ongoing Active,45,557.47,1066.98,34.27,30.38
602223,Comprehensive Scheme for Strengthening of Transmission and Distribution [T&D] Systems [CSST&DS] in Arunachal Pradesh and Sikkim,Ongoing Active,27,1116.98,1257.4,19.47,18.87
602525,"Pakal Dul [Drangdhuran] Hydroelectric Project, 1000 MW",Ongoing Active,31,1568.77,1479.07,19.19,17.02
602532,Kiru HE Project,Ongoing Active,16,1134.4,1151.37,18.3,18.27
602535,"Ratle HE Project - 850 MW, Ratle Hydroelectric Power Corporation Limited.",Ongoing Active,13,942.87,928.23,20.57,19.15
602538,Installation of FGD for 4x210 & 2x250 MW MTPS U 1-6,Ongoing Active,3,,,,
602582,Dhaulasidh Hydro Electric Project [66 MW],Ongoing Active,14,232.21,206.16,15.17,15.57
602593,Luhri Stage-I Hydro Electric Project [210 MW],Ongoing Active,15,501.34,485.46,20.53,21.68
602797,"Sainthia, Sitarampur, Mughalsarai, Allahabad & Etawah - Bypass Line Project",Ongoing Active,5,50.62,38.54,5.6,0.28
602961,Talcher Thermal Power Station Stage III [2 x 660 MW] Expansion,Ongoing Active,9,747.13,1148.56,0.86,1.42
603293,Badam Coal Mining project of NTPC,Ongoing Active,8,63.04,44.97,0.64,2.48
604791,Numaligarh Refinery Expansion Project,Ongoing Active,17,1916.92,1842.51,4.55,5.21
604795,CBR 9 MMTPA Project,Ongoing Active,12,12767.5,11124.18,22.29,21.59
604833,"Andheri Residential Towers, Mumbai",Ongoing Active,8,8.23,6.45,51.17,60.16
604852,"Grass-root Terminal at Mirzapur, Uttar Pradesh",Ongoing Active,8,83.34,86.76,2.24,2.38
604853,"Indian Oil Technology Development and Deployment Centre at R&D Campus-II, Faridabad",Ongoing Active,20,303.67,369.37,9.88,10.76
604859,Integrated Para Xylene [PX] and Purified Terephthalic Acid [PTA] Project at Paradip Refinery,Ongoing Active,17,5632.94,5654.31,9.85,10.15
604863,Development of Surface Facilities for production and evacuation of Crude Oil and Natural Gas from Nadua and East Khagorija,Ongoing Active,24,85.35,82.99,8.83,9.04
605155,Kwar HE Project,Ongoing Active,9,127.23,175.78,2.29,1.63
605156,Rangit-IV HE Project [120 MW]  executed by Jal Power Corporation Ltd. [JPCL] - A wholly owned subsidiary of NHPC Ltd. acquired through NCLT,Ongoing Active,13,160.19,226.96,15.49,15.55
605292,"Construction of Permanent Campus of Indian Institute of Management [IIM] Amritsar, Punjab, Phase-I",Ongoing Active,18,16.34,25.14,7.68,8.02
606013,Additional Campus  of NITPatna,Ongoing Active,3,,,,
606112,Tezpur University Projects,Ongoing Active,3,,,,
606479,Banaras Hindu University [ Kayakalp of Institute of Medical Sciences],Ongoing Active,3,,,,
607701,"Guwahati Refinery Expansion [1.0 to 1.2 MMTPA] along with installation of CRU, Guwahati Refinery",Ongoing Active,13,65.43,69.37,8.82,12.51
607709,NORTH EASTERN REGION POWER SYSTEM IMPROVEMENT PROJECT [NERPSIP],Ongoing Active,27,773.29,509.46,15.44,14.37
609019,"HEFA projects on development of student hostels, playgrounds, departmental buildings, class room complex and other campus facilities in IIT Kharagpur",Ongoing Active,17,49.55,47.65,9.26,8.87
609424,"Development of Container Terminal at Tuna-Tekra, Deendayal Port on BOT Basis Under PPP Mode",Ongoing Active,3,,,,
609736,"Construction of Sikkim University Campus Phase-I Package-II at Yangang, South Sikkim",Ongoing Active,10,52.82,37.08,7.97,4.26
609996,Construction of Precast housing and hostels at IIT Hyderabad,Ongoing Active,3,,,,
610315,IISER BERHAMPUR,Ongoing Active,3,,,,
610984,Development of Jharia CBM Block [Phase-1],Ongoing Active,12,10.52,25.36,16.93,18.84
611016,2.0 MTPA BHOJUDIH NLW WASHERY,Ongoing Active,17,32.19,42.56,10.03,9.93
611017,2.5 MTPA PATHERDIH NLW WASHERY,Ongoing Active,17,48.7,61.97,13.62,12.79
611047,"Construction of NTB complex including apron, taxi track and other associated civil works and electrical & mechanical installations towards Tawi River side at CA Jammu.",Ongoing Active,7,33.8,63.23,3.35,2.2
611495,Development of New Civil Enclave at Bagdogra Airport,Ongoing Active,5,70.79,92.71,1.09,1.18
611509,"Koderma Thermal Power Station Phase II [2X800 MW] At Koderma, Jharkhand",Ongoing Active,3,,,,
611570,"SITC of ATM Automation System and ASMGCS [Including SMR & MLAT] for Mumbai, Navi Mumbai, Jewar [earlier MOPA, without ASMGCS], HIAL & BIAL",Ongoing Active,3,,,,
611586,Sunni Dam Hydro Electric Project [382 MW],Ongoing Active,10,125.46,304.66,4.09,6.95
611602,"Modernization of Chennai Airport, Phase II, Part 2",Ongoing Active,21,575.76,698.29,7.84,7.97
611669,NER Provision of Automatic Block Signalling on Gorakhpur Cantt[Excl]  Chhapra Gramin & Burhwal Jn [Excl]  Sitapur Jn section of high density routes,Ongoing Active,3,,,,
611698,240MW Heo HE Project,Ongoing Active,3,,,,
611699,186 MW Tato-I H E Project,Ongoing Active,3,,,,
611751,AURANGABAD-ANKAI - DOUBLING PROJECT 98.25 Km,Ongoing Active,3,,,,
611752,GOOTY-PENDEKALLU DOUBLING  29.225 Km,Ongoing Active,8,73.19,66.61,1.7,1.82
611849,Devgarh Madariya - Nathdwara Gauge Conversion [82.54 Km] part of Marwar - Mavli Gauge Conversion [152 Km],Ongoing Active,8,235.43,229.14,53.41,45.45
611861,Rewari - Kathuwas Doubling Project [27.72 Km],Ongoing Active,8,26.65,20.91,2.16,1.54
611864,AMALAGAMATED NTST KUJAMA OCP 8.5MTY,Ongoing Active,6,159.58,332.86,2.88,1.72
611884,Bhiwani - Dobh Bahali Doubling Project [42.30 Km],Ongoing Active,8,6.69,17.17,1.02,2.56
611917,Poly Butadiene Rubber plant at Panipat,Ongoing Active,11,128.98,61.28,10.49,13.6
611918,Kosamba Umarpada 70 Km,Ongoing Active,3,,,,
611927,Kurnool - Setting up facilities for coach midlife rehabilitation workshop,Ongoing Active,3,,,,
611929,Maintenance cum workshop depot for Vande Bharat Sleeper Trains as per conditions under WTA 527,Ongoing Active,3,,,,
611930,Lara Super Thermal Power Project Stage-II [2 x 800 MW],Ongoing Active,7,1847.05,2154.26,3.02,2.7
611943,New Broad Gauge line between Naliya to Jakhau Port,Ongoing Active,8,169.07,54.63,1.98,2.72
611944,Quadrupling between Gandhidham Adipur with Y connection at Adipur for providing direct entry towards Mundra Port and Bhuj and high level platform at Gopalpur 11Kms,Ongoing Active,7,54.75,35.54,6.32,6.95
611945,Petlad Bhadran 23 Kms,Ongoing Active,8,151.62,75.64,4.34,5.21
611947,Transmission System for Evacuation of Power from REZ in Rajasthan 20GW under Phase III- Part E2,Ongoing Active,7,100.68,90.64,9.89,6.78
611948,Transmission system for evacuation of power from REZ in Rajasthan 20 GW under Phase-III part H,Ongoing Active,7,146.03,135.17,12.8,19.25
611949,Transmission system for evacuation of power from REZ in Rajasthan 20 GW under Phase-III part C1,Ongoing Active,7,318.74,316.21,11.01,16.11
611951,Transmission system for evacuation of power from REZ in Rajasthan 20GW under Phase-III Part E1,Ongoing Active,7,90.0,78.64,10.92,22.23
611957,"Phase III A works at IIT Indore [03 Hostels, 01 Studio Apartment, 01 Housing, Heavy & Sophisticated lab complex, Academic POD and  Infrastructure for center of excellence]",Ongoing Active,3,,,,
611963,"Construction & Development of Infrastructural Facilities in the main campus of NIT Uttarakhand at Sumari, Pauri Garhwal",Ongoing Active,3,,,,
611966,Transmission System for Evacuation of power from Potential RE Zone in Khavda Area of Gujarat under phase IV 7GW-Part E4,Ongoing Active,7,66.65,72.04,4.18,2.87
611967,Transmission Scheme for Solar Energy Zone in Ananthpuram 2500MW and Kurnool 1000MW,Ongoing Active,7,225.12,221.5,11.12,15.63
611970,Samlaya Timba Road 54 km,Ongoing Active,8,182.59,128.59,14.51,7.87
611971,Samni Jambusar 24 km,Ongoing Active,8,105.65,73.91,6.23,6.79
611974,Western Railway Samakhiali Gandhidham Quadrupiling 53 Kms,Ongoing Active,3,,,,
611977,Dahod Creation of Infrastructure facilities for 9000 HP Electric locomotives Manufacturing  at,Ongoing Active,3,,,,
611978,Dahod Rolling Stock Workshop Provision of Infrastructure for CBS at,Ongoing Active,3,,,,
611979,Sabarmati  Setting up of Maintenance Facilities for Train Sets Phase ii,Ongoing Active,3,,,,
612072,4th LINE BETWEEN BAREJADI NANDEJ-SANAND-AHMEDABAD BYPASS,Ongoing Active,8,48.51,40.96,3.91,6.03
612096,Construction of Balurghat-Hilli new BG Line,Ongoing Active,39,255.71,312.9,41.3,30.74
612128,Hostel blocks & dining hall block,Ongoing Active,3,,,,
612132,Transmission Scheme for Evacuation of power from REZ in Rajasthan [20 GW] under Phase-III Part D Phase I [Sikar Khetri Transmission Ltd],Ongoing Active,6,291.06,305.02,9.25,7.55
612133,Transmission System for Evacuation of power from Rajasthan REZ Ph-IV [Part-1] [Bikaner Complex] Part D [Neemrana Bareilly Transmission Ltd],Ongoing Active,6,667.96,696.23,2.9,1.45
612134,Transmission System for Evacuation of power from Rajasthan REZ Ph-IV [Part-1] [Bikaner Complex] Part A [Bikaner Neemrana  Transmission Ltd],Ongoing Active,6,1245.23,1211.93,7.28,0.73
612138,"Transmission Scheme for Solar Energy Zone in Bidar [2500 MW], Karnataka [Bidar Transmission Ltd]",Ongoing Active,6,422.61,405.45,13.39,10.05
612139,Transmission system for Evacuation of Additional 7 GW RE power from Khavda RE park under Phase-III Part B [Vataman Transmission Limited],Ongoing Active,6,496.98,528.39,6.54,3.43
612140,Transmission Scheme for Integration of Renewable Energy Zone [Phase II] in Koppal II [Phase A&B] and gadag II[Phase A] in Karnataka [POWERGRID KOPPAL GADAG TRANSMISSION LIMITED],Ongoing Active,6,1397.85,1385.77,12.16,6.76
612142,"Singrauli Super Thermal Power Project, Stage-III [2x800 MW]",Ongoing Active,7,712.52,605.15,5.57,4.86
612151,Transmission System for Evacuation of Power from potential Renewable Energy zone in Khavda Area of Gujarat under Phase IV [7 GW] Part E3,Ongoing Active,6,107.59,108.22,7.63,3.35
612167,"Construction of 350 beds + 50 Super Specialty beds ESIC Hospital Sheelanagar, Visakhapatnam, Andhra Pradesh",Ongoing Active,2,,,,
612186,350 Bedded [Upgradable to 500 beds] ESI Hospital at Sanand,Ongoing Active,2,,,,
612188,"Construction of 200 Bedded [Upgradable to 500 Bedded including 50 beds of SST] ESIC Hospital at Bibewadi, Pune",Ongoing Active,5,28.03,15.37,13.44,5.63
612194,Development of New Civil Enclave and associated works at Darbhanga Airport,Ongoing Active,6,8.13,34.17,1.3,1.37
612201,"Construction of 200 bedded ESIC Hospital with 62 Nos Staff quarters , Beltola",Ongoing Active,2,,,,
612211,"Demolition, Construction and upgradation of ESI Hospital, Kalol, Gujarat from 50 beds to 150 beds.",Ongoing Active,2,,,,
612213,"Construction of 200 Bedded ESIC Hospital at Butibori, Nagpur, Maharashtra.",Ongoing Active,2,,,,
612259,CONSTRUCTION OF 300 BEDDED HOSPITAL AT HARIDWAR,Ongoing Active,2,,,,
612513,"Construction of 100 Bedded ESI Hospital at Duburi, Odisha.",Ongoing Active,2,,,,
612745,"Construction of 200 bed ESI Hospital at Bommasandra, Karnataka",Ongoing Active,2,,,,
612748,"Construction of 100 bed ESI Hospital and Staff Quarters [32 Nos.] at Harohalli, Karnataka",Ongoing Active,2,,,,
612781,Rebuilding of COB 4 at Durgapur Steel Plant,Ongoing Active,7,99.71,99.47,7.04,5.81
612786,"Construction of New Domestic Terminal Building Building and miscellaneous works including maintenance, operations and AICMC at Kadapa Airport",Ongoing Active,7,56.46,45.25,0.71,0.6
612787,Construction of New Domestic Terminal Building and Miscellaneous works at Hubli Airport,Ongoing Active,7,54.14,47.65,3.34,3.28
612788,Construction of New Domestic Terminal Building and Miscellaneous Works at Belagavi Airport.,Ongoing Active,6,1.72,15.04,7.27,4.24
612789,"Development of additional RESA on either end on Runway 10-28  at Calicut Airport. Construction of embankment with slope protection, drainage system and associated works for additional RESA on either end on Runway 10-28",Ongoing Active,6,8.78,14.65,4.43,4.85
612790,Power System Upgradation Project,Ongoing Active,7,40.16,30.74,4.55,1.3
612791,"Re-Construction of Rigid portions of Secondary Runway, K and  A Taxiway and Strengthening of C Taxiway at NSCBI Airport Kolkata.",Ongoing Active,7,72.58,76.06,0.63,1.46
612793,"Widening of basic strip at Western Side of Runway Chainage 80m to 920m i/c slope stabilization Measures [Balance work] of uphill and Improvement of Storm Water Drainage System at Pakyong Airport, Sikkim on design & build basis [EPC] with integrated 10 years maintenance.",Ongoing Active,6,72.0,41.67,7.23,8.46
612815,4th line between Nipania Bhatapara 14.4 Km,Ongoing Active,8,132.91,82.24,0.79,1.24
612816,ITAPARA OCP,Ongoing Active,6,112.4,63.65,4.49,1.77
612827,Flyover between Pendurthi and Simhachalam North to avoid surface crossing at Simhachalam  7.135 km    PB 73 of 2023  24 NR,Ongoing Active,3,,,,
612834,3rd & 4th line between Sarla - Sason [8 km] [PB 73/2023-24/NR],Ongoing Active,3,,,,
612845,Gauge Conversion of Pachora-Jamner with Extension upto Malkapur [Bodwad] [84.34 Kms],Ongoing Active,7,315.57,532.88,56.77,57.35
612855,Transmission System for Evacuation of Power from Potential Energy Renewable Zone in Khavda Area of Gujarat under Ph-IV [7GW] Part E2,Ongoing Active,5,109.11,96.98,3.89,1.51
612856,Augmentation of 1x1500 MVA 3rd  765/400 kV transformation capacity at Kurnool New Substation,Ongoing Active,5,26.81,10.17,2.22,1.11
612876,"Construction of Permanent Campus for NIT Mizoram at Lengpui, Aizawl",Ongoing Active,3,,,,
612877,Establishment of NIT Puducherry Permanent Campus [Phase-I and Phase-II],Ongoing Active,3,,,,
612883,Establishment of Permanent Campus of NIT SIkkim at Khamdong-Gangtok District,Ongoing Active,3,,,,
612885,Construction and Developement of National Institute of Technology Meghalaya Permanent Campus at Sohra,Ongoing Active,20,27.77,28.71,18.1,16.81
612894,"Construction of Permanent Campus of Central University of Himachal Pradesh at Dehra, District - Kangra, [H.P.] on Engineering. Procurement and Construction [EPC Mode 1] Basis.",Ongoing Active,8,9.59,13.29,1.92,3.52
612898,Construction of Permanent Campus of National Institute of Technology Arunachal Pradesh,Ongoing Active,3,,,,
612916,"Construction of permanent campus of Central University of Gujarat at Village kundhela, Dist. Vadodara, Gujarat.",Ongoing Active,3,,,,
613002,Redevelopment of Chennai Egmore Station,Ongoing Active,3,,,,
613003,Dharamjaigarh-Korba 63 km (CERL),Ongoing Not Active,2,,,,
613008,Construction of Permanent Campus of Central Tribal University of Andhra Pradesh Phase-1,Ongoing Active,3,,,,
613013,Establishment of NIT Nagaland,Ongoing Active,3,,,,
613015,Redevelopment of Chhatrapati Shivaji Maharaj Terminus [CSMT] and construction of associated infrastructure,Ongoing Active,3,,,,
613785,Redevelopment of New Delhi Railway Station and construction of associated infrastructure,Ongoing Active,3,,,,
613786,"Redevelopment of Ahmedabad railway station and associated infrastructure on engineering, procurement and construction mode",Ongoing Active,3,,,,
613787,Jamrani Dam Multipurpose Project,Ongoing Active,3,,,,
613794,PARASEA-BELBAID UG PROJECT,Ongoing Active,6,19.1,27.28,1.27,1.82
613798,AMERA OC RCE [1.0 MTY],Ongoing Active,32,92.84,84.9,24.77,22.67
613799,AMGAON OC RCE [1.0 MTY],Ongoing Active,31,38.67,43.58,24.85,25.62
613800,JAGANNATHPUR OC RCE PROJECT,Ongoing Active,13,12.25,12.51,17.8,17.64
613801,MAHAMAYA OCP [1.50 MTY],Ongoing Active,22,46.89,46.98,20.85,20.31
613802,KANCHAN OC EXP,Ongoing Active,32,73.93,83.51,24.95,23.08
613804,RPR TAWA-III UG 0.84 MTY,Ongoing Active,11,120.12,58.53,5.72,4.05
613808,MURAIDIH UG PROJECT,Ongoing Active,44,30.86,32.91,28.12,23.71
615183,KHADIA EXPANSION [10 TO 16 MTP,Ongoing Active,3,,,,
615184,SAONER UG MINE -1 EXPANSION 1.,Ongoing Active,11,17.97,4.99,7.17,12.01
615185,AMALGAMATED DHANKASA & JAMUNIA,Ongoing Active,10,117.39,50.38,1.04,2.73
615186,SASTI  EXPANSION OPENCAST,Ongoing Active,14,107.26,106.66,16.24,16.11
615187,RPR OF VISHNUPURI UG TO OC,Ongoing Active,10,38.29,34.81,10.23,11.12
615188,NEW MAJRI UG TO OC 3 MTY COST,Ongoing Active,10,72.79,59.84,4.18,1.59
615189,MAKARDHOKRA EXPN OC 4.9 MTY,Ongoing Active,11,221.84,273.54,16.48,15.66
615190,SINGHORI DEEP OC MIN 2.0 MTY,Ongoing Active,11,95.61,59.71,5.78,5.89
615191,KATKONA RO UG MINE,Ongoing Active,6,71.75,26.3,4.46,2.48
615192,GOKUL EXTENSION OC MINE,Ongoing Active,8,80.36,35.85,5.48,1.43
615193,BASUNDHARA WEST EXTENSION OPEN,Ongoing Active,33,60.57,61.17,34.53,28.66
615194,URDHAN EXPANSION OC COST PLUS,Ongoing Active,7,83.33,24.26,2.45,5.09
615195,SHARDA UG MINE,Ongoing Active,7,96.07,10.57,3.76,1.46
615199,KOLGAON EXPANSION DEEP OC MINE,Ongoing Active,7,75.48,1.57,3.59,1.42
615330,BALLARPUR NORTH WEST OC MINE,Ongoing Active,5,117.91,13.08,3.35,1.74
615332,Transmission System for Evacuation of Power from Rajasthan REZ Ph-IV [Part-2 5.5 GW][Jaisalmer/Barmer Complex] Part B [SPV Name  POWERGRID Sirohi Transmission Limited],Ongoing Active,5,163.88,161.36,5.25,3.41
615333,Transmission System for Evacuation of Power from Rajasthan REZ Ph-IV [Part-2 5.5 GW] [Jaisalmer/Barmer Complex] Part D [SPV Name POWERGRID Beawar Mandsaur Transmission Limited],Ongoing Active,5,134.98,56.98,0.25,1.94
615334,Transmission System for Evacuation of Power from Rajasthan REZ Ph-IV [Part-2 5.5 GW] [Jaisalmer/Barmer Complex] Part E [SPV Name POWERGRID Mewar Transmission Limited],Ongoing Active,5,369.75,44.79,2.0,0.48
615335,Transmission System Strengthening for Interconnections of  Bhadla-III & Bikaner III Complex [SPV Name POWERGRID BHADLA BIKANER TRANSMISSION LIMITED],Ongoing Active,4,59.48,57.08,2.46,0.76
615337,Additional Transmission System for evacuation of Power from Bhadla-III PS as part of Rajasthan REZ Phase III Scheme [20 GW] [SPV Name POWERGRID Bhadla-III Power Transmission Limited],Ongoing Active,4,59.0,45.01,0.86,2.51
615338,TRANSMISSION SYSTEM FOR EVACUATION OF POWER FROM RAJASTHAN REZ PH -IV [PART-2 5.5 GW] [JAISALMER/BARMER COMPLEX] PART F [SPV Name POWERGRID BARMER I TRANSMISSION LIMITED],Ongoing Active,4,42.95,91.57,3.91,2.48
615339,Transmission system for evacuation of power from Rajasthan REZ Ph-IV [Part- 3/6GW] [Bikaner complex] Part A [SPV Name POWERGRID Bikaner IV Transmission Limited],Ongoing Active,4,3.95,495.46,3.46,2.31
615340,TRANSMISSION SYSTEM FOR EVACUATION OF POWER FROM RAJASTHAN REZ PH-IV [PART-3/ 6 GW] [BIKANER COMPLEX] PART B [SPV Name POWERGRID Siwani Transmission Limited],Ongoing Active,4,288.62,202.02,1.8,1.05
615342,Augmentation of Transformation Capacity at jam Khambhaliya PS [GIS] [SPV Name POWERGRID Jam Khambhaliya Transmission Limited],Ongoing Active,4,108.83,39.21,3.43,1.61
615343,Provision of Dynamic Reactive Compensation at Khavda pooling Station 1 [KPS1] and Khavda Pooling station 3 [KPS3],Ongoing Active,4,148.3,100.97,2.08,0.65
615344,Transmission System for Evacuation of Power from Rajasthan REZ Ph-IV [Part-2 5.5GW] [Jaisalmer/Barmer Complex] Part H1 [POWERGRID KURAWAR TRANSMISSION LIMITED],Ongoing Active,4,1208.37,1093.81,4.46,2.88
615345,Transmission System for Evacuation of Power from Potential Renewable Energy Zone in Khavda area of Gujarat under Phase-IV [7GW] Part B [SPV Name POWERGRID South Olpad Transmission Limited],Ongoing Active,4,145.46,9.44,26.13,24.61
615346,Transmission System for Evacuation of Power from Rajasthan REZ Ph-IV [Part-2 5.5 GW] [Jaisalmer/Barmer Complex] Part C [SPV Name POWERGRID Mandsaur Transmission Limited],Ongoing Active,5,199.36,295.4,7.95,6.01
615347,TRANSMISSION SYSTEM FOR EVACUATION OF POWER FROM POTENTIAL RENEWABLE ENERGY ZONE IN KHAVDA AREA OF GUJARAT UNDER PHASE-V [8 GW] PART A   [SPV Name POWERGRID West Central Transmission Limited],Ongoing Active,4,874.62,266.84,1.53,1.28
615349,TAPIN SOUTH EXPN,Ongoing Active,13,112.22,85.48,22.98,24.08
615818,Jawahar Khani Open Cast Mine,Ongoing Active,10,86.19,62.44,3.33,1.46
615820,TIKAK EXTENSION OCP,Ongoing Active,4,19.13,40.08,3.94,7.42
615821,TIRAP OCP,Ongoing Active,4,40.59,41.27,3.87,5.71
615858,Kalyanikhani Opencast Project,Ongoing Active,13,43.97,41.2,21.85,16.44
615860,Godavarikhani Coal Mine - 5,Ongoing Active,14,78.81,116.4,18.93,17.44
615862,Goleti Opencast Mine,Ongoing Active,10,44.48,43.02,4.01,0.82
615863,Venkatesh Khani Coal Mine,Ongoing Active,15,53.58,55.46,14.87,15.0
615865,Kakatiyakhani OC - 2 Project,Ongoing Active,13,62.19,55.01,13.54,14.81
615914,GHONSA EXPANSION DEEP OC MINE,Ongoing Active,14,125.25,102.16,21.75,23.93
615915,Rourkela-Bondamunda A-Cabin 5th line [9.6 km],Ongoing Active,6,157.49,163.46,3.85,3.48
615916,AMLG GAURI PAUNI EXPANSION OC,Ongoing Active,6,141.39,86.71,6.12,4.93
615917,GAURIDEEP/GAURI CENTRAL OCP 7.,Ongoing Active,5,188.3,142.01,3.21,3.41
615918,RPR OF BHANEGAON OC,Ongoing Active,10,114.89,54.4,2.38,3.11
615919,N. EXTN. MUNGOLI NIRGUDA D OCP,Ongoing Active,5,32.56,26.63,0.24,0.07
615982,NILJAI EXPANSION DEEP  OCP,Ongoing Active,27,43.35,36.96,13.01,10.98
616044,UKNI DEEP OC MINE -COST PLUS,Ongoing Active,21,50.24,48.31,9.21,11.37
616223,ADASA UG TO OC MINE,Ongoing Active,12,42.43,37.2,18.67,19.9
616226,INTEGRATED KULDA GARJANBAHAL O,Ongoing Active,4,77.77,112.68,16.58,11.88
616227,Chandil - Anara - Damodar - 3rd line [121.26 km],Ongoing Active,3,,,,
616229,AMAL GONDEGAON GHATROHANA EXPN,Ongoing Active,5,156.71,117.22,1.36,0.97
616230,PARASCOLE JAMBAD OCP,Ongoing Active,5,241.16,141.91,19.28,12.97
616231,BHUBANESWARI EXPN OCP 50 MTY,Ongoing Active,4,27.29,1.99,9.64,0.72
616232,HINGULA II OC EXPN PH III 15 M,Ongoing Active,4,112.84,81.78,2.93,2.35
616233,BALABHADRA OCP,Ongoing Active,4,43.24,47.01,5.02,4.95
616235,Construction of Aviation Fuel farm Facilities at Bhogapuram Airport,Ongoing Active,4,6.42,20.45,6.22,1.29
616236,JARANGDIH EXPN. OCP 1.5 MTY,Ongoing Active,3,,,,
616253,BLOCK E OCP,Ongoing Active,4,52.3,116.62,3.16,1.23
616254,Visakh Raipur Pipeline Project,Ongoing Active,5,114.66,126.34,5.03,4.39
616586,Bangriposi-Gorumahisani new line [ 85.60 km ],Ongoing Active,3,,,,
616587,Badampahar-Kendujhargarh new line [82.06 km],Ongoing Active,3,,,,
616588,Buramara-Chakulia new line [59.96 km],Ongoing Active,3,,,,
616600,Interception and Diversion and STP works in Bhagalpur  under Hybrid annuity based PPP mode-Namami Gange Programme,Ongoing Active,20,96.48,114.96,23.65,19.32
616604,Pollution Abatement works for River Ganga at Hooghly Chinsurah- Municipal Town Interception & Diversion with STP,Ongoing Active,20,64.7,58.1,7.84,9.29
616605,Pollution Abatement Works for River Kali Meerut under Meerut Municipality Interception & Diversion with  STP,Ongoing Active,20,219.83,208.24,3.67,4.1
616611,Sewage Treatment Plant  100MLD  and Sewerage Network 288 km in Digha-Patna under Hybrid annuity based PPP mode-Namami Gange Programme,Ongoing Active,20,112.43,156.79,14.28,14.5
616612,Sewage Treatment Plant  50MLD  and Sewerage Network 150 km in Kankarbagh- Patna under Hybrid annuity based PPP mode-Namami Gange Programme,Ongoing Active,20,119.76,128.59,12.25,12.77
616615,"Sewer Network,  SPS and STP at Begusarai",Ongoing Active,20,19.99,13.47,20.72,20.55
616616,"Sewer Networks,  SPS and STP at Hajipur",Ongoing Active,20,23.33,13.23,21.15,21.13
616670,Transmission System for evacuation of Power from Rajasthan REZ Ph-IV [Part-4 3.5 GW] Part A  [SPV name POWERGRID Ghiror Transmission Limited],Ongoing Active,4,18.79,235.11,2.46,1.54
616671,Transmission System under ISTS for evacuation of Power from Kudankulam Unit-3&4 [2x1000 MW]  [SPV Name POWERGRID Kudankulam Tarnsmission Limited],Ongoing Active,4,112.61,44.86,2.3,0.91
616672,System Strengthening at Koppal-II and GadagII for integration of RE generation projects [SPV Name POWERGRID Koppal Gadag Augmentation Transmission Limited],Ongoing Active,4,119.96,53.91,5.08,2.33
616691,"Upgradation & Extension of ESIC Hospital and Construction of PG Hostel / Staff Housing for ESIC Hospital at Andheri, Mumbai",Ongoing Active,2,,,,
616694,Flyover between Siju and Paradeep coaching Yard to avoid Surface crossing of trains,Ongoing Active,2,,,,
616695,Paradeep - Badabandha 3rd & 4th Line / 18.51kms,Ongoing Active,3,,,,
616697,3rd & 4th line between Vadlapudi -Gate Jn. cabin and Tie line between Gate Junction to Gangavaram port,Ongoing Active,3,,,,
616699,Multi tracking of Son Nagar-Andal 374.53 rkm & 814.38 tkm,Ongoing Active,3,,,,
616701,Lumding Furkating Doubling Project 140 km,Ongoing Active,3,,,,
616841,PUSHKAR- MERTA CITY NEW LINE,Ongoing Active,30,68.18,64.71,3.96,3.27
616842,LUNI- SAMDARI- BHILDI DOUBLING,Ongoing Active,3,,,,
616856,Doubling between Bhadrachalam Road and Dornakal,Ongoing Active,3,,,,
616857,Doubling between Motumari  Vishnupuram - 88.81 Km and Rail over Rail - RoR at Motumari - 10.877 Km,Ongoing Active,3,,,,
616858,"Construction of Field Gas Gathering Station at Baghjan area for collection, processing & transportation of natural Gas to be produced from Baghjan Field",Ongoing Active,12,35.05,24.13,12.34,10.84
616879,Demo Bio-ATF Project,Ongoing Active,5,101.83,56.72,2.22,1.26
616886,Delhi University Eastern Campus at Surajmal Vihar,Ongoing Active,3,,,,
616933,Lube Modernization & Bottom Upgradation Project at Mumbai Refinery,Ongoing Active,4,741.27,589.68,0.24,11.96
617068,"Augmentation of Transformation Capacity by 3x500 MVA, 400/220 KV ICTS [6th-8th] and 1x1500 MVA, 765/400 KV ICT [4th] at Bidar PS  [SPV Name- POWERGRID Bidar Augmentation Transmission Limited]",Ongoing Active,4,103.7,23.92,4.43,2.89
617069,Augmentation of Transformation Capacity at KPS1 [GIS] and KPS2 [GIS] [Phase-V Part B1 and Part B2 Scheme]  [SPV Name- POWERGRID KPS1 and 2 Augmentation Transmission Limited],Ongoing Active,4,127.95,72.49,1.08,1.7
617179,Transmission Scheme for evacuation of Power from Ratle HEP [850 MW] & kiru [624 MW] Part B,Ongoing Active,4,99.71,22.78,0.32,0.05
617181,"Augmentation at Fatehgarh-II PS, Fatehgarh-IV PS [Section-II] and Barmer-I PS [POWERGRID Fatehgarh Barmer Augmentation Transmission Limited]",Ongoing Active,4,106.0,29.88,2.08,0.59
617182,Augmentation of Banaskantha [Raghanesda] PS [GIS] [POWERGRID Banaskantha Transco Limited],Ongoing Active,4,48.73,0.42,3.69,2.68
617183,Transmission system strengthening at Kurnool- III PS for integration of additional RE generation projects [POWERGRID Kurnool III PS RE Transmission Limited],Ongoing Active,4,16.24,115.64,6.24,4.73
617184,Transmission Scheme for integration of Davanagere/ Chitradurga and Bellary REZ in Karnataka  [POWERGRID Chitradurga Bellary REZ Transmission Limited],Ongoing Active,4,109.63,53.24,4.13,2.25
617185,Transmission System for Integration of Kurnool-IV REZ  Phase-I [for 4.5 GW] [POWERGRID Kurnool-IV Transmission Limited],Ongoing Active,4,252.4,355.39,0.88,2.82
617186,Rajasthan REZ Ph-V [Part-1- 4 GW] [Sirohi/Nagaur] Complex [Rajasthan V Power Transmission Limited],Ongoing Active,4,216.84,261.75,2.12,0.37
617188,"Sipat Super Thermal Power Project, Stage-III [1x800 MW]",Ongoing Active,7,134.35,693.22,2.11,0.92
617200,KHARSIA- NAYA RAIPUR-PARMALKASA 5th and 6th Line [278KM],Ongoing Active,3,,,,
617201,Gondia-Balharshah [Chanda Fort] Doubling [240 Km],Ongoing Active,3,,,,
617206,Delhi Metro Rail Phase-IV [Rithala - Kundli Corridor],Ongoing Active,4,243.66,150.62,0.33,0.17
617211,Doubling of Guntur Bibinagar 239 Km,Ongoing Active,3,,,,
617212,Doubling between Mudkhed  Medchal & Mahbubnagar  Dhone section 417.88 Km,Ongoing Active,3,,,,
617213,Varanasi-Pt. Deen Dayal Upadhyaya multitracking 15km including construction of new Rail-cum-Road Bridge across Ganga River.,Ongoing Active,2,,,,
617214,Rail Connectivity to Errupalem Amravati Namburu 57 Km,Ongoing Active,3,,,,
617215,Doubling between Parbhani  Parli Vaijanath stations  64.71 Km,Ongoing Active,3,,,,
617221,"Construction of Girls Hostel 400 seater, Boys Hostel 600 seater, Academic Block, International Hostel 100 seater, VC Residence and Purchase of Equipment",Ongoing Active,3,,,,
617224,Gorakhpur-Valmikinagar Doubling project,Ongoing Active,3,,,,
617225,PCMC To Nigdi- Extension Of North South Corridor Of Phase-1,Ongoing Active,7,58.26,48.41,2.54,1.32
617226,Pune Metro Phase-1 Extension line towards south from Swargate to Katraj,Ongoing Active,5,243.73,207.47,1.83,0.81
617233,WAGHODA UG MINE [1.02 MTY],Ongoing Active,3,,,,
617242,Installation of New Bar Mill at Durgapur Steel Plant,Ongoing Active,4,228.69,78.43,1.42,0.3
617243,Replacement of Hot Leveller No.1 of Plate Mill at Bhilai Steel Plant,Ongoing Active,4,40.52,11.7,0.71,1.11
617245,Katihar Kumedpur & Katihar Mukuria BG Doubling Project,Ongoing Active,2,,,,
617246,Up-gradation of Blast Furnace No. 3 at Durgapur Steel Plant,Ongoing Active,4,17.91,9.83,14.22,14.29
617248,Third Ladle Furnace in Secondary Refinery Unit at IISCO Steel Plant,Ongoing Active,4,68.47,41.38,2.61,2.99
617249,Replacement of existing Grinders in CRM-I & II at Bokaro Steel Plant,Ongoing Active,4,95.38,51.4,1.18,1.41
617250,Secondary Emission Control in Converters of SMS-II at Bokaro Steel Plant,Ongoing Active,4,77.27,35.15,4.14,4.52
617251,Revamping of Air Pollution Control Systems of SP-1 at Durgapur Steel Plant,Ongoing Active,4,89.59,59.91,2.25,1.38
617252,Anandnagar - Ghugli via Maharajganj New line 52.7 km,Ongoing Active,3,,,,
617253,Revamping of old sub-systems of Blast Furnace 3 at Bokaro Steel Plant,Ongoing Active,8,54.99,41.84,6.68,4.88
617255,"Replacement of Converter Vessels, Trunnion Rings, Support System & Installation of Secondary Emission at Bhilai Steel Plant",Ongoing Active,7,9.19,8.14,1.46,1.52
617256,Rebuilding of Coke Oven Battery No.7 & 8 at Bhilai Steel Plant,Ongoing Active,7,29.19,38.18,1.42,1.26
617257,Rebuilding of Coke Oven Battery No.6 at Bokaro Steel Plant,Ongoing Active,6,59.95,40.99,5.48,5.88
617269,Transmission System for Strengthening to facilitate evacuation of power from Bhadla/Bikaner Complex,Ongoing Active,4,115.12,32.98,1.92,0.5
617270,Eastern Region  Expansion Scheme-44 [ERES-44],Ongoing Active,4,171.96,96.48,0.29,1.76
617272,Implementation of LILO of both circuits of 400KV vindhyachal PS-Sasan D/C Line at Hindalco Switchyard,Ongoing Active,4,22.82,17.84,2.3,0.82
617278,KOLARPIMPRI EXPANSION OC [2.5,Ongoing Active,3,,,,
617288,MANIKPUR OC EXPANSION PROJECT,Ongoing Active,36,6.75,18.02,11.17,8.83
617299,50 MW Wind Power Project,Ongoing Active,4,544.5,539.5,7.25,4.32
617302,Durgapur - Haldia Pipeline [Section-3B of JHBDPL Project],Ongoing Active,27,238.67,255.85,6.43,5.76
617304,"Setting up of LPG Plant with Rail Unloading Facility at Hathua, Dist. Gopalganj, Bihar",Ongoing Active,3,,,,
617327,Thane Integral Ring Metro Rail Project,Ongoing Active,3,,,,
617333,Surface triangle line bet. Bhadura stn and new crossing stn Karma,Ongoing Active,8,174.06,167.08,0.86,1.79
617345,SER Upgradation of maintenance infrastructure at Shalimar into Vande Bharat Chair Car maintenance cum workshop depot.,Ongoing Active,3,,,,
617361,Babupeth - Sasti New Rail Line [13.114 KMs],Ongoing Active,3,,,,
617370,Doubling between Jaunpur Jn - Zaffarabad 6.28 km,Ongoing Active,8,110.13,37.72,0.75,0.62
617374,"Dallirajhara - Rowghat New Rail Line Project, Phase-I",Ongoing Active,8,27.17,146.16,7.83,9.08
617375,North Eastern Region Expansion Scheme-XXIII [NERES-XXIII],Ongoing Active,6,105.15,29.49,2.24,0.55
617379,Development of New Bijwasan Railway Terminal,Ongoing Active,3,,,,
617390,Sardega -Bhalumuda New Double line [37.24 Km],Ongoing Active,3,,,,
617404,POKHRAN - RAMDEVRA New Line,Ongoing Active,27,60.84,55.8,1.38,2.44
617406,RATLAM- DUNGARPUR VIA BANSWARA NEW LINE PROJECT,Ongoing Active,3,,,,
617409,Railway Manufacturing Unit,Ongoing Active,13,43.55,36.26,20.55,13.96
617412,"internal water supply, sanitary installation and all development and bulk services, Horticulture works on EPC Mode-I basis i/c comprehensive operation  and maintenance of Civil, E&M services for 7 years after completion of original construction work for Ranga Reddy, Secunderabad, Medchal, AuditI, Audit-II Commissionerates of Central Tax at Khajaguda, Serilingampally, Hyderabad.",Ongoing Active,3,,,,
617416,"Revised Jharia Master Plan for Dealing with Fire, Subsidence & Rehabilitation of affected families in Jharia Coalfield- Reg.",Ongoing Active,3,,,,
617422,Bodwad Parisar Sinchan Yojna,Ongoing Active,3,,,,
617804,Mechanization of Berth No.14 for handling Containers and other cargo on DBFOT basis - Phase II,Ongoing Active,2,,,,
617806,Transmission System for Integration of Ananthapur 2 REZ Phase 1 for 4.5 GW. SPV Name Anantapuram 2 REZ Transmission Ltd,Ongoing Active,2,,,,
617807,Inter-regional [NR-WR] Transmission System strengthening to relieve the loading of 765 kV Vindhyachal-Varanasi D/c line,Ongoing Active,2,,,,
617818,"City Gas Distribution [CGD] Project in Gajapati, Kandhamal, Boudh, & Sonepur GA",Ongoing Active,6,168.76,94.6,24.8,28.74
617819,"City Gas Distribution [CGD] Project in Kondagaon, Bastar, Sukma, Narayanpur, Bijapur & Dantewada GA",Ongoing Active,2,,,,
617822,ATF Pipeline from BPCLs Malkapur POL Installation to  Hyderabad International airport,Ongoing Active,2,,,,
617829,LPG Bottling Plant at Mualkhang,Ongoing Active,2,,,,
617832,Koderma-Arigada Doubling 133.38 Km of East Central Railway,Ongoing Active,2,,,,
617836,Coke Drum Structure Package,Ongoing Active,2,,,,
617837,Siliguri Marketing Terminal [SMT] Capacity Augmentation Project,Ongoing Active,2,,,,
617838,Augmentation of CCKPL and IDPL Pipelines capacity along with setting up of Palakkad TOP,Ongoing Active,2,,,,
617839,Capacity Augmentation of Kandla LPG Import Terminal [KLIT] from 0.6 MMTPA to 2.5 MMTPA,Ongoing Active,2,,,,
617877,Phase B Construction of Permanent Campus of IIT Bhilai,Ongoing Active,2,,,,
617878,Phase B of Construction of Permanent Campus of IIT Palakkad,Ongoing Active,2,,,,
617882,"Setting up IT Infrastructure including Network Security and Hosting at AIIMS, New Delhi",Ongoing Active,2,,,,
617883,"Redevelopment of Residential colonies at Ayur Vigyan Nagar and West Ansari Nagar campuses of AIIMS, New Delhi",Ongoing Active,2,,,,
617885,Rehabilitation and Up-gradation of Nongstoin  Wahkaji section of Project Road Km 0000 to Km 43060 to Intermediate Lane with earthern shoulder under SARDP-NE Phase-A in the State of Meghalaya on EPC mode.   Job No- SARDP-NE  ong-Don- Maw/MG/2020-21/294,Ongoing Active,11,41.16,41.36,7.38,5.75
617887,Beawer Gomti 4LPS from km 58.245 to km 108.600 Pkg-I,Ongoing Active,13,27.4,35.99,5.59,12.3
617892,Construction of 2-lane road of Potin to Pangin section of NH-13 from Km 163.59 to Km 206.66 Package-5 on EPC Mode in the State of Arunachal Pradesh under Arunachal Pradesh Package of Roads and Highways of SARDP-NE [Job No SARDP-NE/P- P/Pkg-A/NH-13/Ar.Pr./PWD/2018-19/116],Ongoing Active,15,7.84,17.58,7.47,10.56
617894,"Construction or 4 lane Raniganj Bypass of length 5.261 km on NH-60   new NH-14 from km 273.00 of NH to km 478.18 of NH-2   New NH 16    in paschim Bardhaman, West Bengal in EPC Mode- reg.   Job No. 014-WB-2022-23/514",Ongoing Active,3,,,,
617895,Construction of Mangaldoi Bypass NH-15 starting at Ch 26400 and terminating at Ch 41505 under Rangia NH Division  L 15.105 Km in the State of Assam. Job No. 15/AS/2021-22/234,Ongoing Active,7,181.55,60.19,14.81,19.47
617897,Construction of proposed 4Lane Revelgunj bypass NH-19 in the State of Bihar on EPC mode connecting NH 19 to 85 origin,Ongoing Active,7,132.94,124.45,6.45,10.46
617899,Widening and Strengthening to 4LPS/2LPS from km 0.000 to 35.800 Kuakhia - Mangalpur section of NH 20 in the state of Odisha on Annual Plan 2021-22,Ongoing Active,5,50.86,45.8,5.98,6.14
617900,Upgradation to Two Lane Paved Shoulder in km 33/0 to 126/520 of NH-23 Old NH- 11B Kothun-Lalsot-Karoli-Dholpur road in the state of Rajasthan under EPC mode Length-93.52 Km.,Ongoing Active,9,125.19,88.01,5.93,8.55
617901,Widening of Pachpadra-Bagundi Section to 4 Lane from Km 73/60 to 95/70 of  NH-25 on EPC mode in the state of Rajasthan.,Ongoing Active,9,95.99,85.37,3.08,7.11
617905,Construction of 4 lane ROB with approaches in lieu of LC No. RV-172 at km 176.00 of NH-201 present NH-26 at Kesinga including land acquisition in the state of Odisha on EPC mode under Annual Plan 2021-22,Ongoing Active,7,91.29,57.9,10.35,15.98
617911,Rehabilitation and upgradation Umaria to Shahdol section of NH-78 from Existing Km. 68/4 to Km. 142/2 to 2LPS including construction of Birshinghpur and Shahdol Bypass on EPC mode under NHDP-IVA,Ongoing Active,30,10.33,17.49,22.06,21.45
617915,Upgradation of Dindori-Sagartola-kabichabutra MP-CG border section of NH -45 from km 000Design to km 77.00 Design to Two lane with paved shoulder configration along with one time improvement in 04 nos. of bypaased built-up areas in a total length of 9.1 km in the state of Madhya Pradesh on EPC mode.,Ongoing Active,6,144.73,156.22,6.32,7.28
617917,"Construction of 4 Lane Flyover at Nagpur RTO Chowk To Nagpur University Campus from Ch 2/250 to 5/100 and 4 lane flyover at wadi/midc junction from km 8/360 to km, 10/300 on NH 53 in state of Maharashtra.",Ongoing Active,7,13.59,23.08,11.88,9.06
617919,Construction of 4 Nos Grade separtor between km. 281.000 to km. 307.600 km. 286.400 kumhari km. 299.000 Transport Nagar km. 302.000 Power House km. 304.000 Chandra Moura Chowk to km. 305.000 supeia of NH-53 old NH-06 Raipur - Durg 4 Lane on EPC mode in the state of chhattisgarh job NO. NH-53old NH-06 CG- 2017-18-56,Ongoing Active,9,16.83,39.39,26.72,17.04
617921,Widening and strengthening to 2LPS including LA of Kandarpur-Balikuda from km 277/500 to 318/970 of NH-55 in the State of Odisha under Annual Plan 2021-22.,Ongoing Active,7,84.29,81.93,9.17,13.52
617925,Construction of Bypass to Khordha town from Km 294/000 to 300/300 on NH-57 including LA in the State of Odisha on EPC mode.,Ongoing Active,7,16.65,37.47,7.74,3.13
617928,"Widening 2 lane to 4-lane from KM 92/320 to Km 115/320 Vav Chokdi-Satlasana to to Vrundavan Chokdi, Kheralu on NH-58 in the State of Gujarat.",Ongoing Active,4,3.57,13.26,1.2,3.75
617929,Construction of 2 lane with paved shoulder of Kund Bypass from Design Km 35.130 to Km 47.700 existing Km 33.130 to Km 41.260 of NH-109 in the State of Uttarakhand,Ongoing Active,22,69.87,77.44,13.04,9.59
617930,Construction of Bypass on NH-59 from Km 336/350 to 349/910 13.56 km near Berhampur town including 4-lane RoB in the state of Odisha.,Ongoing Active,7,98.2,86.37,9.8,15.53
617932,Construction of New Four Lane Bypass to Parbhani City Parwa to Asola Km 463/265 to Km 481/180 Design Ch. 19220 to Ch. 34434 Length-15.214 Km section of NH-61 on EPC mode in the State of Maharashtra.,Ongoing Active,7,277.2,276.54,1.04,3.24
617934,Nasratpur to Barasgaon section of NH-61 2L / 4L  PS from Km.514/00 to 558/200,Ongoing Active,20,15.45,11.86,19.27,23.15
617942,Construction of Six lane Elevated Corridor from Km. 508.000 to Km. 513.150 including approaches on NH-66,Ongoing Active,4,29.04,18.18,1.0,5.35
617944,Kashedi ghat tunnel NH-66 [Bhogaon Khurd - Kashedi section] 4 lanes under NHDP on EPC mode,Ongoing Active,20,19.48,23.67,7.02,13.47
617946,Kashedi to Parshuram Ghat section of NH-66 from Km 161/600 - Km 205/400 - 4L  PS,Ongoing Active,28,189.07,219.76,9.31,8.08
617948,Kante - Wakad section of NH-66 4L  PS from Km.281/300 to 332/200,Ongoing Active,20,30.96,97.4,5.23,7.22
617955,Widening to two lane with paved Shoulders from Km 40.00 to Km 75.00   Existing chainages    of Mangalore - Tumkur section of NH-73 in the State of Karnataka on EPC Mode under Annual Plan 2021-22   Job No NH-73-KNT-2021-22-945,Ongoing Active,6,230.07,260.35,5.12,4.48
617957,Construction of Jasra Bypass with four lane paved shoulder configurationfrom Km 379.670 on NH-76New NH-35  to Km 18.00 on NH-27New NH-30 on EPC in the State of Uttar Pradesh.,Ongoing Active,6,17.39,26.45,10.59,11.4
617958,Widening & Strenthening from km132.895 to km 190.15 NH-80,Ongoing Active,7,30.66,44.82,9.33,10.63
617959,Rehabilitation & Widening work for 2 Lane with Paved Shoulder of Existing NH-80 from km 70.15 to Km 121.025 of Munger-Suttanganj -BhagatpurMirzachowki section on EPC Mode in the State of Bihar.,Ongoing Active,7,2.56,19.24,14.47,28.3
617961,Gaya-Hisua-Rajgir-Nalanda-Biharsharif section km0.00 to 92.935 NH-82,Ongoing Active,29,185.28,171.64,16.61,14.0
617962,"Construction of Bypass to Madurai  Achambathu  Viratipathu in between km 6/850 10/382 of NH 49 Extn New NH 85 including Land Acquisition on Engineering, Procurement & Construction EPC basis Contract under NH O Annual Plan 2021-22 in the state of Tamil Nadu job No.NH-49 Extn New NH 85 - TN-2021-22-997",Ongoing Active,4,38.77,46.07,4.56,4.21
617963,Rehabilitation and upgradation to four lane road from km 70.500 to km 78.600 of NH- 92 under EPC mode in the State of Uttar Pradesh,Ongoing Active,3,,,,
617964,"Widening to Four Lane rigid pavement configuration from Km 90.00 to Km 100.800 on NH-96 Km 42.0 to Km 53.300 as per new NH-330,design length of 11.300 km under EPC mode in the state of Uttar Pradesh.",Ongoing Active,4,167.68,102.35,0.44,0.09
617965,Kopargaon to Savali Vihir section,Ongoing Active,7,8.26,14.86,7.96,12.03
617968,Construction & Widening Including Augustmuni Bypass Ch-16.545 to Ch - 19.890 to 2L/PS from Km 16.545-Km 33.130 & 45.980 -57.975 Augustmuni to Kund & Guptkashi to Sitapur on NH 109 in UK,Ongoing Active,22,96.58,89.7,9.0,10.07
617969,Construction of 4 Lane ROB and its approaches at the level crossing LC No 29  B of Km 29 Ekangarsarai at NH  110 New NH 33 & Railway Km 32.63 at Fatwa FUT Islampur IPR section in the state of Bihar on EPC mode.,Ongoing Active,4,142.28,70.94,0.16,1.74
617973,Strengthening and widening of existing 2 lane road to two lane paved shoulder from km 7.750 to 26.542 & km. 32.093 to 45.786 of NH-130 on EPC mode in the state of chhattisgarh.job No. 130-CG-2017-18-348,Ongoing Active,18,15.29,25.37,16.6,11.21
617974,Rehabilitation and upgradation of 2 lane with paved shoulder from existing km. 195.175 to km. 220.000 Design Chainage km71.300 to Km. 95.947 Excluding existing chainage Km 200.300 to Km 202.400 Design chainage Km 76.400 to Km 78.400 on Dharasu to Yamunotri Road of NH- 134 Old NH-94,Ongoing Active,22,97.36,105.55,7.1,4.49
617976,Work of development and construction of elevated corridorfrom km 38/660 to km 42/690 Iscon junction to start point of approach of sanand flyover of NH-147 in the sate of Gujarat,Ongoing Active,4,128.61,65.88,7.66,4.24
617980,Construction of six lane elevated corridor from km 7.950  Uppal to km 14.200 of NH- 163 to De-Congest the urban limits of Hyderabad-Bhoopalapatnam section on EPC mode in the state of Telangana,Ongoing Active,20,132.68,150.99,11.99,11.8
617983,Widening & Strengthening of Existing 2LPS to 4 lane  PS from Km 150000 to Km 159000 and Km 165400 to Km 186000 of NH-163 old NH-202 under NH O for the year 2020-21 on EPC Mode in the state of Telangana.,Ongoing Active,7,193.38,170.56,2.56,1.9
617984,"Gudivada Town 2 RoB, and Road improvement NH-165",Ongoing Active,7,17.88,24.92,12.84,15.09
617986,Kurnool/Kadapa Border-Jammalamadugu section of NH-167K i.e. Design Ch. Km 248010 to km 269900 to 2,Ongoing Active,5,6.78,0.04,1.45,0.7
617989,Construction of Major Bridge at Km.180.865 across river Krishna on NH 167 Hagari Jadcherla section,Ongoing Active,20,16.65,32.46,13.06,11.23
617990,Construction of bypass road to Adoni town connecting NH-167 Hagari - Jadcharla road from km.62/700 to 71/400 in Kurnool District in the State of Andhra Pradesh.,Ongoing Active,2,,,,
617992,Rehabilitation & upgradation of NH - 167 from design km 187.723 to 234.434 Miryalaguda to Kodad section  to two lane with paved shoulder on EPC mode in the state of Telangana,Ongoing Active,20,29.99,28.12,21.52,19.87
617993,Rehabilitation and upgradation of NH-167 from design km 157.707 to 187.723 design length 30.016 km to two lane with paved shoulders of Alinagar-Miryalaguda Sec on EPC mode in the state of Telangana,Ongoing Active,13,10.95,13.65,10.32,12.54
617994,Rehabilitation and upgradation of NH-167 from design km 113.900 to 154.479 Mallepally Haliya section  to two lane with paved shoulders on EPC mode in the stte of Telangana,Ongoing Active,20,43.81,56.52,23.47,23.27
617995,Widening to Two Lane with Paved Shoulders from Km 67.000 to Km 114.425 of Kalwakurthy- Mallapally Section of NH 167 Erstwhile section of SH 18 in the State of Telangana on EPC mode under NH O Annual Plan 2016-17,Ongoing Active,20,101.17,100.44,7.64,6.9
618001,"Construction of 4-lane flyover at Amberpet-X road, Hyderabad on NH-202 in the State of Telangana",Ongoing Active,13,12.92,16.57,15.91,20.34
618002,Widening of existing single lane to intermediate lane road from Mokokchung to Chare via Dikhu in the state of Nagaland on EPC mode,Ongoing Active,7,85.8,68.48,2.06,1.02
618003,Construction of four lane ROB and its approaches in lieu of existing Level Crossing No. RV-71 at km 435 on NH-217 New NH-353 at Khariar including land acquisition under NHO in Annual Plan 2021-22 for the state of Odisha for F.Y. 2021-22 to F.Y 2033-34,Ongoing Active,7,132.14,110.36,14.96,18.48
618005,Sheohar-Sitamarhi Section km 40.000 to 79.400 km Lot-I,Ongoing Active,29,27.51,29.06,12.41,9.22
618006,Sitamarhi-Jaynagar Section km 79.400 to km 156.500 Lot-II,Ongoing Active,2,,,,
618007,Jaynagar-Narahia Section km 156.500 to km 219.945 Lot-III,Ongoing Active,29,94.67,96.86,18.76,15.04
618009,Balance work of Construction of Ring Road for Raebareli City on eastern side of NH- 24B Phase-1 on EPC mode.,Ongoing Active,30,15.39,23.41,11.86,9.81
618011,sections of NH-325 Balotra to sanderao via Jalore to 2 lane with paved shoulder configuration by Construction of Byasses for town portions1 Asotra- Brahmdham bypass 2Siwana Bypass 3 Mokalsar Bypass 4 Major realignment at Kathadi 5 Major realignment at Bishangarh 6 Jalore Bypass 7 Ahore Town portion 8 Dujana Bypass in the state of Rajasthan on EPC Mode,Ongoing Active,9,119.89,100.02,4.6,10.98
618012,"Widening & strengthenlng to 2LPS from km 0,000 to 40.000 Dhaugaon- Podamari section of NH 326 in the State of Odisha under Annual Plan 2021.22.",Ongoing Active,5,12.46,12.74,0.51,0.83
618019,Upgradation & widening of Jharkheda- Berasia - Dholkhedi from design km 0000 to km 87900 Design length 87.90km of NH-346 including 3 nos. bypasses of 13.10 Km in the State of Madhya Pradesh under EPC mode.,Ongoing Active,6,13.1,9.95,5.54,8.93
618020,"Rehabilitation & Upgradation of KurwaiMungaoliChanderi Road section of NH-346, from Design Chainge 0.000 to 81.300 Km Total length 83.1 km to Two lane with paved shoulder configuration along with One time improvement in 07 nos of bypassed built- up areas in a total length of 22.615 km in the state of Madhya Pradesh on EPC mode.",Ongoing Active,6,101.21,146.55,18.26,11.36
618024,Up-gradation to two lane with paved shoulder configuration of NH-354 Section Arifkes- Ferozepur-Muktsar-Malaut from Km 201.500 to Km 212.500 & Km 229.690 to Km 269.960 and strengthening of existing pavement from Km 212.500 to Km 229.690 excluding Km 218.500 to 223.690 of NH-354 on EPC Mode in the State of Punjab. Job No. NH-354-PB-2020-21-532,Ongoing Active,6,9.49,15.31,9.39,12.79
618025,Rehabiitation and upgradation from km 121/000 to 154/000 Nakrekal to Mallampally section of NH-365 to 2 lane with paved shoulders in the state of Telangana in the EPC mode,Ongoing Active,20,17.24,16.14,32.71,31.24
618033,4-Laning of Itanagar to Bandardewa section of NH-415from km 40430 to km 51735 Package-Bon EPC Mode in the state of Arunachal Pradesh Job NO. 415/Ar. P/2020- 21/031,Ongoing Active,13,34.85,32.44,8.82,11.69
618037,Rehabilitation and Up-gradation of existin of road from 2-lane to 2-lane with paved shoulders from km. 0.00 to km 53.590 total length-53.590 km of Raychoti to Vempalli section of NH-440 in the State of Andhra Pradesh on EPC mode.,Ongoing Active,7,25.88,29.93,19.75,25.52
618042,"town from km.413257 to km 410775, Two lane in Shankarpur Gurnuli km 42400 to km 43100 section and Reconstruction of Major Bridge at Ch. 448558 Bhuti Nallah and Ch. 411695 Sati River bridge, Minor Bridge at Ch. 411477 and Ch. 405800 Lendhari Bridge of NH 543 Bhamhapuri-wadsa-kurkheda-korchi-Deori-Amgaon road on EPC mode in the State of Maharashtra",Ongoing Active,4,8.74,11.21,17.8,19.0
618045,"Construction of Mihona bypass, Lahar bypass, Daboh bypass & Bhander Bypass total length 20.60 km to 2-lane with paved shoulder from on Mihona-Bhander-MP/UP border section of NH 552E in the State of Madhya Pradesh on EPC mode",Ongoing Active,6,44.66,58.96,11.16,3.12
618050,Rehabilitation and Upgradation to 2-lane/Intermediate lane configuration of Ashyari- Shri Kyari Section   km 50.000 to km 75.000    of  NH-707 in the state of Himachal Pradesh under Green National Highways Corridor Project   GNHCP    with the loan assistance of World Bank on EPC mode.,Ongoing Active,12,36.94,42.06,10.74,13.88
618051,Rehabilitation and Upgrading of NH-707 OLD 72-B Package - 2 Hewna to Ashyari,Ongoing Active,12,11.05,9.91,9.24,10.35
618052,Gorantla - Hindupur section from Km 120/300 to 165/000 of NH716G in the State of Andhra Pradesh,Ongoing Active,6,29.53,23.68,0.73,3.73
618054,Construction of Balrampur bypass with 2L flexible pavement configuration from km.223.000 of NH-330 to km.328.300 of NH-730 under EPC mode,Ongoing Active,4,95.32,72.32,4.27,4.48
618055,Construction of Pratapgarh Bypass Extension connecting NH-31 to NH-330 on EPC mode in the State of Uttar Pradesh.,Ongoing Active,6,8.91,15.4,8.81,11.81
618056,Improvement and Up-gradation to two Lane with Paved Shoulder Configuration from existing km. 420.00 Shohrathgarh to km. 454.00 Uska Bazar of NH-730 in the state of Uttar Pradesh EPC basis,Ongoing Active,6,99.46,107.09,6.09,9.2
618057,Construction of Shohratgarh Bypass on NH-730 under EPC mode in the State of Uttar Pradesh,Ongoing Active,6,104.99,109.11,2.42,4.55
618059,Rawanwadi Village Birsi Airport Junction from design km 0.000 to km 15.781 existing km 39/720 of NH-753 to existing Km 8/400 of NH 543 on sections from Kohmara- Goregaon- Police HeadquarterKaranja - Collector Office Square - Balaghat T Point- Rawanwadi- Rajegaon of NH-753 and NH-543 in Gondia District in the state of Maharashtra. Total Length of the project 15.781 Km.,Ongoing Active,4,7.89,0.89,10.65,11.28
618060,Widening and Strengthening of existing paveemnt to two lane with paved shoulders from km 116.00 to km 176.355 of NH-75E in the State of Jharkhand on EPC mode.,Ongoing Active,7,123.21,132.37,5.74,8.02
618062,Dornala to Kunta Junction from Design Chainage Km 244000 to 267990 section of NH-765 Package-2,Ongoing Active,5,13.08,3.0,1.1,2.51
618063,Widening & Strenghteningof section from Bharthana chowk to Kodarkoot km.0.00 to km.40.00 of NH-91-A on EPC mode,Ongoing Active,8,75.45,96.88,5.53,3.51
618064,Up-gradation of NH-930 Sherpar to Kohka from Km.67880 to Km.114860 to 2LPS in Chhattisgarh under EPC mode,Ongoing Active,7,12.04,12.19,13.45,13.77
618065,"Mohadongri from design Km.170476 to 181476 existing Km.171000 to 182000, Ambeshivni Fata to Bodli from design Km.183476 to 185476 existing Km.184000 to 186000 and Made Tukum to Gadchiroli from design Km.188476 to 189476 existing Km.188000 to 18900 having length  28 km of NH-930 of Dhawali to Gadchroli road in the",Ongoing Active,4,17.1,12.37,9.8,11.05
618066,Construction of Amethi bypass Part-II at km.30.050 of NH-931 under EPC mode in the state of Uttar Pradesh,Ongoing Active,3,,,,
618068,"Construction of Kaithi-Padaria Kala bypass, Patna-Tamoli bypass, Jaso bypass and Nagod bypass   total length 15.44 Km    to 2-lane with paved shoulders flexible pavement on NH-943 in the State of Madhya Pradesh on EPC Mode.",Ongoing Active,6,16.15,13.45,14.12,16.54
618069,Upgradation to Two-lane with paved shoulder of Hanumangarh to Kenchiyan section from Km 0.000existing chainage-Km 23.200 to Km 49.605existing chainage-Km 74.645 of NH-54 in the State of Rajasthan on EPC mode.,Ongoing Active,4,12.74,7.82,3.28,2.62
618070,Widening to 2 Lanes with paved shoulders from Km.87/000 to 133/720 Nattukal to Thanau Jn. in Palakkad of NH-966 Old NH-213 on EPC mode Basis under NHO Annual Plan 2016-17 in the state of Kerala,Ongoing Active,13,18.68,36.27,3.37,3.7
618073,Improvement to Two lane with Paved Shoulder from Junction of NH22 near Hajipur to Junction of NH -122 at Bachhwara via Mahnar and Mohiuddin Nagar from Km 0.00 to Km 29.730 of NH 122 B in the State of Bihar.,Ongoing Active,4,8.51,0.69,10.09,9.8
618074,Pre construction activity of NH 122B from km 0 to 72.348 and  Improvement to two lane with paved shoulders of NH 122B from km 29.730 to km 72.348 in state of Bihar under EPC mode,Ongoing Active,7,103.0,122.77,0.89,6.73
618075,Construction of two lane with paved shoulder from existing Km.0.000 to Km.55.610 design km. 0.000 to km. 54.048 of NH-124D,Ongoing Active,6,1.64,19.98,7.78,14.78
618078,Up-gradation of NH-130C Abhanpur to Paund from NH Km. 0000 to KM 40380 to two lane with paved shoulders in the State of Chhattisgarh on EPC mode.,Ongoing Active,7,53.42,45.04,23.42,24.38
618080,Improvement to two lane with paved shoulders of BH WB Border Amdabad Manihari section from design Km 0.000 to Km 23.945 of NH 131 A Total length 23.945 Km under EPC mode in the state of Bihar,Ongoing Active,4,25.25,19.32,0.09,0.16
618081,Construction of Mariahu Bypass with four lane paved shoulder configuration Km. 53.540 to Km.59.200 of NH-135A on EPC mode in the state of Uttar Pradesh,Ongoing Active,6,8.2,15.38,4.82,7.15
618082,Widening & Upgradation to four lane configuration from Km.34.900 Bhadohi to km.73.134 Jaunpur of NH-135A on EPC mode,Ongoing Active,9,22.08,31.94,12.4,17.36
618085,Upgradation of Nasrullagani-Rehti-Budhni Scction  to 2-lane with paved shoulder from Km 0150 to Km 50500 of NH-146B in the state of Madhya Pradesh on EPC mode.,Ongoing Active,6,7.24,10.33,13.21,16.93
618089,Rehabilitation & Up-gradation of Mudkhed to Nanded section from Km. 372000 to Km 388400 of NH 161A i.e. Nanded-Bhokar-Himayatnagar-Kinwat-Mahur-Arani Road Design chainage from Km 372000 Mudkhed to Km 387650 Nanded of NH 161A Length 15.65 Km to 2/4Lane with paved shoulders configuration in the State of Maharashtra on EPC mode.,Ongoing Active,7,11.63,16.57,5.81,3.5
618090,Sarsam - Kothari of NH-161A - 2L  PS from Km.33/00 to 90/00,Ongoing Active,20,53.74,57.57,14.91,10.32
618092,Up-gradation to 2 lane with paved shoulder from Neechli Oden Nathdwara at Design Km 88.800 existing km 55.95 to Bhatewar at Design Km 142.028 existing km 0.00 of NH-162E in the State of Rajasthan on EPC mode.,Ongoing Active,4,21.14,14.72,1.38,0.13
618093,Up-gradation to 2 lane with Paved shoulder from Charbhuja at Design km 0.00 existing km 150.00 to Neechli Oden Nathdwara at Design ch. Km 88.800 existing km 55.950 of NH-162E on EPC mode.,Ongoing Active,7,187.68,273.16,1.53,6.93
618094,Pen to Khopoli 2LPS,Ongoing Active,20,39.04,33.07,11.04,7.15
618097,Guhagar - Rampur - 2L-PS - km 0/00 Guhagar to 26/230 Rampur and 40/00 Mirjoli to 53/600 Sati on NH-166E,Ongoing Active,20,19.59,22.04,9.55,9.34
618104,Widening to two lane with paved shoulders from Km 0/000 to Km 79/300 of Kalwakurthy - Kollapur section of NH-167K in the state of Telangana under annual plan 2021-22 on EPC mode under NHO.,Ongoing Active,6,20.36,44.05,0.81,1.86
618105,Widening and strengthening to 4 lane / 2-lane with paved shoulders of Mahabubnagar - Chincholi section from km 60/255 to Km 102/834 of NH-167N in the State of Telangana on EPC mode.,Ongoing Active,6,140.92,163.13,11.8,13.67
618106,Widening and Strengthening to 2/4 lane with paved shoulders of Mahabubnagar Chincholi section from Km 0/0 to Km 60/255 of NH-167N in the state of Telangana under Annual plan 2021-22 on EPC modepackage-I under NHO Job No.167N-TS- 2021-22-75,Ongoing Active,6,33.26,56.17,3.88,5.07
618110,Improvement and upgradation to two lane with Paved Shoulder configuration from existing km 55.00 to km 90.00 Design length 34.76 of NH-227A near Chhapia Village to near Sikriganj in the State of UP on EPC Mode.,Ongoing Active,10,67.57,68.68,1.31,5.18
618111,Improvement and upgradation to two lane with paved shoulder configuration from existing km 90.00 to 130.00 Design length 39.15 of NH-227A  near Sikriganj to Barhalganj in the State of UP on EPC Mode.,Ongoing Active,6,13.77,23.01,3.46,5.68
618112,"Improvement and up-gradation of NH-227B 84 Kosi Parikrama Marg Package I, from km 228.920 Jagarnathpur to Km 235.960/0.000 MakhaudaDham to Km 29.000 Sarpur in the State of Uttar Pradesh on EPC basis",Ongoing Active,2,,,,
618113,"Improvement and up-gradation of NH-227B 84 Kosi Parikrama Marg Package III, from Km.47.800 Gosaiganj to Km.73.300 Bikapur in the State of Uttar Pradesh on EPC basis.",Ongoing Active,2,,,,
618121,Improvement to two lane with paved shoulders of NH-319A from km 0 to km 45 in state of Bihar under EPC mode,Ongoing Active,7,9.36,13.11,12.26,13.82
618124,Rehabilitation and upgradation from km 51.600 to km 75.700 of NH-321G Nuhkhas to Etah section to two lane with paved shoulder configuration under EPC mode in the State of Uttar Pradesh,Ongoing Active,6,100.2,99.19,7.86,11.07
618132,Widening & strengthening of existing carriageway in 2 lane with paved shoulders from km 25/0 to 59/2 design Ch km 25.467 to 59.200 of NH - 353C on EPC mode in the state of Telangana,Ongoing Active,20,15.35,24.54,8.75,9.22
618141,Widening and Improvement of existing carriage way to 2 lane with paved shoulders from Km. 86/160 to 131/730 of Jangaon-Duddeda section of NH-365B in the State of Telangana on EPC Mode,Ongoing Active,6,52.08,66.48,5.36,12.26
618144,Construction of Major Bridge Across Sharavathi Backwaters and approches between Ambargodu and Kalasavalli Near Sigandhur in Sagar Taluk on NH 369E in the State of Karnataka on EPC mode.Job No. NH-369E-KNT-2018-19-895 dated 06.03.2019.,Ongoing Active,13,26.84,31.17,0.99,2.98
618145,Widening to two lane with paved shoulder of Rampachodavaram - Koyyuru section of NH 516E from Km 43700 to Km 113820  in the State of Andhra Pradesh on EPC mode Job No. 737,Ongoing Active,7,21.84,43.94,3.32,5.98
618152,Mhaswad to Tembhurni section of NH-548C - 2L  PS,Ongoing Active,20,51.91,44.6,18.13,17.38
618153,Satara to Mhaswad,Ongoing Active,20,213.23,202.05,16.53,17.39
618154,"Rehabilitation & upgradation of Jamkhed to Sautada Section of NH548 D from km 195.375 to km 208.774, Length  13.399 Km to 2L PS /4L configuration with rigid pavement in the state of Maharashtra on EPC mode.",Ongoing Active,7,11.79,17.66,21.76,26.32
618160,"Construction of 2 lane Major Bridge including approaches over Brahmaputra between Majuli on North Bank and Jorhat on South Bank from km. 11.690 to km. 19.715 length of bridge 6,812.5m Package - II on NH-715K in the state of Assam Job no. 715/AS/2020-21/213",Ongoing Active,13,25.07,47.76,1.71,2.5
618163,"Rehabilitation and Up-gradation from km. 0000 to km.40390 of NH-730S MaharajganjNichloulThuthibari to two lane with paved shoulders in the State of U.P. on Engineering, Procurement & Construction EPC Basis.",Ongoing Active,13,414.24,422.24,7.97,6.12
618164,Construction of four lane highway with paved shoulder from Km.74.700 to Km.112.950 of NH-731A i/c Yamuna Bridge on HAM in the state of Uttar Pradesh.,Ongoing Active,13,14.43,47.97,4.54,3.53
618167,Rehabilitation & Upgradation of NH-731A from Km.0.00 to Km.35.00 to 2-lane with paved shoulder under EPC mode,Ongoing Active,15,113.96,114.11,14.88,15.68
618168,Widening to four lane with paved shoulder from Design Km.49.200 to Km.89.285 of NH-731B on EPC mode in the state of Uttar Pradesh,Ongoing Active,6,149.87,182.91,7.79,9.55
618169,Construction of Two Lane with paved shoulder highway from Design Ch.0.000 to Ch.49.2OO of NH-731B on EPC Mode,Ongoing Active,6,62.03,85.45,1.22,4.28
618172,Paithan - Shirur section 2LPS Km 0.0 to 55.00,Ongoing Active,20,31.94,25.91,15.93,14.5
618173,Shirur-Kharda section from 55937 km to 114486 km to 2LPS/4L,Ongoing Active,20,36.61,33.2,13.97,12.36
618175,Rehabilitation and Upgradation of Satana to Mangrul Chandwad Section of NH752 G Design Ch Km 64.000 to Ch Km 101.140 two lane with paved shoulder/four lane configuration in the state of Maharashtra on EPC mode.,Ongoing Active,7,29.39,16.9,15.52,11.77
618181,Rehabilitation / Upgradation to 4 Lane with Paved shoulder of Existing Section in Sillod Town with Design Ch. Km54500 to Km 60679 [Length6.179 km] section of NH 753F Aurangabad-Jalgaon road on EPC Mode in the State of Maharashtra,Ongoing Active,4,25.77,28.36,11.67,11.66
618186,"Rehabilitation and Up-gradation of Valigonda to Thorrur Section to Two Lane with Paved Shoulders from Km 39.180 to Km 108.300 of NH-930P in the State of Telangana on Engineering, Procurement and Construction EPC Basis",Ongoing Active,6,8.57,27.6,1.82,4.19
618188,Rehabilitation and Up-gradation to 2 lane with paved shoulder configuration of Mahud Sangola road NH 965 G 159400 to 161900and 162400 to 183960 Design Chainage from km. 32/300 to km. 34/800 and km. 35/800 to km. 56/860 Rigid Pavement on EPC mode in the State of Maharashtra.,Ongoing Active,4,21.31,10.47,2.41,8.15
618190,Widening to two lane with paved shoulders of 'Bodhan Basar Bhainsa ' section from Km 38/900 to 95/300 of NH-161BB in the state of Telangana under Annual Plan 2021- 22 on EPC Mode under NH  O.,Ongoing Active,6,38.74,69.12,5.33,6.76
618191,"Rehabilitation and upgradation of NH-167AD from Macherla to Dachepalli via Paluvai Junction, Rentachinthala, Gurazala from Km.0.000 to 43.659 to two lane with paved shoulders in the state of Andhra Pradesh job-729",Ongoing Active,7,19.34,21.51,2.02,9.09
618192,Duttalur at NH-565 Junction to Kavali Joining on NH-16 Chainage Km. 36/400 to Km. 107/224 excluding the stretch from Km 101.880 to 105.300 67.404 Km of NH-167BG from in the State of Andhra Pradesh on EPC mode,Ongoing Active,7,21.02,29.65,8.91,13.69
618194,Rehabilitation and upgradation of New NH 544DD from design Chainage Km. 56/000 to 102/20 of Kalyandrg - Molakalmuru Section,Ongoing Active,20,18.46,27.62,15.35,14.38
618196,Widening to 2 lane with Paved Shoulders of  Siddipet-Elkathurthy section  from Km 69/978 to km 133/619 of NH-765DG in the State of Telangana under Annual plan 2021-22 on EPC mode,Ongoing Active,6,24.55,35.36,9.07,10.44
618197,Widening to 2 lane with Paved Shoulders of Medak - Siddipet section from Km 0/0 to km 69/978 of NH-765DG in the State of Telangana under Annual plan 2021-22 on EPC mode,Ongoing Active,6,69.08,105.75,4.32,11.88
618198,Balance work of Rehabilitation and Up-gradation to 2-lane road with paved shoulders configuration for NH- 965DD from Pacharal-Mandangad-Mhapral-Rajewadi Upto Junction of NH-66 Ch-22700 to 75100 Km and Ambadave connector Birth place of Dr. Babasaheb Ambedkar Ch-0000 to 7325 Km length Km 59.725 in the state of Maharashtra on EPC mode. Balance Work,Ongoing Active,20,16.03,17.7,5.08,11.87
618199,"Rehabilitation, Upgradation & Widening of existing Highway to Rigid Pavement 2 Lane with Paved Shoulder of NH 965DD from Lonand Shirval-Bhor Mandangad-Pchral Section ShindewadiPhata to Varandah Ghat Dist Border from Km 33/550 to 92/550 in the state of Maharashtra on EPC mode.",Ongoing Active,4,35.44,30.06,0.84,0.81
618200,Construction of 2 lane with Paved Shoulder for Northern Bypass Phase-II of Kota city in the State of Rajasthan.,Ongoing Active,7,166.52,147.53,8.51,11.64
618202,Construction of 2 lane with paved shoulders Baramulla Bypass Greenfield bypass from existing Ch. Km 47020 to Km 56720 and Design Ch. From 48500 to 62600 Total length 14.100 km on road Srinagar Baramulla  Uri NH-01 in the UT of Jammu & Kashmir under Project.Package-III,Ongoing Active,4,914.53,906.87,10.84,10.52
618203,"Construction of 4 lane with paved shoulder Pattan bypass Greenfield bypass from existing Ch. Km 24320 to Km 33760 and Design Ch. from Km 24400 to Km 35300, total length 10.900 km on road SrinagarBaramulla  Uri NH-01 in the UT of Jammu & Kashmir under Project BEACON, Border Roads Organization BRO on EPC mode. Package-II",Ongoing Active,4,918.51,916.21,5.0,4.68
618204,Construction of realignment between Pandrass- Pashkyun   Total length 27.10 km on road Zozila-Kargil -Leh   NH-1    to 2 lane specifications i.e. Drass alignment   9.30 km    Kharboo realignment   6.30 km    & Kargil alignment   11.50 km    under project Vijayak   BRO    in the UT of Ladakh on EPC Mode,Ongoing Active,6,101.37,114.29,15.62,19.06
618205,"Ch. 14200 to 24400, Ch. 33760 to 42780 Design Ch. 35300 to 44294 & Ch. 43440 to 47020 Design Ch. 44958 to 48500 Delina Flyover  including construction of flyover length 1.704 km of total length 22.736 kms in AOR of 760 BRTF on road SRINAGAR BARAMULA  URI NH-01 in the UT of Jammu & Kashmir under project BEACON, Border Roads Organization BRO  Package-IJob No NH-1-J&K-2022-23-110",Ongoing Active,6,66.43,111.76,1.7,1.62
618213,km 107.347 32.614 km including construction of Kamand re-alignment from existing Chainage Km 105.200 to Km 108.600 design chainage Km 103.436 to Km 105.949 - total length 2513 mtrs and land slide treatment work between design chainage Km 73.800 to Km 74.00 200m on EPC mode under improvement to NH connectivity to Chardham in,Ongoing Active,23,11.69,12.68,14.8,13.17
618216,"Improvement/construction of existing CL-5 Road to NH Intermediate lane specification with hard shoulder from Km 133.000 to 166.000 net Length 33.000 kms of NH-505 Sumdo-Kaza-Gramphoo road  in the state of Himachal Pradesh on EPC mode under project Deepak, BRO",Ongoing Active,7,141.39,126.24,9.22,13.03
618217,Improvement/construction of existing Class-5 Road to NH Intermediate lane specification with hard shoulder from existing Km 76/340 to 134/940 Design chainage from Km 76/300 to 133/000 net Length 56.700 kms of NH-505 Sumdo-Kaza- Gramphoo road  in the state of Himachal Pradesh Package I,Ongoing Active,7,92.85,90.7,7.87,13.07
618221,Rehabilitation and upgradation to 2 lane with paved shoulder from existing chainage Km 166.100 to Km 192.98 design chainage Km 146.700 to Km 162.800 including construction of Bhimber Gali Tunnel Total Length of Tunnel 1.100 Km under 31 BRTF on Akhnoor-Poonch Roads on EPC mode NH-144A Package-VII,Ongoing Active,4,12.46,11.03,12.94,12.06
618222,Widening and Strengthening up gradation to 2 lane with paved shoulder from existing chainage Km 192.98 to Km 229.820 design chainage Km 162.800 to Km 198.18 under 31 BRTF on Akhnoor-Poonch Road NH-144A in the UT of Jammu and Kashmir under Project Sampark Border Roads Organisation BRO on EPC Mode Package-VIII Job No NH-144A-J&K-2022-2023-111,Ongoing Active,6,97.19,104.79,3.96,8.2
618224,Rehabilitation and up-gradation to 2 lane with paved shoulder from existing chainage km 49150 to km 64535 Design chainage km 46.450 to km 55.800 including construction of Sungal Tunnel Total length of Tunnel 2.79 km under 13 TF on Akhnoor-Poonch road NH-144A under Project Sampark BRO in the UT of Jammu & Kashmir on EPC mode Package-II Job no  NH-144A-J&K-2019-20-78,Ongoing Active,7,40.49,54.6,5.6,12.58
618225,Rehabilitation and up-gradation to 2 lane with paved shoulder from existing chainage km 134950 to km 166100 Design chainage km 116980 to km 146700 under 31 TF on Akhnoor-Poonch road NH-144A in the UT of Jammu & Kashmir under Project Sampark BRO on EPC mode Package-VI Job no  NH-144A-J&K-2021-22-106,Ongoing Active,7,54.43,52.83,13.14,20.19
618226,Rehabilitation and upgradation to 2 lane with paved shoulder from existing chainage Km 30.053 to Km 49.150 design chainage Km 30.000 to Km 46.450 including Kandi Tunnel under 31 BRTF on Akhnoor-Poonch Road NH-144A Under Project Sampark in the UT of Jammu & Kashmir EPC modePackage-I Job no NH-144A-J&K-2020-21-83.,Ongoing Active,7,20.56,15.31,4.37,1.79
618227,Development to 4/6-lanning of NH-31 New NH-10 with both side service roads from km 569.258 to km 581.030 end of AH-02 project on NH- 31 near Shivmandir to Sevoke Army Cantonment in districts of Darjeeling and Jalpaiguri in the state of West Bengal on EPC Mode Job No. 010/WB/2021-22/490,Ongoing Active,7,49.15,90.39,9.65,16.91
618228,construction of a new 4 lane Parallel to existing MG Setu  with its approaces from km 0.00 to km 14.500 across river Ganga on NH-19 at Patna in the state of Bihar.,Ongoing Active,19,483.6,585.79,6.42,7.08
618230,Rehabilitation and Upgradation to 2-lane configuration of Kalwahn-Mandi Section km 208.950 to 250.592 of NH-70 in the State of Himachal Pradesh under Green National Highways Corridor Project GNHCP with the loan assistance of World Bank on EPC mode.Package-3,Ongoing Active,9,188.33,187.03,6.72,10.23
618231,Rehabilitation and Upgradation to 2-lane configuration of Hamirpur-Karnohal Section km 141.00 to 181.00 of NH-70 in the State of Himachal Pradesh under Green National Highways Corridor Project GNHCP with the loan assistance of World Bank on EPC mode.Package-1,Ongoing Active,11,14.5,22.42,4.9,7.9
618233,Construction of 6-lane bridge on Ganga on NH-96 and its approaches in Phaphamau Allahabad on EPC mode,Ongoing Active,12,28.2,88.23,5.86,9.04
618234,Construction of a new 4-lane major bridge across river Kosi at Phulaut including Rehabilitation and upgradation of existing Birpur and Bihpur section of NH-106 from km 106.000 to km 136.000 to 2-lane with paved shoulders in the State of Bihar on EPC mode,Ongoing Active,20,154.56,201.83,6.01,5.38
618238,Rehabilitation and Up-gradation of Thimmapuram to Gurajanapalli section from Km 26/150 to Km 41/161 of NH - 214  New NH - 216 to two lane with paved shoulder in the state of Andhra Pradesh under NHDP-IV,Ongoing Active,20,55.37,54.11,22.84,19.83
618239,"Rehabilitation & Upgradation of NH214New NH-216 from Km 34/230 to Km 84/550 Losari to Machavaram Section to two lane with paved shoulder in the state of Andhrapradesh under NHDP-IV through Engineering, Procurement& Construction EPC mode.",Ongoing Active,16,101.83,105.48,24.66,26.17
618243,Construction of Basti Ring Road Phase-I with 4L configuration for Basti City in the state of Uttar Pradesh on HAM mode,Ongoing Active,2,,,,
618244,Construction of Raebareli Ring Road Phase-2 with four Lane configuration for Raebareli City in the state of Uttar Pradesh on Hybrid Annuity Model HAM basis,Ongoing Active,2,,,,
618246,Construction of New 4-Lane Bridge Parallel to existing Vikramashila Setufrom km 8920 to Km 13375including approach road 35m Naugachhia side &53 m Bhagalpur sideacross River Ganga on newly declared NH-131B at Bhagalpur in the State of Bihar,Ongoing Active,7,13.77,34.74,2.47,5.19
618249,Widening to 4 lane from km. 108.50 to km 139.00 of NH-135A Pkg-II Jaunpur Akbarpur section on Hybrid Annuity Mode in the state of Uttar Pradesh,Ongoing Active,2,,,,
618250,Construction of 6-Lane Elevated / Extra Dose Cable Bridge on River Ganga parallel to & Western side of Digha-Sonepur Rail cum-Road Bridge of NH 139W in the State of Bihar,Ongoing Active,4,238.93,543.61,15.59,15.44
618252,"Improvement and Up-gradation to two Lane with Paved Shoulder/Four Lane configuration from existing Km 130.000 to Km 191.000 design km 131.500 to Km 188.735, Design length 57.235 Km of NH-227A near Barhalganj to Mehrauna Ghat in the state of Uttar Pradesh on Hybrid Annuity Model HAM basis",Ongoing Active,3,,,,
618255,Two laning with paved shoulders of Lambasingi to Paderusection  of NH 516E,Ongoing Active,6,85.34,76.36,9.33,3.71
618256,"Rehabilitation and Upgradation to 2-lane with paved should ders Sir, configuration of Chaprathipalem to Lambasingi section Km 165500 to Km 205000 of NH-516E in the State of Andhra Pradesh under Green National Highways Corridor Project GNHCP with the loan assistance of World Bank on EPC mode",Ongoing Active,7,6.08,19.37,12.06,15.07
618258,Two laning with paved shoulders of Gondiguda to Araku uptoBhallaguda section of NH 516E,Ongoing Active,7,3.87,11.8,15.76,17.47
618263,"Rehabilitation and Up-gradation to 2LPS from Km. 0.000 to Km. 7.800 and Km. 35.400 to Km. 52.345 Design length  24.745 Km., except Bihar portion of NH-727B Tamkuhiraj to Bihar Border and Bihar Border to Majhauli on EPC mode in the State of Uttar Pradesh",Ongoing Active,3,,,,
618265,Rehabilitation and upgradation to 2-lane with paved sholuders configuration of Miranpur Katra to radhaita section of NH-730CKm.114.000 to Km 137.250pakage-III in state of Uttar Pradesh undergreen national Highway Corridor ProjectGNHCP with the loan assistance of world Bank on EPC mode.,Ongoing Active,10,2.78,18.48,1.85,7.32
618266,Rehabilitation and upgradation to 2-lane with paved sholuders configuration of Bewar- Allahaganj-  section of NH-730C  Km.0.000 to Km 52.770     pakage-I    in state of Uttar Pradesh undergreen national Highway Corridor Project  GNHCP    with the loan assistance of world Bank on EPC mode.,Ongoing Active,9,10.53,39.89,0.61,9.29
618282,4-L Bilasipara-Guwahati Package-10,Ongoing Active,6,284.0,333.18,7.97,13.14
618283,4-L Bilasipara-Guwahati Package-9,Ongoing Active,6,195.83,207.34,8.91,14.14
618284,2/2026} 562.05 (N.A.) {562.05} 154.32 46.99 63 BILASIPURA-GUWAHATI ROAD PKG-8 (NHIDCL ),Ongoing Active,5,34.2,173.67,1.2,9.82
618286,Construction of New 2-Lane Bridge with its approaches from km 0000 to Km 4385 across River Brahmaputra on NH-17 at Jogighopa in Assam on EPC mode,Ongoing Active,11,84.15,108.98,4.89,8.62
618289,Construction and up gradation to 4-Lane of existing two lane with paved shoulder from Hapachara to Tulungia road of NH-117 of existing Km 0.00 to km 14.050 and Design Km 0.000 to km 14.660 under BMP on EPC mode,Ongoing Active,14,7.92,21.76,10.42,19.01
618290,"Construction of 2-lane with Paved shoulder of Kohima- Bypass Road Connecting NH- 39New NH-02, NH-150New NH-02, NH-61New NH-29, NH-39New NH-02 from Design Km 32.00 to Design Km 43.454Design Length-11.454 Km in the State of Nagaland under SARDP-NE on EPC Mode Package-IV",Ongoing Active,15,80.11,68.66,9.65,9.86
618291,"Construction of 2-lane with Paved shoulder of Kohima-Bypass Road connecting NH- 39 New NH-02, NH150New NH-02, NH7-61 New NH-29 and NH-39 New NH-02 from Design km 21.000 to km 32.268 [Design length11.268 km] in the state of Nagaland Under SARDP-NE on EPC Mode Package- 3",Ongoing Active,6,132.11,151.79,18.87,17.29
618292,Construction of 2-Lane with paved shoulder of Kohima-Bypass Road connecting New NH-02 and New NH-29 from Design Km 10.500 to design Km 21.000 [Design Length- 10.500 km]  including TUNNEL of 500m at Ch. 11.000 in the state of Nagaland Under SARDP-NE on EPC Mode Package-2,Ongoing Active,15,35.76,31.82,15.39,16.27
618298,Widening/Improvement of existing 2-Lane road to 4-Lane Divided Highway from Sekmai to Nilakuthi section of  Imphal-Kohima Road Design Chainage from Km 297700 to Km 308729 of NH-39 New NH-02 in state of Manipur on EPC mode Pkg-5B,Ongoing Active,12,44.22,41.93,8.92,9.66
618300,Improvement/Up-gradation of existing 2-Lane Road to 4-Lane Divided Highway from Taphukuki to Daili section of Imphal-Kohima road NH-02 Design Chainage from Km 262175 to Km 274610 in the state of Manipur on EPC mode Pkg-4A,Ongoing Active,15,43.94,44.11,5.19,5.3
618302,Widening/Improvement to 2-lane with earthen shoulder of Yaingangpokpi - Finch corner road section of NH-202 from Km 16.900 to Km 30.970 of NH-202 in the state of Manipur on EPC mode Package-2,Ongoing Active,14,45.05,46.16,5.11,8.35
618304,"Widening/Improvement to 2 Lane with earthen shoulder of Jessami to Laynen bridge Nagaland border section of NH-29 of Imphal -Ukhrul - Jessami Economic Corridor from km 0.000 to km 11.009 in the State of Manipur on EPC mode under Bharatmala Pariyojana, under NHO-NE Package-7",Ongoing Active,3,,,,
618305,Widening/Improvement to 2 lane with earthen shoulder of Marrem Khullen to Jessami section of NH-202 of Imphal - Ukhrul - Jessami Economic Corridor from Design Chainage km 95.700 to km 140.180  in the State of Manipur on EPC mode under Bharatmala Pariyojana under NHO-NE  Package-6,Ongoing Active,3,,,,
618306,"Widening/Improvement to 2 lane with earthen shoulder of Choithar to Marrem Khullen section of NH-202 of Imphal Ukhrul Jessami Economic Corridor from Design Chainage km 53.110 to km 95.700  in the State of Manipur on EPC mode under Bharatmala Pariyojana, under NHO-NE  Package-5",Ongoing Active,2,,,,
618314,4-Laning of Dhanehari Lailapur / Vairengte section from Existing Chainage km 12920 to km 43000 of NH 306 Design Chainage km 20000 to km 49360 on Silchar - Vairengte Sairang road in the State of Assam under Bharatmala Pariyojna on EPC mode. Project Length 29.360 km under NHO-NE Package-2,Ongoing Active,5,11.67,343.93,4.95,5.1
618315,4-Laning of Silchar - Dhanehari section from Existing Chainage km 263800 of NH 37 to km 12920 of NH 306 Design Chainage km 0000 to km 20000 on Silchar - Vairengte - Sairang road in the State of Assam under Bharatmala Pariyojna on EPC mode Package-1,Ongoing Active,5,402.92,610.16,1.59,3.57
618325,Dillai to Lahorijan Package-7,Ongoing Active,3,,,,
618331,lmprovement to 4-Lane with Paved Shoulder from existing km 260000 Design Ch.4560 km to existing km Ch.233000 D. Ch.24560 of Silchar near Nutan Dayapur village - Budha Nagar Section Length-20.00 Km of NH-37 under Package Silchar- Jiribam Pkg-1 in the state of Assam on HAM Mode,Ongoing Active,3,,,,
618333,Widening to 2 lane with Paved shoulder of lmphal to Jiribam section of NH-37 from Design Ch. from km 169570 Near Nungkao vlllage under Tamenglong District to km 205974 near Jiribam Bridge under Jiribam district  under NHO-NE PKG-7,Ongoing Active,2,,,,
618335,Widening to 2 Lane with Paved shoulder of lmphal to Jiribam section of NH-37 from Design Ch. from Km 101280 Near Khongsang Village to Km 131280 near Puilon Kambiron Village on EPC Mode in Manipur PKG-5,Ongoing Active,17,160.6,171.29,4.2,5.05
618342,Rehabilitation and upgradation to 2 Lane with Paved shoulder of Economic corridor  of NH-6 from Design chaiange Km 0.000 to Km 13.510 Package-1 in the state  of Mizoram under Bharatmala Pariyojana on EPC mode,Ongoing Active,9,6.61,14.95,0.51,6.3
618351,Widening & Upgradation to 2 lanes with paved shoulders road from Tamenglong to Mahur NH-137 in the State of Assam starting from km 156.489 near P. Leikul to km 176.410 near Borowapu on EPC mode under NHO-NE Assam portion Package-10,Ongoing Active,6,56.32,103.28,6.48,10.45
618352,Widening & Upgradation to 2 lanes with paved shoulders road from Tamenglong to Mahur NH-137 in the State of Assam starting from km 136.500 near Hejaichak to km 156.489 near P. Leikul Package-9 on EPC mode under  NHO-NE Package-9,Ongoing Active,6,43.54,76.7,5.78,9.75
618353,Widening & Upgradation to 2-lanes with paved shoulders road from  Tamenglong to Mahur NH-137 in the State of Assam starting from km 116.480  near Hangrum to km 136.500 near Hejaichak Package-8 on EPC mode under  NHO-NE Package 8,Ongoing Active,6,199.94,312.83,5.64,9.38
618355,"Construction of of 2 -Lane with paved shoulders road from Tamenglong-Tousem- Lisang-Mahur Road NH-137 starting near Dialong Village from km 10.000 at Dialong to km 31.430 near Old Tamenglong , near Barak River on EPC Mode Package-2",Ongoing Active,13,43.95,49.01,3.94,5.79
618357,Construction of 2 -Lane with paved shoulders road from Tamenglong to Mahur NH- 137 in Manipur starting from km 54.180 near Azuram to km 80.630 near Mandeu on EPC Mode Package 5,Ongoing Active,11,47.6,54.45,6.08,6.79
618358,Construction of 2 -Lane with paved shoulders road from Tamenglong to Mahur NH- 137 starting from km 80.630 near Mandeu to km 96.870 near Jiri River on EPC Mode Package-6,Ongoing Active,11,25.24,30.54,12.14,11.99
618359,Widening/Improvement to 4-Lane with Paved Shoulder from km 55000 Nagabang Gamsuk to km 82514 Oyan in the State of Assam and Arunachal Pradesh on EPC mode under Bharatmala Pariyojna of Length 27.514 Km Package-3,Ongoing Active,4,24.8,69.11,0.53,4.18
618362,Construction of 2-laning with hard shoulder of Lunglei to Chhumkhum from Design Chainage Km 0.000 to Km 37.420 of NH-302 [Lunglei-Tlabung] Package-A,Ongoing Active,13,35.11,44.42,7.29,10.39
618363,Construction of 2-laning with hard shoulder configuration of Chhumkhum to Tlabung from Design Chainage Km 37.420 to Km 74.950 of NH-302 in Mizoram under Bharatmala Pariyojana on EPC mode [Pkg-B],Ongoing Active,13,62.3,82.14,10.53,13.35
618367,Improvement and Widening to 2-lane with paved shoulder of road from design Km 72.000 Pati Chhari to design Km 107.654 Harina Total length 35.654 Km on Teliamura to Harina section of NH 208 in the state of Tripura on EPC mode under JICA ODA Loan Phase VI Package-4,Ongoing Active,3,,,,
618371,"Widening/Improvement to 4-Lane with Paved Shoulder configuration of existing single lane road from Srirampur near Bhairiguri Village to Kachukhana Harichara Paglagaunj Package-I of Srirampur - Dhubri Section of NH-127B from existing Km 0.000 to Km 28.050 Design Km 0.000 to Km 27.650, Design Length27.650 Km under JICA ODA Loan assistance Phase-V -Balance work",Ongoing Active,7,119.86,129.18,1.78,3.82
618373,"Construction of 4-Lane Bridge including approaches over River Brahmaputra between Dhubri on North Bank,Assam and Phulbari on south Bank,Meghalaya on NH-127B under JICA ODA Loan assistance Phase-III",Ongoing Active,13,336.81,345.16,5.09,3.83
618379,Widening and Up-gradation to 2- Lane with Paved Shoulder Configuration and geometric improvement from Km. 208. 000 to Km 250.000 Package-5 on Aizawl Tuipang Section of NH-54 in the State of Mizoram Package-5,Ongoing Active,20,51.61,59.26,5.86,5.34
618380,Widening and Up-gradation to 2- Lane with Paved Shoulder Configuration and geometric improvement from Km. 125. 000 to Km 166 Package-3 on Aizawl Tuipang Section of NH-54 in the State of Mizoram Package-3,Ongoing Active,20,105.97,135.06,5.98,8.45
618381,Widening and up-gradation to 2-lane with paved shoulder configuration and geometric improvements from km 250.00 Lunglei to km 298.00 on Aizawl-Tuipang section under JICA ODA Loan assistance Phase-I Package-6,Ongoing Active,20,51.94,81.33,4.53,7.16
618383,Widening and up-gradation to 2-lane with paved shoulder configuration and geometric improvements from km 339.00 to km 380.00 Siaha on Aizawl-Tuipang section under JICA ODA Loan assistance Phase-I Package-8,Ongoing Active,20,61.26,77.21,4.31,7.31
618384,Widening and Up-gradation to 2- Lane with Paved Shoulder Configuration and geometric improvement from Km. 166. 000 to Km 208.000 Package-4 on Aizawl Tuipang Section of NH-54 in the State of Mizoram Package-4,Ongoing Active,20,59.82,75.92,5.73,6.6
618386,Rehabilitation & Upgradation of Road from Km 0.00 to Km 18.600 Total length-18.600 km of Kumarghat-Kailashahar section on NH-208 to 2-lane with Paved shoulder on EPC bais under NHO,Ongoing Active,2,,,,
618388,Construction of 2-laning with Hard shoulder road of Ukhrul - Tolloi - Tadubi section of NH-102A from Design Chainage 50.850 km to 81.870 km in the State of Manipur on EPC mode under NHO-TSP Package -3,Ongoing Active,6,8.56,11.52,7.47,6.65
618389,Construction of 2-laning with Hard shoulder road of Ukhrul - Tolloi - Tadubi section of NH-102A from Design Chainage 81.870 km to 105.825 km in the State of Manipur on EPC mode under NHO-TSP Package -4,Ongoing Active,9,1.11,16.22,3.35,3.25
618390,"Construction, Operation & Maintenance of 2-L Bi-directional Silkyara Bend- Barkot Tunnel with escape passage including approaches Tunnel-4.531 & Approach road- 0.328 on Dharasu-Yamunotri section b/w Chainage 25.400km and 51.00km falling along NH-134 Old NH-94 on EPC mode",Ongoing Active,20,215.64,239.7,6.48,8.53
618391,"Construction for Mitigation Measures of 5 Nos. Landslides, 05 No. Sinking Zones and 01 No. Bridge from Ch. 450.00 to Ch. 468.00 18 Km. Length on NH-07 Package-III",Ongoing Active,4,12.96,7.56,11.3,13.79
618392,"Construction for Mitigation Measures of 5 Nos. Landslides, 5 Nos. Sinking Zones in between Ch. 433.00 to 450.00 BANERPANI VILLAGE on NH-07 on EPC mode in the state of Uttarakhand Package-2",Ongoing Active,3,,,,
618393,"Construction for Mitigation Measures  of 10 Nos. Landslides, 01 No. Sinking Zones and 1 No. of Minor Bridge in between at Ch. Km 368.00 to Km 433.00 on NH-07 on EPC Mode in Uttarakhand Package-1",Ongoing Active,4,62.88,71.64,6.97,0.74
618395,"Construction & Upgradation to 2-lane with paved shoulder from Design Ch. Km 51700 at Premnagar km 66315 to Km 66535 New Thatri at Start of Km 83rd, Tunnel Km 82665 of 14.835 Km design length on Chenani-Sudhmahadev-Goha Khellani- Kishtwar-Vailoo Donipawa-Ashajipora section of NH-244 in the UT of J&K on EPC Mode under NHO-Gen Pkg - 2",Ongoing Active,13,218.53,196.59,9.11,10.9
618399,Construction of Kishtwar bypass with 2 lane with paved shoulder from Design Km. 80.675 Dulhasti to km 95.550 Bandarkoot  of 14.88 km & a link road to Kishtwar town from 0000 to 1.871 of length1.871 Km on Khellani - Kishtwar - Chattroo section in UT of Jammu and Kashmir on EPC Mode Pkg-4,Ongoing Active,13,320.28,317.96,13.14,15.47
618402,"Construction of Intermediate Lane with Hard Shoulder of Hunli to Hayuliang from Design Km 0.000 to Km 53.000 Design Length 53.000 km, Greenfield Section of Frontier Highway NH-913 in the State of Arunachal Pradesh on EPC Mode Package-I",Ongoing Active,3,,,,
618407,Jammu-Akhnoor Road Pkg-I,Ongoing Active,8,133.75,123.4,8.37,18.41
618409,Widening & Up-gradation to 2 lane with Paved shoulder of NH-301 Kargil- Zanskar Road from Design km 57.000 Ex. Km. 57.905 to Km 87.000 Ex. Km. 88.2491 of 30.000 Km length Pkg-lll,Ongoing Active,13,56.9,56.08,6.58,11.17
618410,Widening & Up-gradation to 2 lane with paved shoulder of NH-301 Kargil- Zanskar Road from Design Km .30.040 Ex. Km. 30.000 to Design Km 57.000 Ex. Km. 57.905 of 26.960 Km length Pkg-II,Ongoing Active,13,56.09,42.12,2.56,4.93
618411,Melaghar-Srimantapur section on NH-08 Spur from Km 23 to Km 34.500 11.5 Km and overlay from Km 20.30 to Km 22.00 1.7 Km Total Length  13.2 Km,Ongoing Active,6,79.13,84.65,6.04,10.95
618412,Construction of i Connecting Road from Z-Morh Tunnel to Zojila Tunnel Road Length 18.475km and ii 14.150 Km long 2-L Bi-directional single tube Zoji-la Tunnel across Zojila Pass on Sonamarg - Kargil section from Km 82 to Km 118 of NH-01 under PMDP,Ongoing Active,14,566.96,593.17,4.49,4.56
618416,"Improvement of existing road to 2 laning with Hard Shoulders of Maram -Peren section Package-1A, length- 22.340Km from Design Chainage 0.000 km to 22.340 km on NH-129A in the State of Manipur on EPC mode",Ongoing Active,13,41.12,32.24,14.13,14.14
618417,"Construction of 4-Lane with paved shoulder Agartala bypass Western side, length 25.402 km connecting NH-8 near Amtali to NH-108B near Lembuchhera in the state of Tripura on EPC basis under NHO-NE",Ongoing Active,5,819.64,807.78,7.49,9.5
618418,Rehabilitation and up gradation of Nongstoin-Rambrai-Kyrshai road up to Meghalaya- Assam border from Km 0.335 to km 34.039 to 2-Lane under NHO - NE in the State of Meghalaya  Package-1,Ongoing Active,9,54.68,26.69,11.31,14.37
618419,"Construction of 2-Lane with paved shoulders of Shillong Western Bypass starting from NH-06 near Ladumsaw existing Km 60.900 of old NH40 to NH106 old NH 44E Package-III, from km 24700 to km 38256 under SARDP-NE PHASE A in the state of Meghalaya on EPC Mode Greenfield alignment",Ongoing Active,4,122.13,131.47,5.28,4.04
618420,"Construction of 2 lane with paved shoulder of Shillong Western Bypass starting from NH-06 near Ladumsaw existing km 60.900 of old NH-40 to NH-106 old NH-44E, Package-II km 12800 to km 24700 under SARDP-NE Phase A in the State of Meghalaya on EPC Mode",Ongoing Active,4,56.0,97.33,2.33,0.04
618421,"Construction of 2-Lane with paved shoulder of Shillong Western Bypass starting from NH-06 near Ladumsaw Existing km 60.900 of old NH-40 to NH106 old NH-44E, km 0000 to km 12800 Package-I under SARDP-NE PHASE A in the State of Meghalaya on EPC Mode Greenfield alignment",Ongoing Active,4,57.61,95.14,2.23,0.27
618426,Construction/Up gradation of Existing road to 2 Lane with Paved Shoulder including Geometric Improvement from Ranipool to Pakyong Balance work from Km 2.000 to 16.167 of NH-717-A on EPC basis under SARDP-NE Phase A in the State of Sikkim,Ongoing Active,15,6.84,10.3,3.42,5.68
618427,Construction & upgradation of existing road to 2-lane with paved shoulder including geometric improvement of Kafer- Lava More section from km 40.00 to km 61.100 of NH717-A on EPC under SARDP-NE A in state of West Bengal Pkg-VA,Ongoing Active,14,73.23,63.02,3.39,7.64
618429,Construction & upgradation of existing road to 2-lane with paved shoulder including geometric improvement of sect. from Pedong bypass to Reshi Border km 79.700 to km 96.254 of NH-717A under SARDP-NE-A on EPC as part of Alternate connectivity to Gangtok Lava More-Reshi Border  Pkg-VB,Ongoing Active,14,22.27,44.86,7.66,11.58
618430,Construction of alternative highway to Gangtok in Sikkim via Bagrakot -Chuikhim- Nimbong -Kafer-Bakhim-Algarah-Rhenock in the State of West Bengal and from Rhenok-Rorathang-Pakyong along with spur from Aritar-Rolep-Menla in the State of Sikkim from Km 0.00 to Km 13.00 of Bagrakot -Kafer section of NH 717A on EPC Mode under Phase-A of SARDP-NE in the State of West Bengal PKG- IVA,Ongoing Active,15,14.85,18.98,4.19,5.47
618431,Construction of alternative highway to Gangtok in Sikkim via Bagrakot -Chuikhim- Nimbong -Kafer-Bakhim-Algarah-Rhenock in the State of West Bengal and from Rhenok-Rorathang-Pakyong along with spur from Aritar-Rolep-Menla in the State of Sikkim from Km 13.00 to Km 25.60 of Bagrakot -Kafer section of NH 717A on EPC Mode under Phase-A of SARDP-NE in the State of West Bengal PKG- IVB,Ongoing Active,14,80.0,73.36,4.46,7.2
618432,Construction of Balance work of 2-Lane with PS of Joram-Koloriang Road NH-713 on EPC basis from Design Km 44.989 to Km 61.547 Existing Km 50.050 to Km 70.000 in the state of Arunachal Pradesh under SARDP-NE Pkg-3,Ongoing Active,13,9.53,13.03,13.65,6.62
618434,Roing-Hunli Road Greenfield Alignment Project,Ongoing Active,20,273.78,322.81,6.23,6.05
618435,4-Laning from Rangagara to Kaliabor Tiniali from km 297.00 to km 315.315 of NH-37 on EPC basis under SARDP-NE in state of Assam,Ongoing Active,30,26.35,28.6,17.09,16.23
618445,Construction of 2-Laning with hard shoulders of Demwe-Brahmakund section of NH- 13 from Ch.0.00 km to 18.464 km on EPC under SARDP-NE NHO-NE -Balance Work,Ongoing Active,13,175.8,190.97,6.27,4.07
618452,"2-laning of Zorinpui - Longmasu section of NH-502A from km 0.000 to km 28.244 in the State of Mizoram on EPC mode under NHO-NE, stretch of IMBR",Ongoing Active,3,,,,
618456,Delhi-Vadodara Greenfield Alignment NH-148N Pkg-14 Ch. 388.420 to Ch. 419.000 [Junction with NH- 76 to Junction with NH-12 near village Ummedpura],Ongoing Active,8,4.5,64.63,13.15,13.52
618457,Delhi-Vadodara Greenfield Alignment NH-148N Pkg-10 Ch. 292.950 to Ch. 319.400 [End of Interchange on NH-166 near village Mui to Hardeoganj village near Indergarh],Ongoing Active,8,11.42,45.86,10.08,13.19
618458,Delhi-Vadodara Greenfield Alignment NH-148N Pkg-15 Ch. 419.000 to Ch.427.300 [Junction with NH-12 near village Ummedpura to Major bridge over Takli river near Nayagaon Jageer village],Ongoing Active,8,74.37,57.55,5.54,4.33
618459,Delhi-Vadodara Greenfield Alignment NH-148N Pkg-26 Ch.696890 to Ch.726390,Ongoing Active,9,72.44,32.67,4.57,5.62
618461,Delhi-Vadodara Greenfield Alignment NH-148N Pkg-30 Ch 803420 to Ch.824920 [Baletiya Village - Junction near Pratap Nagar Village],Ongoing Active,8,29.74,81.85,2.04,13.93
618465,Vadodara Mumbai Expressway Gandeva to Ena Phase IB - Pkg VII [Km 190.00 to Km 217.500],Ongoing Active,8,173.39,119.07,4.44,6.05
618468,Vadodara Mumbai Expressway Phase II - Pkg XI [Km. 77.000 to Km. 103.400] Ganjad - Talsari,Ongoing Active,9,60.16,123.4,2.02,1.21
618469,Vadodara Mumbai Expressway Phase II - Pkg XIII [Km. 26.582 to Km. 50.700] Shirsad - Masvan,Ongoing Active,9,299.41,180.77,2.73,4.76
618470,Vadodara Mumbai Expressway Phase II - Pkg XIV [Km. 3.000 to Km. 20.200 of Spur] Shirsad - Akloli,Ongoing Active,9,168.6,126.84,1.44,3.53
618471,Vadodara Mumbai Expressway Phase II - Pkg XV [Km. 20.200 to Km. 43.000 of Spur] Akloli - Amne,Ongoing Active,9,266.89,279.61,6.56,3.99
618472,Vadodara Mumbai Expressway Phase II - Pkg XVI [Km. 43.000 to Km. 69.800 of Spur] Amne - Bhoj,Ongoing Active,9,267.15,290.19,6.45,9.6
618473,Vadodara Mumbai Expressway Phase II - Pkg XVII [Km. 69.800 to Km. 79.783 of Spur] Bhoj - Morbe,Ongoing Active,8,160.35,230.13,1.76,1.58
618475,Bangalore Chennai Expressway Phase-II Pkg-II from km.96.000 to Km 127.000 Baireddypalle to Bangarupalem section,Ongoing Active,6,73.1,336.28,10.1,8.86
618476,Bangalore Chennai Expressway Phase-II Pkg-III from km.127.000 to Km 156.000 Bangarupalem to Gudipala section,Ongoing Active,7,44.62,99.03,4.9,9.02
618477,Bangalore Chennai Expressway Phase-III  Package I Gudipala to Walajajhpet from Km 156.000 to Km 180.000,Ongoing Active,8,68.69,280.72,3.45,5.19
618478,Bangalore Chennai Expressway Phase-III  Package II Walajahpet to Arakkonam from Km 180.000 to Km 204.500,Ongoing Active,8,30.11,84.41,7.22,3.16
618479,Bangalore Chennai Expressway Phase-III  Package III Arakkonam to Kancheepuram from Km 204.500 to Km 230.000,Ongoing Active,8,135.58,328.22,23.83,27.46
618486,Delhi-Amritsar-Katra Expressway Phase-I Pkg-V from Junction with Ambala-Kaithal- Hissar road NH-152 near Kharak Pandwa village to Junction with Patiala-Samana- Patran road SH-10 near Ghagga village Km 120250 to Km 157920,Ongoing Active,8,32.05,244.03,2.09,3.34
618489,Delhi-Amritsar-Katra Expressway Phase-I Pkg-IX from Junction with Ludhiana-Moga road NH-5 near Mullanpur Dakha to Junction with Jalandhar - Moga road NH-703 near Kang Sahibu village Km 260860 to km 303900,Ongoing Active,13,82.73,113.11,3.18,4.86
618492,Delhi-Amritsar-Katra Expressway Phase-I Pkg-XII from Junction with Amritsar-Mehta- SriHargobindpur-Tanda road NH-503A near SriHargobindpur to Junction with Pathankot-Gurdaspur road NH-54 near Gurdaspur Km 362420 to km 397700,Ongoing Active,12,198.26,204.47,6.89,8.23
618493,Delhi-Amritsar-Katra Expressway Phase-I Spur-I from Jn. with Kapurthala - Sultanpur Lodhi Road NH-703A near Isharwal village to Jn. with Kapurthala - Tarn Taran road NH-703AA near Goinwal Sahib [Km 24000 to Km 41000 of Amritsar connectivity],Ongoing Active,6,156.94,185.07,19.75,25.63
618495,4/6L Access Control Expressway from Design Chainage Km 515.000 to 528.300 Kunjwani to Sidhra Section of NH-44 and from Design Chainage Km 550.900 to Km 566.520 Domel to Katra Section Phase II-Package XVII,Ongoing Active,6,161.65,414.47,7.89,14.76
618496,Delhi-Amritsar-Katra Expressway Phase-II Pkg-XVI Existing Jakh Vijaypur-Kunjwani section of NH-44 including spur Connectivity to Jammu Airport  NH-144A [Km 503500 to km 514500],Ongoing Active,8,47.94,129.26,3.88,2.65
618497,Delhi Amritsar Katra Expressway Phase-II Pkg XVIII Development and Upgradation of Four lane Access Control Expressway from Design Chainage KM 530.00 to KM 545.300 Sidhra to Domel Section of NH-44,Ongoing Active,6,44.73,19.3,11.11,15.98
618499,6L Elevated Kanpur - Lucknow Exeressway Pkg-1 from Km. 10980 to Km. 28500,Ongoing Active,8,116.28,131.09,2.71,1.08
618500,Construction of 4L Connector from Delhi Meerut Expressway Km 50.000 of Pkg IV to Km 8.520 of NH-235 Pkg-5,Ongoing Active,8,76.77,59.38,5.08,2.3
618504,Ahmedabad - Dholera Pkg IV from km. 71.06 to km. 109.019 [Start of DSIR zone - Adhelai Village],Ongoing Active,10,30.11,49.75,1.94,2.07
618505,Additional Structures on 6LGurgaon-Jaipur Section of NH-48 between KM 42.700 to KM 273.00,Ongoing Active,6,24.14,25.59,12.69,17.28
618512,Tunnel at Khambataki Ghat Section and its approaches from existing Km. 771.730 to existing Km. 782.000,Ongoing Active,9,48.57,87.63,4.76,9.56
618513,6L of Kagal-Satara section from Km 592.500 to Km 658.000 of NH-48 Pkg-I,Ongoing Active,8,146.5,156.9,5.34,8.64
618514,6L of Kagal-Satara section from Km 658.000 to Km 725.000 of NH-48 Pkg-II,Ongoing Active,8,530.68,476.66,20.83,22.67
618516,6L from Sankeshwar Bypass to MH-KNT Border from Km. 555.017 to Km. 592.853 of NH-48 Pkg-II,Ongoing Active,8,91.96,106.99,5.1,4.02
618517,4/6L of Bangalore - Pune Section of bypass connecting Dharwad - Hubli from km. 403.80 to km. 433.20,Ongoing Active,6,13.26,21.92,2.53,8.93
618519,Bangalore Ring Road STRR-NH-948A- Package-I of Phase-III from Belagondapalli TN to TN/KNT border from km 144.480 to 179.969,Ongoing Active,6,20.22,84.13,7.95,9.84
618520,4L of km 0.00 to km 42.00 of Dobbaspet to Doddaballapura Bypass section of NH-648 old NH-207] [Bangalore Ring Road Pkg 1],Ongoing Active,4,197.24,178.21,10.98,26.96
618523,Bhadrak KM 136.500 to Baleshwar KM 199.141,Ongoing Active,24,45.69,51.55,7.16,9.42
618526,6L of Gundugolanu Design km 1023.280 to Kalaparru Design km 1050.680 of NH-5 New NH-16,Ongoing Active,9,22.8,25.51,16.29,19.14
618529,Varanasi Ring Road Pkg-II connecting Sandaha Village km 11.70 / NH-29 with Revasa Village km 818.80 / NH-2,Ongoing Active,8,775.6,1006.11,36.39,32.05
618530,Six Laning of Varanasi to Aurangabad from km. 786.00 to km. 978.40 of Old NH-2,Ongoing Active,42,203.3,230.94,31.64,27.49
618531,6L of Aurangabad to Bihar-Jharkhand border Chordaha section from km. 180.000 to km. 209.827 of NH-2 PKG-01,Ongoing Active,8,171.63,208.19,1.43,1.7
618532,6L of Aurangabad to Bihar-Jharkhand border Chordaha section  from km. 209.827 to Km. 249.525 of NH-19 PKG-02,Ongoing Active,8,55.14,106.93,1.58,5.1
618537,Construction of Ring Road around Kanpur from Km.000 to Km. 23.325 Chachendi Sachendi I to Maharajpur Package-I,Ongoing Active,6,153.59,242.95,4.53,4.4
618541,4L Ring road/bypass around Srinagar city from km 0.000 to km 42.100 Phase-I,Ongoing Active,9,110.74,67.23,3.47,4.78
618545,"4L of Km.165.092 to Km.171.855 North Bound and from Km.166.895 to Km.173.638 South Bound, excl.  certain reaches of North Bound and South Bound of Ramban to Banihal Pkg-III of Old NH-1A New NH-44",Ongoing Active,8,24.37,34.15,29.58,33.61
618546,Construction of Tunnels/Viaducts at identified sliding/slip zones at Km 130.550 to Km.130.750 Km.  131.170 to Km. 131.763 Km. 132.560 to Km. 133.168 Km. 133.590 to Km. 133.743 and Km. 147.877 to Km. 148.715 of Udhampur-Ramban section of NH-44,Ongoing Active,7,23.78,55.2,0.73,8.17
618547,2L NH-1 from km 8.660 to km 33.775 Sumbal to Wayul to 4L dual carriageway NH standard as part of Srinagar Ring Road PhaseII [Design Ch. 41.907 to Ch. 66.609],Ongoing Active,5,28.63,53.0,9.44,8.62
618549,Construction of twin tube tunnels on Jammu Kashmir Ring Road NH-244A Between Design Ch. 50600 to 51700 and design Ch. 53535 to 55700 on EPC mode under residual NHDP component of Bharatmala Pariyojna,Ongoing Active,6,69.49,73.31,1.96,9.39
618550,Corridor Efficiency Improvement including removal of black spots in Lakhanpur - Samba section of NH-44 from Chainage Km. 16.300 to Km. 74.100,Ongoing Active,8,69.6,114.5,6.23,12.99
618552,Development of 6L Greenfield Jalandhar Bypass starting from Kahlwan NH-03  ending at Kang Sahbu NH-703  via Sarmastpur NH-44 - Madara NH-03 - Khajurla NH-44,Ongoing Active,8,75.37,179.75,12.23,17.92
618554,Construction of left out portion of Agra Inner Ring Road connecting village Deori to NH-44 village Bad from Km. 0.000 to Km. 7.772,Ongoing Active,7,10.25,26.21,4.16,7.84
618555,"Flyover at Km.544.650 including ROB, Service Roads ,Footpath for RCC drains on urban link to Nagpur -Raipur road Pardi octroi Naka to Itwari",Ongoing Active,30,55.66,68.66,22.12,19.42
618556,"Construction of 26 VUPs, Major Bridge, Service Road etc. on Lalitpur-Sagar- Lakhnadon section of NH-44 NS",Ongoing Active,20,61.5,106.38,5.85,5.53
618557,4L of Indora Chowk to Pachpaoli and Agrasen Chowk - Ashoka Chowk,Ongoing Active,6,26.44,19.84,6.89,4.22
618558,Improvement of Geometrics of Kalkallu to Gundla Pochanpalli from Km 454.00  to Km 471.00 of NH-44,Ongoing Active,8,102.32,72.74,9.26,3.95
618559,6L of existing 4L from Gundlapochampally  to Bowenpally from km 471.300 to  km 481.331 of NH-44,Ongoing Active,8,22.97,32.5,2.71,3.37
618560,Improvement of Geometrics of Thondupally to Kothur from Km 22.300 to Km 34.14 of NH-44,Ongoing Active,6,117.03,112.78,4.43,1.86
618563,4L of Madurai Ring Road Phase 1 [Vadipatti-Thamrapatti] from km 0.00 - km 29.960,Ongoing Active,8,27.68,18.57,0.21,4.36
618565,Strengthening of existing 4L Ayodhya Bypass Section from design Km. 121 600 to Km. 144020 of NH 28 New NH 27Pkg-3,Ongoing Active,6,8.66,21.82,9.22,7.77
618566,4L Green Field Northern  East side Gorakhpur Bypass 26.616 Kms starting from NH- 29E Chainage 83.308 and end at NH-28 Chainage 285.100,Ongoing Active,6,392.22,421.75,5.01,2.04
618569,Balance work - WB-10 Gandak Bridge Km 402.00 to Km 440.00 Devanpur - Kotwa,Ongoing Active,6,67.9,81.33,32.4,34.73
618570,4L Elevated Highway and at grade improvements at Gopalganj Town from Km. 384.000 to Km. 386.750 on NH-27,Ongoing Active,8,7.58,15.19,8.24,2.37
618571,Permanent rectification of 3 nos. of black spots in project Highway NH-27 of U.P border - Dewapur - Kotwa section from Km.360.915 to km.440.000 Total Length of 79.085 Km of NH-27& Permanent rectification of 5 nos. of black spots of project Highway NH-27 of Kotwa - Mehsi - Muzaffarpur Section from km.440.000 to km.520.000 Total length 80.00Km,Ongoing Active,6,11.25,11.07,6.13,7.63
618574,Balance Works of 4L of NH-31D from Km. 113.200 to Km. 154.854 Package-II A Ghoshpukur-Salsalabari Section,Ongoing Active,4,166.18,150.94,5.94,8.7
618576,"6L Standalone Flyovers at Raha, Demow, Borghat, Kathiatali junctions and ROB at Jagiroad on stretches of NH 36 and NH 27",Ongoing Active,19,12.29,15.25,13.24,17.3
618578,6L Access Controlled Highway from DND Maharani Bagh - Jn. with Jaitpur - Pushta Road of NH-148NA from km. 0.00 to km. 9.00 in NCR,Ongoing Active,6,180.9,130.85,7.44,8.08
618580,Gohana - Sonipat PKG-2,Ongoing Active,11,313.39,285.65,15.75,17.84
618585,6L of Gonde Km. 439.038 to Pimpri Sado Km. 459.905 section of NH-848 Old NH-3,Ongoing Active,19,109.4,100.63,3.66,4.41
618589,Durg-Raipur Bypass Section Package - 1 from km. 0.00 to km. 44.50 near Tendesara to near Khatti Village,Ongoing Active,5,12.81,117.6,5.45,9.09
618590,Durg-Raipur-Arang Package - 2 from km. 44.50 to km. 92.23 near Khatti Village to near Aurang,Ongoing Active,5,201.19,145.45,5.65,3.88
618594,Balance work of 4L Panvel to Indapur section of NH-66 Old NH- 17 from km 0.000 Panvel to km 42.300 Kasu,Ongoing Active,8,17.88,24.4,9.46,8.58
618597,6L of Azhiyur-Vengalam from km. 189.200 to km. 230.400 of NH-66,Ongoing Active,8,241.47,593.5,5.12,8.67
618599,6L of Ramanatukkara Junction to start of Valanchery bypass section of NH-66,Ongoing Active,8,301.39,249.6,0.66,2.41
618600,6L of Valanchery bypass to Kappirikkad of NH  66 from km. 298500 to km 335850,Ongoing Active,8,14.39,385.19,19.09,14.15
618601,6L of  Kappirikkad to Thalikulam section from km 335.85 to km 369.015 of NH - 66 old NH-17,Ongoing Active,8,442.04,683.37,4.94,6.02
618602,6L of Thalikulam to Kodugallur section from km 369.015 to km 397.850 of NH - 66 old NH-17,Ongoing Active,8,20.55,228.75,2.57,4.28
618603,6L of Kodugallur to Edapppally section from km 397.750 to km 423.780 of NH - 66 old NH-17,Ongoing Active,8,255.7,459.95,11.54,18.72
618606,Paravoor-Kottankulangara,Ongoing Active,8,155.66,161.97,11.33,17.86
618608,4L of left-over works including additional structures from Kerala/Tamil Nadu border to Kanyakumari Section from Km 43.0 to Km 96.174 of NH66,Ongoing Active,5,21.46,50.19,2.6,0.57
618610,6L of Jodhpur Romana Bathinda - Mandi Dabwali Punjab Haryana Border section of NH-54 from km. 0.000 to km. 27.400 of NH-54,Ongoing Active,6,70.72,109.28,7.56,22.06
618615,Sanchore - Santalpur from km 99.000 - km 130.073 of NH-754K AJ-RGBS-Package-4,Ongoing Active,8,16.65,12.32,3.69,10.46
618617,6L Amritsar-Bathinda Greenfield section from village Tiba on NE-5A to Jn. with Moga Jalandhar road NH-703 near Dharamkot from km 0.000 to km 39.000 of NH-754A Pkg-1,Ongoing Active,8,64.2,90.47,10.4,18.46
618618,6L Amritsar-Bathinda Greenfield section from Jn. with Bhagta Bhai Ka-Bhadaur Road near Dyalpura Bhai Ka to Jn. with Mandi Dabwali Bathinda Road on NH-54 near Sangat Kalan from km 93.000 to km 154.866 of NH-754A Pkg-3,Ongoing Active,6,163.35,241.85,1.88,2.53
618619,Bypass on Western side of Gwalior City,Ongoing Active,20,231.41,226.22,8.27,7.09
618620,"Additional works 2VUPs, MR-10 junction flyover and underpass in Six lane Indore- Dewas section of NH-52 in the state of Madhya Pradesh on EPC Mode",Ongoing Active,7,24.12,9.26,17.37,20.38
618621,Indore - Edlabad Pkg-II [Tejajinagar to Balwara],Ongoing Active,6,89.87,143.42,8.81,9.61
618622,4L of Indore - Boregaon Pkg-III [Balwara to Dhangaon] from km. 42.260 to km. 82.660 of NH347BG & 753L,Ongoing Active,8,329.96,438.79,12.8,11.64
618624,Mangloor to Telangana Maharashtra Border,Ongoing Active,10,64.85,97.01,11.72,5.57
618628,Strengthening of Existing Alignment of Pandharpur Town Part Bypassed Section of NH 965 from KM 36.230 to KM 44.230 from Chh. Shivaji Maharaj Chowk to Wakhari,Ongoing Active,5,84.2,68.67,12.61,18.89
618629,Nandigama Bypass and Kanchikacherla bypass,Ongoing Active,6,79.32,73.48,34.29,46.18
618630,6L of MH/KN Border Nimbal Village to KN/TS Border Singnodi Village from Km. 26.000 to Km. 97.000 in Gulbarga of NH-150C Pkg-II,Ongoing Active,8,103.75,154.03,6.9,4.24
618631,6L of MH/KN Border Nimbal Village to KN/TS Border Singnodi Village from Km. 162.5 to Km. 203.100 in Raichur of NH-150C Pkg-IV,Ongoing Active,7,41.97,81.73,2.5,6.53
618632,6L Access Controlled Greenfield Highway of Nandinne village to Julekal village from Km 202.900 to Km 242.200 Pkg-1,Ongoing Active,8,135.21,85.59,12.74,15.45
618634,6L of Veera Kaveri Raja Puram to Pondavakkam from km 61.380 to km 96.040 of NH 716B Pkg-III,Ongoing Active,7,54.81,140.98,2.98,10.34
618635,6L of Pondavakkam to Kannigaipair from km 96.040 to km 116.100 of NH 716B Pkg- IV,Ongoing Active,7,115.66,217.21,12.84,17.66
618637,Bal. Works of Fagne Km. 510.000 to Maharashtra/Gujarat Border Km. 650.794,Ongoing Active,8,59.5,37.85,13.01,16.28
618638,Tarsod - Fagne section of NH-6,Ongoing Active,18,33.7,64.05,4.34,3.83
618639,4L of Bilaspur to Urga km 0.00 to 70.2 of NH-130A,Ongoing Active,8,376.77,95.89,8.74,2.67
618644,4L of Ormanjhi-Gola section from Km 81.450 to Km 53.600 of NH- 320BPKG-II,Ongoing Active,7,46.57,145.24,2.24,3.11
618645,4L of Gola-BokaroJaina More section from Km 53.600 to Km 21.110 of NH-320PKG-1,Ongoing Active,6,146.96,192.27,5.97,3.67
618647,6L Access Controlled Ludhiana-Bathinda Greenfield highway from Jn. with Amritsar- Bathanda Greenfield Road NH-754A near Rampura Phul to Jn. with Moga-Barnala Road NH-703 near village Tallewal from Km 0.0 to Km 30.3 of NH-754AD Pkg-1,Ongoing Active,5,23.44,76.64,1.34,2.64
618654,4L Greenfield Rudhi to Deshgaon Pkg V of Betul-Khandwa/Deshgaon,Ongoing Active,6,32.69,35.72,5.31,7.51
618663,i 4L  Vidisha to Hinotiya from km 0.000 to Km 27.000 Vidisha  Mehulwa-Talbehat Pkg- I Section of NH- 346 and ii 4L Vidisha to Morikori from Km 39.000 to 59.476  section of NH-146,Ongoing Active,6,40.08,82.49,7.45,4.51
618664,Berkhedi to Godpehra on NH-44 Sagar link road,Ongoing Active,8,239.05,294.12,5.32,1.39
618665,4L of Sagar - Mohari from Km.8 to Km.50 Pkg-I,Ongoing Active,8,69.66,145.46,15.71,14.46
618672,4-lanning of Gyaraspur to Rahatgarh section of NH-146 from Design Ch. 88361 to Ch 124470 in the state of MP on HAM mode,Ongoing Active,20,52.81,64.98,5.22,4.81
618675,Development of 6L of Basanwahi  Marangpuri Section from km 99.500 to km 124.661 of NH-130-CD,Ongoing Active,6,51.32,119.12,2.87,8.15
618677,6L Greenfield Kaliagura   Baunsaguar Section of NH-130-CD Road from km 249000 to km 293000 Package  OD-5,Ongoing Active,8,28.12,84.26,1.98,3.87
618678,6L Greenfield Baunsaguar - Baraja Section of NH-130-CD Road from km 293000 to km 338500 Package  OD-6,Ongoing Active,8,32.32,49.43,0.77,3.27
618681,6L Aluru - Jakkuva Section of NH-130CD Road from km 365.033 to km 396.800 Pkg. 1,Ongoing Active,8,37.11,103.74,0.41,3.34
618687,Outer Ring Road of Jabalpur Town from Barela to Manegaon Pkg-1,Ongoing Active,6,142.86,221.02,2.67,3.63
618690,"4 lanning of Aligarh Palwal section from km 0.00 to km 46.39 package -1 from khereshwar junction-kurana of NH33D  , including khair & jattari bypass in the state of UP on HAM mode",Ongoing Active,19,167.55,163.76,3.99,2.5
618694,Indore - Harda Pkg-I [Indore to Raghav Garh from km. 0.25 to km. 26.903],Ongoing Active,8,63.54,133.8,10.36,8.01
618700,Renigunta - Poyya - Naidupeta km 124.60 to km 183.4 of NH 71,Ongoing Active,8,102.71,72.11,1.83,5.62
618701,Balance work of 4L of Nauradehi Sanctuary de-scoped stretch of Hiran River to Sindoor River from Km. 66.00 to 130.00  NH-12 New NH-45,Ongoing Active,6,27.21,22.23,2.01,6.44
618702,4L of Addahole Near Gundya to Bantwal Cross section Pkg-02 from Design Km 270.270 to Design km 318.55 including flyover at Kalladka Town including approaches from Km. 311.57 to Km. 313.67 of NH-75 Old NH-48,Ongoing Active,11,82.24,76.79,6.73,8.31
618706,Bangalore-Nidagatta Pkg. I,Ongoing Active,15,301.43,379.03,5.64,7.12
618708,Widening/Development of Existing NH-85 from Km 0.000 to Km 124.636 section to 2L/LPS section in the state of Kerala on EPC Mode under Bharatmala Pariyojana,Ongoing Active,6,23.23,75.59,8.29,12.47
618709,4L of Left-Over Works of Hospet-Bellary -Karnataka/AP border from Km.280.080 Dec.Ch. to Km.375450Des.Ch. of NH-63 New-67,Ongoing Active,6,37.16,59.5,5.67,8.97
618711,6L with access control provision Saharanpur bypass to Ganeshpur section from 13.89 Km to 41.820 Km of Delhi- Dehradun Economic Corridor package-2,Ongoing Active,8,28.35,49.39,6.34,6.93
618712,6L Access Controlled Greenfield Highway from Kodur Ch. 0000 to Vanavolu Ch. 24300 of [NH-544G]  Package-1,Ongoing Active,7,66.47,93.56,2.66,3.16
618713,6L Access Controlled Greenfield Highway from Yerragudipadu Ch. 129000 to Audireddipalle Ch. 160000 of [NH  544G]  Package-6,Ongoing Active,7,89.46,137.3,12.69,16.81
618714,6L Access Controlled Greenfield Highway from Nallacheruvu palli Ch. 96300 to Yerragudipadu Ch. 129000 of [NH-544G]  Package-5,Ongoing Active,7,51.98,104.7,7.93,10.1
618715,6L Access Controlled Greenfield Highway from Odulapalle Ch. 72000 to Nallacheruvu- palli Ch. 96300 of [NH-544G]Package-4,Ongoing Active,7,70.83,116.53,3.84,6.7
618716,6L Access Controlled Greenfield Highway from Vankarakunta Ch. 45700 to Odulapalle Ch. 72000 of [NH-544G]Package-3,Ongoing Active,7,63.9,93.03,3.05,4.38
618717,6L Access Controlled Greenfield Highway from Vanavolu Ch. 24300 to Vankarakunta Ch. 45700 of [NH-544G]  Package-2,Ongoing Active,7,90.12,114.7,2.49,2.43
618719,6L  Access Controlled Greenfield Highway from Mallapalle Ch. 176000 to Kavulakuntla Ch. 196000 Package-08,Ongoing Active,7,84.53,111.92,8.42,11.88
618720,6L  Access Controlled Greenfield Highway from Audireddipalle Ch. 160000 to Mallapalle Ch. 176000Package-07,Ongoing Active,7,60.57,87.86,4.13,8.7
618721,6L  Access Controlled Greenfield Highway from Chandrasekharapuram Ch. 228000 to Polavaram Ch. 260000of [NH-544G] Package-11,Ongoing Active,5,67.74,115.38,3.64,6.64
618722,6L access Controlled Greenfield Highway from Gogwan Jalalpur Shamli to Ranipur Barsi Saharanpur of Shamli -Ambala section Package-I Design Ch. Form km 00.600 to km 45.500,Ongoing Active,6,36.43,133.03,2.96,8.68
618723,6L access Controlled Greenfield Highway from Ranipur Barsi to Adhoya Musalmana section of Shamli -Ambala Package-II Design Ch. Form km 45.500 to km 84.400,Ongoing Active,6,91.52,151.26,3.11,7.49
618724,6L Greenfield Varanasi-Ranchi-Kolkata Highway from  Anarbansalea village to Sagrampur village From KM. 151200 to KM. 184700Package-7,Ongoing Active,27,23.24,47.49,7.12,6.65
618735,4L of  Chandesara  to Khedakhajuriya  from Km. 0.000 to - 750 & Km 0.000 to km 41.400 of  NH-148NG Pkg-I,Ongoing Active,8,129.54,168.47,12.64,13.98
618738,6L Bridge and its approaches across River Ganga as Part of Patna Ring Road NH- 131G starting from Km 8.480 near Sherpur to Km 23.000 near Dighwara,Ongoing Active,6,301.5,491.85,15.36,21.41
618739,4L Greenfield Alignment  of Amas to Shivrampur from 0.000 Km. to 55.002 Km. of NH 119 D Pkg-I,Ongoing Active,6,233.33,311.13,6.41,3.33
618740,4L Greenfield Alignment of Shivrampur  to Ramnagar from Km. 55.002 to Km. 109.300 of NH 119 D Pkg-II,Ongoing Active,6,122.04,208.88,16.36,21.62
618741,4L  Greenfield Alignment from Kalyanapur to Tal Dashraha of NH-119D Pkg-III,Ongoing Active,8,132.26,234.18,24.03,28.75
618746,Khammam-Devarapalle Pkg I [4L  Access Controlled Greenfield from Thallampadu village to Somavaram village Design Chainage 0000 to 33604],Ongoing Active,9,24.01,51.93,5.87,3.14
618747,Khammam-Devarapalle Pkg III [4L Access Controlled Greenfield from Chintagudem village to Recherla village Design Chainage 63117 to 105236],Ongoing Active,9,39.75,90.14,5.48,2.18
618749,Khammam-Devarapalle Pkg V [4L Access Controlled Greenfield from Gurvaygudem village to Devarapalle village Design Chainage 132664 to 162126,Ongoing Active,9,5.18,32.91,3.81,4.36
618751,2L PS of Hinotiya-Mehulwa section of NH-346 from Km. 27.000 to Km 75.700 Vidisha Mehulwa-Talbehat Pkg-II Section of NH- 346,Ongoing Active,7,33.84,40.74,2.41,6.91
618754,Upgradation of 2L/4L with Paved Shoulder of Shirwal-Lonand Section from KM 159900 To KM 188025 of NH-965DD Section I and 2L With Paved Shoulder of Lonand-Satara Section from KM 51500 To KM 96246 Of NH-965D Section II in Satara District in the State of Maharashtra on EPC Mode under NHO-,Ongoing Active,14,62.11,64.74,2.41,2.12
618756,Melur - Pilayarpatti - Karaikudi from km 99.920 of NH 38 to km 12.9 of NH 383 Ext.,Ongoing Active,8,301.97,283.4,3.13,3.83
618759,4L PS Mydukur - Badvel from Km 585.820 to Km 630.960 of NH-67,Ongoing Active,7,48.07,90.98,2.5,1.63
618760,4L Greenfield a Malout bypass from ch. Km 44.500 to ch. Km 35.500 on NH-07 and Ch. Km 0.000 to Km 6.984 on NH-09 bMandi Dabwali Bypass from Ch. 38.450 Km to Km 27.910 Pkg-02,Ongoing Active,8,7.15,22.18,5.69,4.45
618761,4L Spur of Meerut-Garh-Mukteshwar section connecting NH-119 and NH-58 bypassing Meerut Town of NH 709 A,Ongoing Active,8,30.36,35.51,3.88,7.76
618764,Moga - Bagha Purana - Bajakhana from km. 0.00 to km. 43.32,Ongoing Active,8,29.35,54.52,4.18,1.82
618765,4L of Karimnagar-Warangal section from km 49.500 to km 117.820 of NH-563,Ongoing Active,6,102.5,252.0,5.63,2.02
618770,4L Spur of Panipat - Shamli connecting NH-709AD Panipat  Shamli  Muzaffarnagar and NH-709A Karnal  Meerut bypassing Shamli district UP,Ongoing Active,8,13.05,19.59,9.22,13.09
618771,6L of Varadharajula to Kumarajapet from km 0.000 to km 43.800 of NH-716B Pkg-I,Ongoing Active,7,54.44,239.51,5.8,15.09
618772,6L of Kumarajapet to Veera Kaveri Raja Puram from km 43.800 to km 61.380 of NH- 716B Pkg-II,Ongoing Active,6,39.32,67.76,6.81,7.01
618775,Ara Bypass,Ongoing Active,3,,,,
618777,4L of Pileru to Kalur Section from Km 55.900 to Km 92.800 & Km 94.500 to Km 95.717 of NH-71Package-II,Ongoing Active,6,120.83,190.82,1.24,13.04
618778,4L of Madanapalle to Pileru Section from Km 0.000 to Km 55.900 of NH-71Package-I,Ongoing Active,8,12.82,41.98,1.46,2.13
618779,4L of Aurangabad-Paithan,Ongoing Active,2,,,,
618785,4/6L Greenfield LudhianaRupnagar highway from Jn. with NE-5 village near to ManewalLudhiana to Jn. with NH-205 near Bheora Village Rupnagar from Km 66.0 to Km 91.0 i/c spur to Kharar from Km 0.0 to Km 19.5 with Ludhiana bypass of NH-205K Pkg-3,Ongoing Active,8,293.33,344.28,15.84,16.78
618786,4L of Phagwara - Hoshiarpur,Ongoing Active,20,464.95,442.02,3.89,2.77
618788,4L Greenfield Jalbhera  Shahbad section from km. 0.000 to km. 22.850 of NH-152G,Ongoing Active,6,83.22,122.47,2.12,1.59
618792,4L Bhiwani-Hansi road section of NH-148B,Ongoing Active,6,48.52,122.53,5.43,10.72
618793,4L of Fazilka to Abohar section of NH-07 including construction of Greenfield Abohar & Fazilka Bypasses,Ongoing Active,8,741.54,786.3,12.73,13.92
618794,Amritsarairport Junction - Ramdas from km. 100.835 to km. 139.813 Pkg - IV,Ongoing Active,8,45.25,47.48,20.48,25.46
618797,Mayjilar  Jaisalmer with Jaisalmer Bypass Link Road Section of NH-11 Part of BM-7 & Sundra  Myajilar  Ambsingh ki Dhani Road part of Munabao  Tanot project NH-70,Ongoing Active,11,86.07,158.3,2.27,1.96
618799,Belakeri Port to Kumta - Sirsi road from km 0.00 - km 4.265 of Belekeri Port Road Link Rd. and km 4.965 - km 60.00 of SH-69,Ongoing Active,8,56.26,59.91,5.19,4.19
618800,Construction of New Double Tier 4L Elevated Corridor from Chennai Port to Maduravoyal in Chennai District from km -0.342 to Km 20.593 and Package II from Km 4.604 to Km 9.700,Ongoing Active,6,181.75,245.4,22.46,28.22
618801,Construction of New Double Tier 4-lane Elevated Corridor from Chennai Port to Maduravoyal in Chennai District from Km -0342 to Km 20223 Package 1 from Km - 0342 to Km 4604,Ongoing Active,6,136.65,198.01,22.45,28.21
618803,Development of 4L Road from Samarlakota to Achampeta Junction as part of Kakinada Port Connectivity to NH-16 Rajanagaram Junction in East Godavari District,Ongoing Active,7,77.64,82.13,3.04,3.82
618804,Dedicated Port road to Krishnapatnam Port Package-I from Km. 0.000 to Km. 18.000,Ongoing Active,22,106.09,109.5,20.94,20.14
618807,"4L Greenfield Road connecting North and South industrial cluster of Khandaleru Creek near Krishnapatnam port at Thamminapatnam to Mollur  from Km 0.0 to Km 16.046, Part I & 6L  extension of dedicated port road of NH-67 Km 18.0 to Km 19.3, Part II",Ongoing Active,6,61.63,42.76,2.46,8.27
618809,4L of Beas-Mehta-Batala-Dera Baba Nanak from intersection with Jalandhar-Amritsar Highway NH-3 near Beas till start of Batala Bypass near Village Acchhal from Km. 0.000 to Km. 31.300 Pkg-1,Ongoing Active,6,26.89,47.93,13.58,20.06
618810,4L of existing Beas  Baba Bakala - Dera Baba Nanak Section from start of Batala Bypass  till intersection with Ajnala Gurdaspur Highway NH 354 near Dera Baba Nanak  from Km. 31.300 to Km. 69.100  with Additional batala Bypass Pkg-II,Ongoing Active,6,18.96,53.9,9.55,9.66
618820,Rehabilitation and Up gradation from 4 to 8 laning of Chandikhole  Paradip Section of NH-53 Old NH  5A from Km.39.000 to Km.60.00 Package-3,Ongoing Active,6,167.8,208.38,17.4,14.13
618821,Rehabilitation and Up gradation from 4 to 8 laning of Chandikhole  Paradip Section of NH-53 Old NH  5A from Km 18.00 to Km 39.00 in the State of Odisha on HAM mode Package-2,Ongoing Active,6,43.81,82.14,3.04,2.6
618825,Bridge over Ganga River at d/s of Farraka Barrage including Approaches connecting Farakka-Raiganj,Ongoing Active,8,28.07,50.79,6.57,10.64
618826,4 Laning of NH-544D from Km 0.000 to km 37.000 of Anantapur- Muchukota section Pkg-1,Ongoing Active,6,42.88,80.94,1.2,2.1
618827,4 Laning of NH-544D from Km 37.000 to km 69.000 of Muchukota- Bugga section Pkg-2,Ongoing Active,6,47.72,109.57,3.85,8.67
618828,4L from Km 219.600 Khajuri to Km 260.483 Wyndhamganj on NH-75 Sec-V,Ongoing Active,6,666.72,790.82,7.82,7.57
618830,4L from Km 147.450 Bhogu to Km 196.870 Sankha on NH-75 Sec-III,Ongoing Active,6,923.21,1513.92,4.23,2.93
618836,4L of Ratnagiri - Kolhapur section from km 67.140 to km 112.340 of NH-166 Pkg  II,Ongoing Active,7,135.55,177.07,5.64,9.11
618837,4L of Ratnagiri - Kolhapur section from km 112.340 to km 145.300 of NH-166 PkgIII,Ongoing Active,7,148.99,226.91,4.02,6.93
618838,4L of Karwar Km. 281.980 of NH-62 Nagaur road to Dangiyavas of Jodhpur Ring Road Pkg-II,Ongoing Active,8,28.26,50.71,8.61,7.09
618840,Simaria Km. 206.050 to Khagaria Km. 266.282,Ongoing Active,30,75.5,82.58,6.36,9.73
618841,4L Elevated Section and at-grade improvements at Begusarai town Simaria - Khagaria section  from Km. 221.047 to Km. 225.302 of NH-31,Ongoing Active,8,18.42,22.65,1.21,4.28
618844,Viluppuram Km.0.000 to Puducherry Km.29.000,Ongoing Active,14,23.38,32.79,2.08,3.13
618845,Puducherry Km.29.000 to Poondiyankuppam Km.67.000,Ongoing Active,15,30.26,72.63,3.43,4.47
618846,Poondiyankuppam Km.67.000 to Sattanathapuram Km.123.800,Ongoing Active,14,181.46,210.24,2.62,2.6
618847,Sattanathapuram to Nagapattinam from Km 123.800 to Km 179.555,Ongoing Active,15,188.21,222.22,4.26,2.04
618854,2L PS of Raebareli - Jagdishpur with 4L Jagdishpur Bypass Spur,Ongoing Active,5,18.84,42.69,12.86,8.7
618855,"Improvement and Up-Gradation of Existing Road to 2/4L PS from Km 40.000 to 88.750, start of Khutar bypass to start of Shahjahanpur bypass of NH 731Pkg-I",Ongoing Active,8,245.16,296.22,5.72,10.94
618856,"Improvement and Up-Gradation of Existing Road to 4L PS from Km 123.650 to 175.080, from Start of Shahabad Bypass to End of Hardoi bypass of NH 731 Pkg-2B",Ongoing Active,6,94.47,159.38,2.38,8.35
618859,"Improvement and Up-Gradation of Existing Road to 4L PS from Km 229.070 to 260.800, End of Hardoi District to Lucknow Ring road of NH 731 Pkg-4",Ongoing Active,8,4.97,20.01,0.93,5.33
618862,Bakhtiyarpur-Rajauli Pkg-III from km. 101.630 to km.152.520,Ongoing Active,7,31.78,28.27,1.61,7.07
618875,4L of Haridwar  Nagina section Design Ch. LME from km 13.829 to km 17.110 & km 26.077 to km 27.508 and Design Ch. RME from km 13.839 to km 17.120 & km 26.078 to km 27.509 of EUP mitigation measures on NH74,Ongoing Active,3,,,,
618878,Rehabilitation and Upgradation to 4L configuration & Strengthening of Sihuni to Rajol from Km 51.000 to Km 72.000 of NH-154 Package-IIA,Ongoing Active,6,123.56,147.06,6.46,5.85
618884,Construction of Four Lane Highway from Ghazipur- Ballia-UP/Bihar State Border Greenfield section of NH-31 Package II [from Shahapur km 42.500 to Pindari km 78.150] on EPC Mode in the state of Uttar Pradesh.,Ongoing Active,6,84.98,175.54,3.14,1.51
618885,Construction of Four Lane Highway from Ghazipur- Ballia-UP/Bihar State Border Greenfield section of NH-31 Package IV [from Buxur Spur of length km 17.270 on EPC Mode in the state of Uttar Pradesh.,Ongoing Active,6,39.63,64.09,5.26,5.53
618888,Rehabilitation and Up-gradation of existing road to 2L PS from End of Hamirpur Bypass near Chilbahal to Bhangbar section from Km. 138.295 to Km.175.270 of NH- 88 Pkg-IV,Ongoing Active,6,128.74,187.27,3.43,3.31
618889,"4L of Bhangbar Near Ranital to Kangra Bypass Section of Old NH-88 New NH- 303,503 up to Intersection with NH-154 from Km 175.270 to Km 193.400 Pkg-VB",Ongoing Active,8,50.46,96.07,3.05,11.4
618890,2L PS of Hamirpur Bypass from Km 121.175 to Km.138.295 of NH-103&3,Ongoing Active,6,93.99,129.56,2.18,2.4
618896,4L of Sannur to Bikarnakatte section from Km 691.350 to Km 736.362 of NH-169 Karkala - Mangalore Package-III,Ongoing Active,8,464.09,717.32,12.45,6.75
618901,4L PS Divided Carriageway  from Patan Near Rajpur to Gojariya From Km 52.000  to Km 128.940 of NH-68,Ongoing Active,5,44.6,87.32,7.95,10.35
618902,Maheshkunt-Saharsa-Purnea Pkg I km 0.00 to km. 90.00 of NH-107,Ongoing Active,42,33.81,49.21,9.27,9.97
618904,Chhapra - Hajipur from km. 143.200 to km. 209.200,Ongoing Active,42,30.42,44.91,30.8,25.76
618906,4L of Amritsar-Ghoman - Tanda - Una Section from Km 8.270 to Km 54.000 of NH- 503A Package-I,Ongoing Active,8,45.11,49.73,18.97,25.58
618908,3L Major Bridge over River Brahmani at Km. 401.250 Duburi - Chandikhole Section of NH-200 New NH -53,Ongoing Active,6,84.8,85.61,25.73,29.65
618909,2L PS of JH / WB Border km. 70.524 - Purulia km.84.400 & Purulia km. 94.30 - Chandil Junction with NH-33 km. 153.705 of Old NH-32,Ongoing Active,9,98.69,173.61,1.36,4.84
618910,4L of Purulia Bypass section from Km 84.030 to Km 94.345 of NH-32,Ongoing Active,8,10.83,15.98,17.52,11.42
618911,4L Greenfield Western Side spur of Rampur-Rudrapur Section from Km 0.000 to Km 13.700 connecting NH-24 to NH-87 bypassing rampur town,Ongoing Active,6,95.16,74.73,3.83,6.0
618913,4-L of Rajamunda to Barkote Section of NH-23 from km. 287.200 to km. 337.185,Ongoing Active,24,42.12,57.4,3.44,3.9
618915,4L of Bal. works of Patna - Gaya -Dobhi Pkg-II from km. 39.00 to km. 83.00 of Old NH-83,Ongoing Active,2,,,,
618916,4L of Bal. works of Patna - Gaya -Dobhi Pkg-III from km. 83.00 to km. 127.217 of Old NH-83,Ongoing Active,15,216.64,284.47,11.74,15.27
618920,Access Controlled Highway of 4 Lane with Paved Shoulders from TN/AP Border Design Chainage Km 6151 to Puttur Design Chainage Km 81540 of NH-716 & 6 Lane with Paved Shoulders from Mallavaram to Renigunta,Ongoing Active,2,,,,
618921,4L of Kathlighat to Shakral Village from Km 128.835 to Km 146.300 of NH- 5 Shimla Bypass - Pkg I,Ongoing Active,6,204.62,63.68,5.25,8.82
618924,2L PS of Najibabad Kotdwar section from 112.575 to Km. 138.635 of NH 119,Ongoing Active,5,117.32,132.13,5.04,9.03
618925,Bijnor-Kotawali,Ongoing Active,6,14.35,14.14,3.83,2.26
618928,"Improvement & Up-gradation of NH-734 Section of Moradabad-Thakurdwara Kashipur including Moradabad & Kashipur Bypasse Package-III  Kashipur Bypass Length 14.490 Km., Starts from Ch. 38770 and ends at Ch. 53260 existing Ch. 05560",Ongoing Active,6,44.89,70.82,2.94,8.72
618937,4L of Nagpur-Katol Section from Km. 13.00 to Km. 62.900 of NH-353J,Ongoing Active,8,85.05,61.11,21.72,24.43
618939,Construction of Standalone Flyover cum ROB from Design Ch.66.600 to Design Ch.68.800 in Gadchandur Town on NH-353B,Ongoing Active,10,71.38,71.48,32.8,30.9
618942,Balance work of 2L PS  from Km 30.800 to Km 70.800 and 2L with Rigid Carriageway from Km 70.800 to  km 84.120 of Khanapur- KA/GOA Border section of NH-4A,Ongoing Active,8,67.48,61.08,7.08,14.16
618946,4L of Mehgama - Hansdiha from  km. 41.900 to km. 93.000 of NH -133A Pkg-II,Ongoing Active,6,36.02,103.02,9.21,1.77
618947,4L of NH-80 from km 215.00 to km 260.00 Mirza Chauki to Farkka Pkg-I,Ongoing Active,8,55.01,102.05,8.77,10.79
618951,Hariharganj to Parwa Mode section from km 23.284 to km 57.049 of NH-98,Ongoing Active,8,27.27,23.4,11.05,11.47
618952,4L of Sahibganj - Manihari Ganga Bridge including Manihari Bypass,Ongoing Active,2,,,,
618953,Umagaon-Saharsa Package-IV Koshi Bridge & approach Road - Bheja-Bakaur,Ongoing Active,13,157.26,151.71,18.47,16.85
618957,4 laning of Champa - Korba from km 0.00 to km 38.2,Ongoing Active,3,,,,
618960,4 Lane Inner Ring Road around Allahabad City Pkg-2 Prayagraj Southern Bypass 43.200 - 50.860,Ongoing Active,6,257.03,300.13,4.24,1.93
618968,6L access control Greenfield highway of Vill-Khyawari to Vill-Latifpur at Saharanpur Bypass  from Km. 82.000 to Km. 119.790 Pkg-4,Ongoing Active,8,29.84,42.91,4.97,8.93
618969,4/6L of  Spur to Haridwar Greenfield from Km. 0.000 to Km. 50.70,Ongoing Active,8,49.44,82.31,5.84,1.96
618970,6L access control Greenfield highway of Vill-Lohadda to Vill-Karaunda Mahajan from Km. 27.000 to Km. 56.500 Pkg-2,Ongoing Active,8,13.48,9.8,4.61,8.86
618971,Pune Metro Rail Project Phase-2 Corridor 2A Vanaz to Chandani Chowk and Corridor 2B Ramwadi to Wagholi/Vitthalwadi,Ongoing Active,2,,,,
618972,Devbhumi Dwarka [Okha] - Kanalus Doubling,Ongoing Active,24,277.62,327.61,15.66,14.18
618978,Gondia - Dongargarh 4th line [84 Km],Ongoing Active,2,,,,
618982,Talabira II & III OCP - FMC,Ongoing Active,18,13.23,10.02,2.93,1.72
618985,Pune Metro Rail Project Phase-2 Line-4 Kharadi to Khadakwasla with Spur Line 4A Nal Stop - Warje - Manikbaug,Ongoing Active,2,,,,
618986,Furkating-New Tinsukia[194 Km],Ongoing Active,2,,,,
618991,200 MW SPP part of 510 MW CPSU scheme,Ongoing Active,2,,,,
618992,100 MW SPP part of SECI 150 MW Hybrid,Ongoing Active,2,,,,
618995,New Line between Junagarh - Nabarangpur [116.21 Km],Ongoing Active,2,,,,
619003,Solan - Kaithlighat Section of NH-22 Now NH-5 from Km. 106.139 to Km.129.05,Ongoing Active,21,164.25,146.79,11.65,12.23
619010,102B of Aizawl - Imphal Economic Corridor from Existing Chainage km 72.030 to km 104.129 including 2.459 km re-alignment section from Tuivai River to Rulchawm connecting km 48.150 of NH-6 [Design Chainage km 68.170 to km 98.579] in the State of Mizoram under Bharatmala Pariyojna on EPC mode under NHO-NE Package-3  Keifang- Tuivai Pkg-3,Ongoing Active,6,69.96,74.68,9.03,4.09
619029,Transmission System for Reliable Power Supply to Dholera,Ongoing Active,11,31.03,34.51,1.58,5.15
619042,"Construction of six lane Flyover at Katraj junction at Km, 3/880 of NH 548-DD Vadgaon - Katraj - Kondhwa - Mantarwadi Chowk - Loni Kalbhor - Theur Phata - Lonikand Road    in Pune Dist of the State of Maharashtra. On Engineering Procurement and construction   EPC    Basis mode   L.1.326 Km,",Ongoing Active,7,24.39,18.93,12.43,8.52
619052,LUCKNOW METRO RAIL PROJECT PHASE-1B EAST WEST CORRIDOR,Ongoing Active,17,418.51,478.71,4.18,4.14
619057,Construction of 4-Lane Badarpur Bypass from Design Chainage km 27300 at crossing with NH-6 Old NH-44 Near Siddeswar Pt.-I Village to Design Chainage km 38600 on NH-37 Old NH-44 at Kandigram Chaita Village on Silchar - Churaibari stretch in the State of Assam on EPC Mode under Bharatmala Pariyojana in Economic Corridors Silchar- Churaibari Pkg-3,Ongoing Active,5,9.02,28.87,2.67,4.85
619064,Vadodara Mumbai Expressway Talsari to Karvad Phase IB - Pkg X [Km 103.400 to Km 128.000],Ongoing Active,8,253.77,556.32,18.64,15.36
619066,Delhi-Amritsar-Katra Expressway Phase-II Pkg-XIV from Junction with Pathankot- Gurdaspur road NH-54 near Balsua to Junction with Hiranagar Road near village Gurha Baildaran km 423500 to km 468100,Ongoing Active,8,349.57,321.05,3.6,4.85
619068,Construction of Greenfield Connectivity to Jewar International Airport from DND- Faridabad-Ballabhgarh Bypass KMP Link - Spur to Delhi Mumbai Expressway,Ongoing Active,6,58.31,474.48,3.9,15.1
619073,4L of 42.000 to km 80.00 of Dodaballapur Bypass to Hoskote section of NH-648  Old NH-207 [Bangalore Ring Road Pkg 2],Ongoing Active,3,,,,
619087,Widening to 6L of Existing 4L Jetpur - Gondal - Rajkot Section from Km. 117.600 to Km. 185.00 on NH-27,Ongoing Active,6,48.62,31.56,5.15,3.85
619089,Balance work of 4L of NarimbangloJatinga Junction- Harangajoroad section from Km 0.000 to Km 49.230 of NH-27,Ongoing Active,8,77.57,238.49,4.19,5.3
619093,4L Ismailabad to Ambala Section of NH-152 Lot-4/Package-1,Ongoing Active,13,74.4,37.8,4.47,5.96
619095,Balance works of 4L Panvel  Indapur section of NH66 old NH17 from km 42.300 kasu to km 84.600 Indapur,Ongoing Active,8,33.15,38.11,9.49,13.43
619104,4L/2L PS of Govindpur Raiganj - Chas - WB border section of from km. 0.00 to km. 56.889 of Old NH-32,Ongoing Active,17,239.72,252.51,11.1,8.78
619109,6L of Badakumari - Karki Section from Km 179.000 to km 226.500 of NH-130-CD Package  OD-3,Ongoing Active,8,17.46,56.11,6.9,2.87
619112,6L Kantakapalle  Sabbavaram Section of NH-130CD Road from Km 445.100 to Km 464.662 Pkg-4,Ongoing Active,7,7.24,40.45,11.19,12.28
619119,Cuttack-Angul Section of NH-42 New NH-55 from km 0.400 to km 60.200 Pkg-I in the State of Odisha,Ongoing Active,24,33.33,29.34,3.56,4.9
619123,6L  Access Controlled Greenfield Highway from Narayanmpet Ch. 203500 to Chandrasekharpuram Ch. 228000Package-10,Ongoing Active,5,87.79,124.88,3.0,9.87
619124,6L Access Controlled Greenfield Highway from Polavaram Ch. 260000 to Marripudi Ch. 285500 of [NH-544G]Package-12,Ongoing Active,5,68.34,97.09,1.79,8.04
619125,6L  Access Controlled Greenfield Highway from Somavarappadu Ch.314.600 to Muppavaram Ch.343240 of [NH-544G] Package-14,Ongoing Active,5,98.24,159.53,9.23,16.35
619126,6L  Access Controlled Greenfield Highway from Marripudi Ch. 285500 to Somavarappadu Ch. 314600 of [NH-544G] Package-13,Ongoing Active,5,43.48,76.98,2.84,3.19
619127,4L of Greenfield Alignment from Km. 47.000 to Km. 89.210 of  Balbhadarpur to Bela Nawda Section  of NH-119D,Ongoing Active,3,,,,
619128,Khammam-Devarapalle Pkg II [4L Access Controlled Greenfield from Somavaram village to Chintagudem village Design Chainage 33604 to 63117],Ongoing Active,9,86.64,82.17,6.71,5.06
619130,Mahabalipuram - Pondicherry Pkg-II [Mugaiyur to Marakkanam],Ongoing Active,6,83.17,216.4,4.37,12.48
619131,Four Laning of Chettikulam to Natham section of NH-785,Ongoing Active,14,126.3,158.83,11.23,13.82
619132,4/6L of Gurgaon - Pataudi - Rewari from km. 0.00 to km.43.87 of NH-352W,Ongoing Active,8,106.99,186.36,6.47,12.21
619134,6L of Ambala-Chandigarh greenfield section from Km. 0.000 to Km. 25.000 with 4L spur to Lalru from Km. 0.000 to Km. 5.828  & spur to PR-7 road from Km. 0.000 to Km. 11.157,Ongoing Active,6,92.11,210.87,6.47,4.43
619140,6L of Naidupeta Junction - Turpukanupur Section from km 57.046 to km 91.927,Ongoing Active,6,44.58,121.86,16.48,21.2
619141,Turpu KanupurPart 1 of Package - II km 0.000 131.500 of NH - 16 to km 23.770 on New NH-516W including six lane flyover and approaches on NH-16 length km 1.050 and six lane access controlled from Turpu Kanupur to Port South Gate Part 2 of Package - II km 23.770 to km 35.015 on New NH-516W in the state of Andhra Pradesh on HAM Mode under Bharatmala Pariyojana Phase I,Ongoing Active,6,52.62,94.81,4.0,6.44
619147,4L of Bal Works of  Mahuva to Kagvadar from 100.450 Km. to 140.470 Km. of NH-8E Pkg- III,Ongoing Active,8,328.97,289.77,15.39,9.44
619149,4L of Ratnagiri - Kolhapur section of NH-166  from km 0.000 to km 19.769 and km 31.000 to km 67.140 Pkg  I,Ongoing Active,8,18.46,126.24,1.34,4.8
619155,Upgradation and 4L of Haridwar Bypass from Km 0.000 Km 188.100 of NH-58 to Km. 15.100 Km 5.100 of NH 74 PKg-1,Ongoing Active,9,52.79,163.44,0.59,4.12
619158,4 Laning of Duburi Chandikhole from km 388.376 to km 428.074 Pkg-III,Ongoing Active,18,64.68,55.17,11.99,14.85
619161,Access Controlled Highway of 4 Lane with Paved Shoulders from Tiruvallur Design Chainage Km 1756 to TN/AP Broder Design Chainage Km 6151 of NH-716 Chennai- Tirupati Package-1,Ongoing Active,3,,,,
619163,4L of Baramati to Indapur Pkg-II from km. 41.400 to km. 84.550 of NH-965G Saint Tukaram Marg,Ongoing Active,9,21.16,70.78,3.17,10.89
619167,4 Laning with PS of Pathrapalli-Katghora km 53.3 to km 92.6 Pkg-II of Bilaspur Kathghora,Ongoing Active,18,76.19,78.16,14.03,16.83
619168,6L access controlled Greenfield highway of Junction of EPE Vill.-Mavikalan to Vill.- Lohadda from Km. 0.000  to Km. 27.000 Pkg-1,Ongoing Active,8,21.62,25.53,3.71,5.47
619184,"Rehabilitation and up-gradation of section to Intermediate/2-Lane with hard shoulder from Km 107.760 to Km 129.445 After Middle strait to Humphrey, Km 130.600 to Km 138.00 After Humphrey to Kadamtala & Km 155.00 to Km 181.0 End of Jarwa to Rangat of NH-04 in UT of A&N on EPC Package-IIIA",Ongoing Active,21,67.85,74.54,17.58,15.35
619185,Rehabilitation and up-gradation and completion of balance work of section from Km 155.00 to Km 181.00 End of Jarwa to Rangat of NH -4 Total length 26 Km to Intermediate Lane/2-lane with hard shoulders in the UT of A&N Islands on EPC basis - Package-III.B Balance work,Ongoing Active,15,18.72,21.77,5.92,1.54
619186,Construction of Balance works of Major Bridge over Middle Strait Creek between Km.106.590 to km108.553 of NH-04 connecting South Andaman  & Baratang Island in the Union Territory of Andaman & Nicobar Islands on EPC basis,Ongoing Active,21,30.75,26.56,20.16,21.87
619199,Bangalore Chennai Expressway Phase-II Pkg-I from km.71.000 to Km 96.000 Bethamangala in the state of Karnataka to Byreddypalli,Ongoing Active,6,373.09,383.52,40.14,33.97
619200,Delhi-Amritsar-Katra Expressway Phase-I Spur-III from Junction with Amritsar- Jalandhar road NH-3 near Bhishambarpura to Junction with Amritsar-Anjala road NH- 354 near Amritsar Airport [Km 71000 to Km 99000 of Amritsar connectivity],Ongoing Active,8,84.01,116.37,18.17,21.59
619201,Karnal ring road Lot-4/Pkg-1,Ongoing Active,5,146.91,313.38,2.91,3.43
619202,Dwarka Expressway from Km -0.600 to Km 5.300 - Pkg-I Shivmurti Chowk-RuB near Dwarka Sector 21,Ongoing Active,7,1505.37,1398.04,6.11,15.47
619208,Kadambattukonam-Kazhakuttom,Ongoing Active,8,289.92,320.58,11.05,17.61
619209,4L of existing 2/4L stretch from Lonand  to Dive Ghat Km 166.400 to Km 220.900  of Mohol  Alandi section of NH-965 Pkg - V,Ongoing Active,8,87.27,76.48,0.74,5.33
619214,4L of Channarayapatna Bypass and Hassan Bypass with structures in Devihalli - Hassan section,Ongoing Active,8,75.68,102.16,3.6,10.33
619217,4L of Haridwar-Nagina section from km. 0.00 to km. 71.614 of NH-74,Ongoing Active,21,131.74,130.6,4.06,3.96
619291,4L Poanta SahebMednipur from Km. 435.65 to km. 458.65 of NH-07Pkg-1,Ongoing Active,6,,,,
619292,4L Medinipur to Ballupur from Km. 458.65 to Km. 487.65 of NH-07Pkg-2,Ongoing Active,8,48.6,54.16,2.88,4.34
619308,6L access-controlled highway from  Ganeshpur tonear Mohand of Ganeshpur Dehradun  section  from Km.0 to Km.8.3 of NH-72A  Package-1,Ongoing Active,8,41.1,49.18,2.18,2.89
701101,"Construction of New Domestic Terminal Building [Phase-I and II] and other allied structures at JPNI Airport, Patna",Ongoing Active,21,74.47,53.35,9.48,14.63
701107,Construction of New Integrated Terminal Building and associated works including apron to park 3 code E type of aircraft or 6 code C type of aircraft at Vijayawada Airport.,Ongoing Active,16,30.97,34.77,25.14,28.61
701113,"Development of Lal Bahadur Shastri International airport, Varanasi including C/o New Terminal Building, Apron Extension, Runway Extension, PTT and allied works.",Ongoing Active,6,180.02,87.65,0.95,1.6
701121,Construction of New  Domestic Terminal Building  at Rajahmundry Airport.,Ongoing Active,7,34.98,34.51,1.35,1.6
701122,Development of New Integrated Civil Enclave at Agra Airport,Ongoing Active,6,46.25,35.23,3.19,2.9
701126,"Development of Dholera International Greenfield Airport , Gujarat",Ongoing Active,10,105.43,110.49,2.62,3.92
701127,Construction of New Passenger Terminal Building for Domestic Operations at Jodhpur Airport.,Ongoing Active,8,9.58,9.51,7.35,10.8
701128,Construction of New Integrated Passenger Terminal Building at Udaipur Airport,Ongoing Active,7,8.24,37.57,3.18,3.57
701167,AIIMS Kashmir at Awantipora Jammu & Kashmir,Ongoing Active,16,77.04,145.79,17.72,19.16
701171,AIIMS Bibinagar,Ongoing Active,10,50.2,56.06,11.17,9.59
701173,AIIMS Majra Rewari Haryana,Ongoing Active,7,50.04,59.08,0.91,0.91
701228,Kochi - Koottanad - Bangalore - Mangalore Pipeline Phase-II,Ongoing Active,26,399.91,277.17,13.06,17.01
701263,Rajasthan Refinery Project,Ongoing Active,7,12740.91,17758.77,2.02,8.14
701329,Petrochemical and Lube Integration Project at Gujarat Refinery,Ongoing Active,16,6300.23,6832.73,10.73,10.87
701330,Mehsana-Bhatinda & Bhatinda-Jammu Natural Gas Pipeline,Ongoing Active,3,,,,
701349,Paradip-Numaligarh Crude Oil Pipeline [PNCPL] & Crude Oil Import Terminal [COIT] at Paradip,Ongoing Active,17,737.89,989.28,11.14,12.45
701350,Upgradation of Facilities of Numaligarh-Siliguri Product Pipeline [NSPL] for transportation of additional products from existing 1.72 MMTPA to 5.5 MMTPA,Ongoing Active,11,80.57,57.91,11.9,11.64
701354,Mumbai Nagpur Jharsuguda Pipeline Project,Ongoing Active,3,,,,
701376,"Subernarekha   Multipurpose Project, Jharkhand",Ongoing Active,3,,,,
701377,Upper Tunga Irrigation Project,Ongoing Active,3,,,,
701386,Gosikhurd Project,Ongoing Active,3,,,,
701391,Aruna Medium Irrigation Project,Ongoing Active,3,,,,
701395,Morna [Gureghar] Irrigation Project,Ongoing Active,3,,,,
701396,Lower Pedhi Project,Ongoing Active,3,,,,
701398,Nardave Medium Irrigation Project,Ongoing Active,3,,,,
701399,Kudali Irrigation Project,Ongoing Active,3,,,,
701404,Kanupur Irrigation Project,Ongoing Active,3,,,,
701405,J. Chokka Rao Devadula Lift Irrigation Scheme,Ongoing Active,3,,,,
701408,Madhya Ganga canal Phase-II,Ongoing Active,3,,,,
701410,Relining of  Rajasthan feeder and Sirhind Feeder canal,Ongoing Active,3,,,,
701411,Shahpur Kandi Dam Project,Ongoing Active,3,,,,
701412,North Koel Reservoir Project,Ongoing Active,3,,,,
701415,Polavaram Irrigation Project,Ongoing Active,21,8381.69,10424.82,36.85,44.45
701565,Jal Marg Vikas Project,Ongoing Active,21,469.67,544.63,16.92,16.09
701568,Construction of oil jetty No.8 at old kandla through internal resources,Ongoing Active,2,,,,
701570,"Replacement and revamping of pipeline projects in oil jetty area, Kandla",Ongoing Active,3,,,,
701574,Deepening and Optimization of Inner Harbour facilities including development of Western Dock on BOT basis to handle Cape size vessels,Ongoing Active,3,,,,
701577,Shalukkhali Liquid Cargo Handling Facility Development Project,Ongoing Active,3,,,,
701586,Setting up of a Floating Storage and Regasification Unit [FSRU] - Mumbai,Ongoing Active,3,,,,
701593,4G Services by BSNL,Ongoing Active,3,,,,
701597,Provision of 4G Mobile Services in Uncovered Villages of Arunachal Pradesh and 2 Districts of Assam,Ongoing Active,3,,,,
701598,Provision of 4G based Mobile Services in Uncovered Villages and National Highways of Meghalaya,Ongoing Active,3,,,,
701602,"Provision of 4G based mobile services in 7,287 uncovered villages of 44 Aspirational District across 5 states of Andhra Pradesh, Chhattisgarh, Jharkhand, Maharashtra & Odisha",Ongoing Active,3,,,,
701657,Tumakuru Node - Phase 1 - Roads and Services Development,Ongoing Active,3,,,,
701658,Krishnapatnam Node - Phase 1 - Roads and Services Development,Ongoing Active,3,,,,
701719,Rehablitation in Junavadaj Area Smart City Project,Ongoing Active,3,,,,
701745,New Suburba Station Development Project,Ongoing Active,3,,,,
701766,Green Building Development Project,Ongoing Active,3,,,,
701991,Kalyan Station Precinct Imporvement Project,Ongoing Active,3,,,,
702355,Storm water drainag Development Project,Ongoing Active,3,,,,
702625,Bhopal Metro Rail Project,Ongoing Active,21,650.18,647.8,11.27,11.37
702626,Indore Metro Rail Project,Ongoing Active,21,661.73,635.33,12.07,11.43
702627,Patna Metro Rail Project,Ongoing Active,17,2217.77,2615.29,23.03,23.28
702628,Kanpur Metro Rail Project,Ongoing Active,17,1365.86,1277.5,10.01,11.54
702632,DMRTS Phase - IV [3 Priority Corridors],Ongoing Active,20,2467.24,2614.96,7.9,10.41
702633,Delhi-Ghaziabad-Meerut Regional Rapid Transit System [RRTS] corridor,Ongoing Active,18,2102.49,2855.46,18.27,17.07
702635,Construction of Bangalore Metro Rail Project Phase 2.,Ongoing Active,37,6847.74,5134.75,18.83,16.22
702637,Mumbai Metro Line 3,Ongoing Active,34,5343.19,7045.57,17.1,16.74
702658,Nagpur Metro Rail Phase II Development Project,Ongoing Active,9,433.03,392.89,1.38,0.85
702664,Kochi Metro Rail Phase 2 Development  Project,Ongoing Active,6,32.14,33.29,0.44,1.84
702665,Construction Bangalore Metro Rail Project Phase-2A & 2B,Ongoing Active,13,1712.02,1798.66,26.64,30.22
702674,"ESR - 8 nos., distribution system - 216 Km, new house service connections - 38760 nos. upgrading of feeder mains, pumping station etc. - Phase II",Ongoing Active,3,,,,
702699,Muzaffarpur Storm Water Drainage Phase-I Project,Ongoing Active,3,,,,
702734,Sewerage Management Scheme Part-3 Implementation,Ongoing Active,3,,,,
702741,Dhanbad Water Supply Infrastructure Project,Ongoing Active,3,,,,
702742,SAAP-3 Water Supply Infrastructure SAAP-3 Project,Ongoing Active,3,,,,
702746,Augmentation and Strenghthning of Urban Water Supply Phase 1 - SAAP 3,Ongoing Active,3,,,,
702760,Belgavi Improvement in Sewerage System Project,Ongoing Active,3,,,,
702764,24/7 water supply under AMRUT for Davanagere,Ongoing Active,2,,,,
702793,Indore Water Supply Infrastructure Project,Ongoing Active,3,,,,
702808,Satna Sewerage Management and Treatment Infrastructure Project,Ongoing Active,3,,,,
702810,Singrauli Sewerage Management and Treatment Infrastructure Project,Ongoing Active,3,,,,
702833,Kalyan-Dombivali Water Supply Infrastructure Project,Ongoing Active,3,,,,
702840,Mira-Bhayandar Water Supply Infrastructure Project,Ongoing Active,3,,,,
702851,Pune Water Supply Infrastructure Project,Ongoing Active,3,,,,
702854,Solapur Sewerage Management Infrastructure Project,Ongoing Active,3,,,,
702949,Jhansi Water Supply Infrastructure Phase-II Project,Ongoing Active,3,,,,
703021,Jalandhar Water Supply Infrastructure Project,Ongoing Active,3,,,,
703057,Patiala Water Supply Infrastructure Part-2 Project,Ongoing Active,3,,,,
703585,Yeshvanthpur - Channasandra Doubling Project [21.70 Km],Ongoing Active,8,54.44,67.01,1.43,1.95
703586,Baiyyappanahalli - Hosur Doubling Project [48 km],Ongoing Active,8,1006.63,1096.14,17.47,11.27
704495,"502 Aspirational District Scheme in Four states - Bihar, Madhya Pradesh, Rajastha and Uttar Pradesh",Ongoing Active,3,,,,
705237,Western Dedicated Freight Corridor,Ongoing Active,3,,,,
705244,Coach Production Factory Upgradation Project,Ongoing Active,3,,,,
705252,Kazipet Wagon Overhauling Project,Ongoing Active,3,,,,
705253,Kurnool Coach Midlife Rehabilitation Project,Ongoing Active,3,,,,
705298,North Region Video Surveillance Project,Ongoing Active,3,,,,
705359,Talcher-Bimlagarh New Railway Line,Ongoing Active,3,,,,
705362,"Jaynagar-Bijalpura, incl. extn. Bet, Bijalpura-Bardibas [Nepal]",Ongoing Active,38,82.92,92.64,27.79,20.22
705368,Araria Supaul New BG Line,Ongoing Active,39,226.89,93.4,25.08,26.82
705375,Koderma-Tilaiya New Line,Ongoing Active,3,,,,
705385,Pirpainti - Jasidih [100.52 Km] New BG line,Ongoing Active,39,489.07,521.11,18.82,20.63
705391,Jiribam-Imphal new line project,Ongoing Active,3,,,,
705392,Dimapur [Dhansiri]-Sukhobi Kohima [Zubza] NL [82.5 Km],Ongoing Active,45,1330.31,1178.98,39.96,37.29
705401,Murkongselek-Pasighat,Ongoing Active,39,218.11,265.41,17.41,13.3
705419,Gwalior - Seopurkala with extension to Kota [Gauge Conversion],Ongoing Active,39,565.12,591.6,16.29,12.69
705424,Chandigarh-Baddi New Rail Line- 36 km,Ongoing Active,23,259.32,329.22,23.79,23.88
705428,Bhanupalli-Bilaspur-Beri New Railway Line Project,Ongoing Active,3,,,,
705429,Rishikesh-Karnaprayag New Rail Line- 125 km,Ongoing Active,30,2667.85,2497.04,18.51,21.04
705432,Sivok-Rangpo New Rail Line,Ongoing Active,45,2072.97,2557.93,19.62,14.41
705434,New Railway Line between Ginigera and Raichur [165.57 km],Ongoing Active,3,,,,
705444,Gevra Road-Pendra Road New Railway Line [135 km],Ongoing Active,3,,,,
705450,Jogbani-Biratnagar New Rail Line project,Ongoing Active,39,54.47,58.51,16.28,17.79
705453,"New line Dahod-Indore via Sardarpur, Jabuwa and Dhar",Ongoing Active,39,387.57,336.2,42.75,34.19
705454,Chhota Udaipur - Dhar New Line Project [157 km],Ongoing Active,39,138.27,146.82,36.92,32.59
705457,Ratlam-Mhow-Khandwa-Akola Gauge Conversion,Ongoing Active,45,363.63,328.0,23.69,27.01
705458,Miyagam-Karjan-Dabhoi-Samlaya [GC],Ongoing Active,39,77.31,57.91,11.25,10.35
705479,Wadsa-Gadchiroli,Ongoing Active,23,303.82,376.48,45.98,39.05
705480,"Lalitpur-Satna, Rewa-Singrauli & Mahoba-Khajuraho",Ongoing Active,3,,,,
705482,Dholpur - Sirmuttra Gauge Conversion,Ongoing Active,3,,,,
705489,Madurai- Tuticorin New Line,Ongoing Active,34,492.52,665.16,28.07,22.1
705490,Gadag-Wadi New Railway Line [257 km],Ongoing Active,38,436.6,447.33,34.94,31.31
705491,Marikuppam - Kuppam New Line Project [23.70 Km],Ongoing Active,38,42.35,58.11,25.75,21.6
705496,Tumkur-Chitradurga-Davangere New Rail Line Project [191 km],Ongoing Active,38,609.81,504.64,26.62,29.77
705498,3rd Line Kalyan - Kasara [67.35 Kilometres],Ongoing Active,39,161.59,179.99,25.47,23.22
705500,3rd Line Wardha - Sewagram - Nagpur,Ongoing Active,39,39.41,37.42,18.59,15.89
705502,3rd Line Wardha - Ballarshah [132 Kilometres],Ongoing Active,30,184.06,177.97,22.93,22.18
705504,Doubling of Daund Manmad Line [247.6 km],Ongoing Active,30,200.32,248.43,21.75,20.46
705505,4th Line Wardha - Nagpur [78.7 Kilometres],Ongoing Active,30,63.43,72.24,16.39,15.73
705507,Itarsi - Nagpur Third Railway Line [280 km],Ongoing Active,30,286.52,242.61,29.83,26.63
705510,Bhadrak-Nergundi Third Line,Ongoing Active,36,68.24,111.9,20.82,19.58
705511,Jagdalpur-Koraput,Ongoing Active,30,269.94,295.5,25.51,25.71
705512,Doubling of Kottavalasa-Koraput Rail Line [189 KM],Ongoing Active,30,481.9,479.33,21.63,22.61
705514,Jarapada- Budhapank with flyover at Talcher road 3rd and 4th Line,Ongoing Active,30,240.6,236.71,44.56,35.85
705515,3rd & 4th Railway Line Project from Salegaon to Budhapank via Rajathgarh.,Ongoing Active,30,208.63,305.21,33.08,31.2
705527,Sagauli-Valmiknagar,Ongoing Active,23,184.9,161.3,22.2,22.19
705528,Muzaffarpur-Sugauli,Ongoing Active,23,346.47,314.21,18.79,16.15
705562,Chhapra-Ballia Patch Doubling,Ongoing Active,39,82.71,116.95,15.57,16.1
705567,Burhwal Gonda 3rd line,Ongoing Active,23,187.22,179.69,12.88,14.74
705572,Doubling of New Bonggigaon to Kamakhya via Goalpara - 176 km,Ongoing Active,30,468.44,415.51,24.73,22.65
705583,Anand Vihar-Tilak Bridge 3rd & 4th line,Ongoing Active,38,156.77,159.9,24.58,22.22
705588,Janghai-Pratapgarh- Amethi,Ongoing Active,8,163.11,148.83,9.39,10.75
705598,Jhansi - Bina Third Railway Line [153 Km],Ongoing Active,23,137.72,201.07,16.97,15.72
705608,Jhansi-Khairar-Manikpur & Khirar-Bhimsen,Ongoing Active,23,856.59,914.97,23.24,21.16
705610,"Renigunta, Wadi & Gooty Bypass Railway Project",Ongoing Active,8,177.22,165.63,6.63,4.12
705612,Kazipet-Vijayawada 3rd line with electrification [220 km],Ongoing Active,38,511.66,535.2,15.63,15.93
705613,Third Line [new] between Kazipet - Balharshah  with electrification [201.04 Km],Ongoing Active,30,379.08,382.67,24.79,22.51
705616,Jharsuguda-Bilaspur Fourth Railway Line [206 km],Ongoing Active,23,84.69,94.07,21.2,21.06
705617,Rajnandgaon - Nagpur [Kalumna] Third Railway Line [228.30 km],Ongoing Active,29,328.03,366.69,14.99,15.53
705628,Doubling of Hatia [Ranchi]-Bondamunda Rail Line - 159 km,Ongoing Active,30,231.46,272.92,15.94,16.8
705629,Narayangarh-Bhadrak 3rd line,Ongoing Active,14,284.7,221.07,27.66,29.81
705632,Vijayawada - Kazipet Byepass line,Ongoing Active,8,190.43,178.11,2.07,5.16
705633,Guntur-Guntakal Doubling Project,Ongoing Active,30,540.16,551.34,24.28,23.18
705635,Trivandrum- Kanyakumari,Ongoing Active,29,563.15,652.21,20.92,19.92
705638,Kumbalam-Turavur doubling project [15.59 Km],Ongoing Active,8,151.32,140.64,0.13,1.41
705639,Ernakulam-Kumbalam doubling project [7.71 Km],Ongoing Active,8,32.76,49.06,0.47,0.86
705648,Vijaywada-Gudur 3rd Line,Ongoing Active,30,448.12,486.76,15.16,13.72
705650,Hospet - Tinaighat - Vasco Rail Doubling Project,Ongoing Active,38,408.47,375.42,24.27,24.98
705659,Satna-Rewa Railway Line Doubling Project,Ongoing Active,8,8.1,4.45,3.69,3.61
705662,Hotgi-Kudgi-Gadag Doubling Project (South Western Railway [SWR] - II),Ongoing Active,32,177.88,192.7,19.6,18.43
705663,Bangalore-Whitefield-Bangalore City-Krishnarajapuram [23.08 km] - Quadrupling,Ongoing Active,8,17.61,15.66,25.98,23.06
705667,Mathura-Jhansi Third Railway Line [274 Km],Ongoing Active,16,134.5,228.83,26.54,25.39
705668,KHARAGPUR-ADITYAPUR THIRD RAIL LINE- 132 KM,Ongoing Active,8,395.67,403.25,7.64,1.75
705728,Mumbai-Ahmedabad High Speed Rail Project- 508 km,Ongoing Active,24,54374.08,61428.7,28.27,29.51
705730,Joka-BBD Bag new metro project,Ongoing Active,3,,,,
705735,Solapur-tuljapur-Osmanabad,Ongoing Active,8,8.47,44.19,0.33,1.43
705747,Parasnath-Madhuban-Giridih new line,Ongoing Active,3,,,,
705752,Gudha-Thatha Mithri Construction of Railway Track Project,Ongoing Active,8,54.71,102.72,4.97,3.39
705761,SHIMOGA - SHIKARIPURA - RANEBENNUR [96 Km],Ongoing Active,8,207.33,184.6,1.83,3.56
705763,Indore - Budni New Railway Line [198 kms],Ongoing Active,8,449.79,217.62,12.55,9.51
705764,Nimach-Badi Sadri  New Rail Line Project,Ongoing Active,14,116.34,126.02,11.7,9.52
705765,Gomoh - Flyover for DN trains,Ongoing Active,8,39.21,32.79,4.96,5.42
705766,Lalitpur-Birari with flyover at Lalitpur- 16 Km,Ongoing Active,8,9.94,9.93,5.01,4.57
705771,Allahabad-Bamhrauli Flyover Construction & 4th Railway Line Project,Ongoing Active,8,31.64,17.54,4.37,3.55
705772,"Mughalsarai-Allahabad, 3rd line",Ongoing Active,8,79.4,64.58,3.38,3.11
705774,Aligarh -Daud Khan Flyover Construction & 3rd Railway Line Project,Ongoing Active,8,8.72,22.57,2.77,1.67
705777,Bhandai - Flyover for Etawah bound down train- 10 Km,Ongoing Active,8,52.48,51.74,6.4,5.9
705780,Bhatni-Aurnihar with electrification excluding Indara-Mau,Ongoing Active,3,,,,
705783,Ludhiana- Killa Raipur Railway  Doubling Project,Ongoing Active,3,,,,
705785,Lodhma - Piska - Link Line bypassing Hatia/Ranchi with Y connection,Ongoing Active,14,55.52,60.42,30.43,31.65
705789,Penukonda - Dharmavaram Doubling Project [41.5 Km],Ongoing Active,7,18.29,17.58,21.26,25.04
705793,Raising of speed to 160 kmph/200 kmph on existing New Delhi-Mumbai route incl. Vadodara-Ahmedabad,Ongoing Active,3,,,,
705794,New Delhi- Howrah Speed Booster[160Kmph] Project,Ongoing Active,3,,,,
705912,Sawai Madhopur-Jaipur Railway Line Project,Ongoing Active,3,,,,
705933,Nimach-Ratlam Doubling [133 Km],Ongoing Active,8,162.06,202.94,0.58,4.07
706718,C/o NITB Imphal Airport,Ongoing Active,11,20.35,27.91,5.28,5.02
706757,Modasa-Shamlaji Road Railway Line Project,Ongoing Active,8,50.76,31.43,25.15,26.97
706763,Rajkot - Kanalus Doubling Project [111.2 Kms],Ongoing Active,8,59.72,54.66,7.38,12.13
706775,BharatNet,Ongoing Active,3,,,,
706776,Noapara-Barasat via Bimanbandar - Construction of Metro railway [18 km],Ongoing Active,45,380.39,424.82,38.43,42.56
706777,Baranagar-Barrackpore and Dakshineshwar- Construction of Metro Railway,Ongoing Active,45,668.92,682.17,57.07,48.71
706779,Mumbai Urban Transport Project [MUTP] - PHASE II,Ongoing Active,45,1344.13,1091.16,23.51,33.69
706780,Mumbai Urban Transport Project [MUTP]  Phase-IIIA,Ongoing Active,7,2962.38,2659.97,11.08,4.39
706811,NMDC Slurry Pipeline Project Phase-1,Ongoing Active,16,693.94,702.51,20.63,17.42
706835,Belgaum-Dharwad via Kittur [73.10Km],Ongoing Active,8,371.96,259.54,1.54,3.82
706836,Dedicated Test Track for RDSO /Phase-II Project,Ongoing Active,7,41.9,105.17,28.81,29.01
706837,Pradhan Kuntha Jn Line Doubling Project,Ongoing Active,8,72.59,64.87,0.68,2.19
706854,Boridand - Ambikapur Doubling Line Project,Ongoing Active,8,100.33,95.52,7.0,6.43
706860,Barauni-Bachwara [16 km] - 3rd & 4th line incl. Barauni yard remodelling [32 km],Ongoing Active,8,183.29,129.06,2.1,3.13
706866,Sawaimadhopur Bye Pass Line Project,Ongoing Active,8,101.02,60.79,0.91,0.73
706898,Khurda Road - Balangir Electrification of Railway Track Project,Ongoing Active,3,,,,
706922,Guwahati-Dibrugarh via Tinsukia & Simaluguri-Dibrugarh,Ongoing Active,3,,,,
706940,"Mariani-Jorhat, Tinsukia-Dangri and Makum -TirapTrack Electrification Project",Ongoing Active,3,,,,
706942,Harmuty-Murkongselek Branch Line Electrification Project,Ongoing Active,3,,,,
706950,Hospet-Hubli-Vasco da Gama Line Electrification Project,Ongoing Active,3,,,,
707215,National Maritime Heritage Complex [NMHC] Phase-I,Ongoing Active,3,,,,
707229,"Integrated Command control Center [ICCC] - Construction and Development of Integrated Command Control Center with Security, Surveillance, ITMS, Connecting Port, Ship Service, Smart Solid Waste Management, Smart Public Transport System",Ongoing Active,3,,,,
708662,Establishment of 600 bed super specialty hospital with optional development of Medical college and further expansion on PPP basis.,Ongoing Active,3,,,,
709747,Bagodara Solar Power Project,Ongoing Active,13,2209.56,2192.88,3.58,4.05
709749,PHASE-I OF CONSOLIDATION OF EXISTING CDR DATA CENTERS AND NIB-P3 DATA CENTERS WITH STATE OF THE ART,Ongoing Active,18,86.77,93.81,4.64,5.16
709750,Laying of new 28 inch Desal Water Pipeline and 10 inch Reject Water Pipeline between CPCL Manali Refinery and CPCL Desalination plant at Ennore,Ongoing Active,11,66.05,63.34,8.21,7.32
709752,HP-COAT [Crude to Olefins and Aromatics Technology] demo unit at Visakh Refinery,Ongoing Active,13,62.16,63.71,12.63,13.46
709753,Haldia Panagarh Pipeline Project,Ongoing Active,10,58.18,34.21,9.9,11.28
709754,"Construction of LPG Facilities at Kamardanga, Assam",Ongoing Active,9,27.33,35.32,1.9,0.84
709755,"Setting up of new rail fed POL facility at Kamardanga, Assam",Ongoing Active,8,37.84,26.63,2.2,0.53
709757,"CGD Project in Banka, Dumka, Godda, Jamtara, Pakur, Sahibganj GA ID 11A.02",Ongoing Active,7,102.98,119.66,3.72,7.58
709758,"CGD Project in Malda, Birbhum, Murshidabad, Dakshin Dinajpur GA ID 11A.03",Ongoing Active,7,200.32,118.67,2.05,4.53
709759,"Petrochemical evacuation marketing terminal at Barmer, Rajasthan",Ongoing Active,7,9.68,6.75,5.33,2.4
709760,HP TDAE Unit in Mumbai Refinery,Ongoing Active,6,19.57,13.45,3.61,1.75
709766,"City Gas Distribution Project at Kurnool, Guntur & Prakasam Districts",Ongoing Active,8,223.85,221.6,28.4,30.21
709770,City Gas Distribution Project at Pathankot District,Ongoing Active,9,126.82,16.48,18.92,15.38
709771,"City Gas Distribution Project at Beed, Jalgaon and Jalna Districts",Ongoing Active,9,134.84,111.05,10.13,13.56
709772,"City Gas Distribution Project at East Mednipore, West Mednipore & Jhargram Districts",Ongoing Active,9,152.4,140.71,6.89,10.92
709773,"City Gas Distribution Project at Jammu, Udhampur, Reasi, Samba and Kathua Districts",Ongoing Active,7,195.03,84.34,42.35,41.93
709774,Revamping/ Augmentation of facilities at existing port terminal at Mangalore,Ongoing Active,13,46.02,56.19,18.1,18.93
709776,Augmentation/Revamping of Facilities at existing Guwahati Terminal at Betkuchi,Ongoing Active,12,36.31,15.64,14.71,14.31
709777,Installation of Bitumen Manufacturing Unit along with allied facilities at Barauni Refinery,Ongoing Active,11,91.01,62.5,14.77,16.51
709778,Installation of new Biturox Unit along with allied facilities at Gujarat Refinery,Ongoing Active,11,22.04,35.41,15.91,16.89
709779,Capacity Expansion of Digboi Refinery from 0.65 to 1.0 MMTPA,Ongoing Active,11,72.5,95.04,14.68,15.76
709780,Construction of Additional Tankages and Allied Facilities at JNPT Terminal,Ongoing Active,8,5.86,6.3,2.13,2.44
709782,ATF Pipeline from Jawaharlal Nehru Port Trust to Navi Mumbai International Airport,Ongoing Active,11,69.89,72.08,13.38,15.11
709783,"Installation of Multiple Effect Evaporator [MEE] for ETP-1, 2 & 4 of Panipat Refinery and Petrochemical Complex.",Ongoing Active,3,,,,
709785,Laying of Natural Gas Pipeline from Hazaribagh to Ranchi [HRPL],Ongoing Active,9,89.01,66.1,9.52,12.87
709789,Installation of Independent De- Aromatized Solvents [DAS] production facilities at MR,Ongoing Active,7,10.09,22.47,17.03,16.5
709790,Replacement and Extension of Jetty Pipelines [REJP] at KR,Ongoing Active,7,102.11,116.56,18.73,22.11
709791,City Gas Distribution Projects at Alipurduar and Cooch Behar,Ongoing Active,7,106.31,93.34,10.96,6.41
709792,"City Gas Distribution Projects at Darbhanga, Madhubani, Supaul, Sitamarhi and Sheohar districts",Ongoing Active,7,358.85,314.71,9.03,2.9
709793,"City Gas Distribution Projects at Gopalganj, Siwan, West Champaran, East Champaran and Deoria districts",Ongoing Active,7,382.25,438.9,11.33,4.85
709794,"City Gas Distribution Projects at Fazilka [except area already authorized], Ganganagar and Hanumangarh districts",Ongoing Active,7,278.61,219.34,11.08,4.85
709795,"City Gas Distribution Projects at Lakhimpur Kheri , Sitapur, Bahraich, Shravasti,Balrampur, Siddharth Nagar & Maharajganj districts",Ongoing Active,7,2303.28,2593.73,15.52,4.63
709796,City Gas Distribution Projects at the Nilgiris and Erode districts,Ongoing Active,7,284.91,193.39,8.9,2.72
709797,POL & LOBS Installations with Receipt Pipelines at Rasayani,Ongoing Active,7,115.86,182.63,8.06,5.72
709798,Ethylene Cracker Project at Bina Refinery including downstream Petrochemical Plants and expansion of Refinery,Ongoing Active,7,1165.25,1029.33,1.23,0.49
709799,Setting up Polypropylene Unit at Kochi Refinery,Ongoing Active,6,113.58,163.74,2.82,0.77
709800,"CUF POL Depot at Sadashibpur [Meramundali], Odisha",Ongoing Active,3,,,,
709811,GANDHAMARDAN IRON ORE MINES TO GOALDIH STATION/12.76kms,Ongoing Active,8,88.79,90.49,2.11,3.73
709812,NADIAD-PETLAD [37.26 KM],Ongoing Active,8,32.07,8.32,8.71,15.74
709815,4TH LINE - BHATAPARA-HATHBAND [8.8 KM] [PB-72/NR/2022-23],Ongoing Active,8,128.98,131.59,4.87,3.32
709816,4TH LINE - BHILAI-BHILAI NAGAR [8.8 KM] [PB-72/NR/2022-23],Ongoing Active,8,140.07,44.69,0.29,1.36
709817,4TH LINE - DADHAPARA-BELHA [9.2 KM] [PB-72/NR/2022-23],Ongoing Active,8,124.79,71.91,1.81,1.39
709818,4TH LINE RAJNANDGAON-DONGARHGARH [31.2 KM] [PB-72/NR/2022-23],Ongoing Active,8,103.59,74.84,0.99,1.27
709819,3RD AND 4TH LINE - SARAGBUNDIA AND MADWARANI,Ongoing Active,8,133.49,59.16,1.35,0.9
709826,SCREENING PLANT-III AT KIRANDUL,Ongoing Active,11,142.44,186.56,27.87,30.23
709837,"Creation of Gas Dehydration  Facilities, Tripura Asset",Ongoing Active,8,34.36,36.76,2.09,1.4
709838,Commercial Polymer Flooding Project in Bechraji field,Ongoing Active,11,83.08,89.65,14.24,17.67
709840,"Restoration of Gas Terminal, Phase-I [Part-A], Hazira",Ongoing Active,10,3.75,7.56,4.23,5.42
709842,"Kalol Redevelopment Project, Ahmedabad Asset",Ongoing Active,9,31.21,70.33,2.39,2.1
709845,"Revamping of SV Stations, Gas Terminal & Kribhco Terminal",Ongoing Active,7,17.65,24.9,4.01,0.91
709847,Pipeline Network Project Rudrasagar,Ongoing Active,6,18.87,20.76,8.04,10.08
709848,MHN TCPP PGC BGC Project [MTPBP],Ongoing Active,7,323.66,333.25,4.08,2.6
709849,PRP-VIII Group B [NH & BS Asset],Ongoing Active,6,732.48,753.96,11.02,7.24
709850,Borholla GGS Life Extension Project [BLEP],Ongoing Active,6,24.8,23.0,0.34,0.99
709851,Integrated Development of 4 Contract Areas under DSF-II,Ongoing Active,5,210.46,1002.2,2.55,0.8
709856,MPLS-IP BASED ACCESS AND AGGREGATION NETWORK [MAAN] IN BSNL ALONG WITH TEST AND MEASURING EQUIPMENT,Ongoing Active,9,38.53,70.82,4.13,4.18
709857,"Planning, Engineering, Supply, Installation, Testing, Commissioning, Integration & Annual Maintenance of 4G mobile network at 1 Lakh sites on PAN India basis including Mumbai & Delhi LSA on turnkey basis under Phase IX.2 Project.",Ongoing Active,8,2197.73,1052.59,7.32,8.05
709859,SETTING UP OF PHYSICAL INFRASTRUCTURE FOR THE NATIONAL INSTITUTE OF COMMUNICATION FINANCE [NICF] AT GHITORNI,Ongoing Active,24,3.18,12.44,9.46,9.2
709864,DCU Revamp Project,Ongoing Active,8,36.47,25.71,3.79,5.68
900808,Transmission System for Kurnool Wind Energy Zone/ Solar Energy Zone  Part-A and Part-B,Ongoing Active,9,552.12,576.36,10.6,11.92
N02000007,URANIUM ORE MINE and PROCESSING PLANT AT TUMMALAP(URANIUM CORPORATION OF INDIA LIMITED),Ongoing Not Active,6,8.48,2.59,11.8,11.97
N02000027,RAJASTHAN ATOMIC POWER PROJECT - 7 AND 8 (2X700 MW) (NPCIL ),Ongoing Not Active,39,2426.1,2289.25,7.18,5.26
N02000028,KUDANKULAM NUCLEAR POWER PROJECT UNIT-3 and 4 (NPCIL ),Ongoing Not Active,21,18306.0,12374.71,5.34,6.26
N02000029,KUDANKULAM NUCLEAR POWER PROJECT 5 AND 6 (NPCIL ),Ongoing Not Active,8,1015.08,809.92,11.73,14.76
N04000037,C/O INTEGRATED PASSENGER TER. BULD. NSCBI AIRPORT (AIRPORT AUTHORITY OF INDIA LIMITED),Ongoing Not Active,11,212.81,261.07,1.23,1.29
N04000038,D/O KAMARAJ DOMESTIC TER-PH-II AND EXP. ANNA INT. TER BLDG(K1) (AIRPORT AUTHORITY OF INDIA LIMITED),Ongoing Not Active,11,93.68,39.08,3.19,1.65
N04000050,CONSTRUCTION OF NEW AIRPORT AT PAKYONG(SIKKIM) AIRPORT (AIRPORT AUTHORITY OF INDIA LIMITED),Ongoing Not Active,23,59.3,54.0,30.54,28.28
N04000065,GAGAN PROJECT (AIRPORT AUTHORITY OF INDIA LIMITED),Ongoing Not Active,13,11.79,0.29,8.68,5.16
N04000069,CONSTRUCTION OF NEW INTERNATIONAL TERMINAL BUILDING(GOA) (AIRPORT AUTHORITY OF INDIA LIMITED),Ongoing Not Active,20,43.53,41.92,13.02,16.58
N04000070,DEVELOPMENT OF CHANDIGARH INTERNATIONAL AIRPORT(MOHALI) PH - II (AIRPORT AUTHORITY OF INDIA LIMITED),Ongoing Not Active,10,30.87,23.72,3.34,2.02
N04000071,SUPPLY OF 56 NOS AIRFIELD FIRE TENDERS AT VARIOUS AIRPORTS G(AIRPORT AUTHORITY OF INDIA LIMITED),Ongoing Not Active,12,17.72,15.63,12.6,12.68
N04000072,ESTABLISHMENT OF AIRPORT OPERATIONS CONTROL CENTRES AT 10 AIRPORTS (AIRPORT AUTHORITY OF INDIA LIMITED),Ongoing Not Active,8,8.31,0.7,5.35,4.23
N04000077,"CCS INTERNATIONAL AIRPORT , LUCKNOW (AAI )",Ongoing Not Active,18,254.79,525.82,4.89,6.26
N04000092,Physical Progress (%) CIVIL AVIATION 1 CONSTRUCTION OF NEW GREEN FIELD AIRPORT AT HOLLONGI ITANAGAR ARUNACHAL PRADESH (AAI ),Ongoing Not Active,11,53.43,46.51,15.47,13.88
N06000008,KUSMUNDA EXPN.OCP(SECL)(15- 50)MTY (SECL ),Ongoing Not Active,40,761.05,954.54,11.73,9.47
N06000016,ADRIYALA SHAFT PROJECT (SINGARENI COLLIERS COMPANY LIMITTED),Ongoing Not Active,17,126.94,93.02,7.2,9.43
N06000017,"January,2021 SHANTIKHANI LONGWALL PROJ-SCCL (SINGARENI COLLIERS COMPANY LIMITTED)",Ongoing Not Active,30,51.92,32.1,12.42,13.18
N06000019,JHAJJAR HISSAR PIPE LINE PROJECT (GAS AUTHORITY OF INDIA LIMITED),Ongoing Not Active,10,24.11,18.93,3.41,2.48
N06000025,JALLARAM SHAFT PROJECT (SINGARENI COLLIERS COMPANY LIMITTED),Ongoing Not Active,17,15.39,14.87,6.62,2.61
N06000035,Expenditure (Rs. crore) EXPANSION PR OF GOPAL JI KANIHA OCP(30.0 MTY) OLD (40 MTY) (MAHANADI COAL FIELDS LIMITED),Ongoing Not Active,32,958.53,831.09,24.21,16.41
N06000042,GOPAL PRASAD OCP (15MTY) (MAHANADI COAL FIELDS LIMITED),Ongoing Not Active,16,5.16,4.64,3.52,1.82
N06000046,CHURCHA ROUG(1.35MTY) (SOUTH-EASTERN COAL FIELDS LIMITED),Ongoing Not Active,14,16.64,14.22,2.84,1.99
N06000048,KAKATIYA LONGWALL (SINGARENI COLLIERS COMPANY LIMITTED),Ongoing Not Active,30,12.25,1.55,7.24,7.48
N06000068,Ha forest land. Mahanadi Coal Fields Limited HINGULA OC-II EXP. PH-III (15 MTY),Ongoing Not Active,35,86.56,94.02,16.05,6.48
N06000076,KARTALI (EAST) OCP (2.50 MTY) (SECL ),Ongoing Not Active,40,23.61,26.37,28.07,27.78
N06000082,AMLAI OC EXPANSION SECTOR B (1.50 MTY) (SOUTH-EASTERN COAL FIELDS LIMITED),Ongoing Not Active,25,5.57,4.99,9.58,8.92
N06000089,ii) Rehabilitation & Resettlement Problems KISTARAM OCP,Ongoing Not Active,33,43.69,42.2,2.62,3.66
N06000093,RCE OF INDARAM OCP(1.20 MTPA) (SINGARENI COLLIERS COMPANY LIMITTED),Ongoing Not Active,32,63.98,60.72,3.36,5.11
N06000094,Resettlement Problems iii) Law & Order problem. JALAGAM VENGALA RAO OCP-II,Ongoing Not Active,32,18.55,19.01,7.41,6.35
N06000099,BAROUD OC EXPANSION (RCE)- 3MTY (SOUTH-EASTERN COAL FIELDS LIMITED),Ongoing Not Active,27,12.61,13.34,6.24,8.02
N06000101,KALYANIKHANI OPENCAST PROJECT (SINGARENI COLLIERS COMPANY LIMITTED),Ongoing Not Active,27,12.1,17.17,5.71,5.98
N06000102,RFR OF MANUGURU OC PROJECT (SINGARENI COLLIERS COMPANY LIMITTED),Ongoing Not Active,27,7.76,17.13,3.72,3.72
N06000104,CHHAL OC SEAM -III (6.00 MTY) (SECL ),Ongoing Not Active,34,22.12,25.46,15.23,14.59
N06000106,NORTH TISRA AND SOUTH TISRA EXPANSION OCP (6MTY),Ongoing Not Active,28,13.12,9.27,4.47,4.14
N06000108,KAPURIA UG(PSLW) (BHARAT COKING COAL LIMITED),Ongoing Not Active,19,25.43,38.98,8.36,2.58
N06000109,SONEPUR BAZARI (COMB) OCP (8.0 MTY) (EASTERN COAL FIELDS LIMITED),Ongoing Not Active,23,6.14,9.71,16.63,16.19
N06000111,BIJARI OC RCE (1.50 MTY) (SOUTH-EASTERN COAL FIELDS LIMITED),Ongoing Not Active,18,18.08,16.48,4.06,3.68
N06000114,"December,2020 JAGANNATH RE-ORGANISATION OC.(6.00 MTY) (MAHANADI COAL FIELDS LIMITED)",Ongoing Not Active,18,7.06,3.89,5.38,5.53
N06000115,KULDA EXPN OC. (5.00 MTY) (MAHANADI COAL FIELDS LIMITED),Ongoing Not Active,18,3.05,2.58,12.6,14.88
N06000117,"3/2029} 5,194.96 (N.A.) {5,194.96} 3,392.69 42.5 1205 GARJANBAHAL OCP (MCL )",Ongoing Not Active,29,127.02,169.19,16.44,13.96
N06000118,Expenditure (Rs. crore) PR FOR DINESH(MAKARDHOKRA III) EXPANSION OC (8.0 MTY) (WESTERN COAL FIELDS LIMITED),Ongoing Not Active,20,105.18,160.21,17.22,16.86
N06000121,BHANEGAON OC (WESTERN COAL FIELDS LIMITED),Ongoing Not Active,20,106.43,88.03,3.71,4.12
N06000122,Cumulative Expenditure in Rs. Crore Progress (%) 1 AMRITDHARA OC PROJECT (SECL),Ongoing Not Active,27,64.22,59.79,13.77,15.39
N06000124,RAJNAGAR OCP RPR (1.70 MTY) (SECL ),Ongoing Not Active,27,50.74,52.99,12.08,9.75
N06000127,Delay in implementing project by BOM operator. PATHERDIH NLW WASHERY,Ongoing Not Active,21,3.92,9.18,2.01,0.49
N06000128,NEW MAJRI UG TO OC (WESTERN COAL FIELDS LIMITED),Ongoing Not Active,21,25.82,29.56,20.81,26.05
N06000129,KAKATIYAKHANI OPENCAST-2 PROJECT (SINGARENI COLLIERS COMPANY LIMITTED),Ongoing Not Active,19,53.58,64.71,11.87,18.08
N06000130,SINGHORI OC MINE (WESTERN COAL FIELDS LIMITED),Ongoing Not Active,16,4.59,3.4,5.72,5.74
N06000131,AMALGAMATED PAUNI-II III OC MINE (WESTERN COAL FIELDS LIMITED),Ongoing Not Active,17,9.25,7.22,3.68,2.86
N06000133,ADASA UG TO OC (WESTERN COAL FIELDS LIMITED),Ongoing Not Active,18,19.32,20.27,1.25,1.76
N06000134,BATURA HIGHWALL PROJECT (SECL ),Ongoing Not Active,25,39.77,42.43,10.91,9.41
N06000136,DURGAPUR OPENCAST PROJECT (SECL ),Ongoing Not Active,25,185.32,162.88,26.03,25.76
N06000138,EXPANSION OF MINE-I (LEASE AREA) AND MINE-I A (3.0 TO 7.0 MTPA) (NEYVELI LIGNITE CORPORATION),Ongoing Not Active,24,254.26,252.27,29.3,24.18
N06000139,MALACHUA OPENCAST PROJECT (SOUTH-EASTERN COAL FIELDS LIMITED),Ongoing Not Active,14,1.65,4.42,1.46,1.66
N06000140,MADANNAGAR OPENCAST PROJECT (SECL ),Ongoing Not Active,24,36.77,56.34,16.53,15.02
N06000141,REVISED PR FOR AMALGAMATED INDER KAMPTEE DEEP OC (3.2 MTY) (WESTERN COAL FIELDS LIMITED),Ongoing Not Active,17,13.22,7.63,3.23,6.77
N06000142,RPR FOR MUNGOLI NIORGUDA EXTENSION (DEEP) OC (4.375 MTY) (WESTERN COAL FIELDS LIMITED),Ongoing Not Active,17,78.82,84.81,17.46,17.2
N06000143,HURA - C OC (3 MTY) (ECL ),Ongoing Not Active,24,97.25,99.07,14.41,15.21
N06000144,Neyveli Lignite Corporation HADLA LIGNITE MINE PROJECT(1.90 MTPA),Ongoing Not Active,24,75.7,76.45,6.64,3.45
N06000145,Neyveli Lignite Corporation BITHNOK LIGNITE MINE PROJECT (2.25 MTPA),Ongoing Not Active,24,39.77,41.98,6.24,2.96
N06000146,KOYAGUDEM OPENCAST PROJECT (SINGARENI COLLIERS COMPANY LIMITTED),Ongoing Not Active,13,4.81,5.06,8.12,8.57
N06000147,KALYANIKHANI 6 INCLINE PROJECT (SINGARENI COLLIERS COMPANY LIMITTED),Ongoing Not Active,12,27.19,27.41,1.82,1.81
N06000149,AMALGAMATED GONDEGAON GHATROHAN OC (WESTERN COAL FIELDS LIMITED),Ongoing Not Active,15,55.28,54.6,9.43,9.95
N06000150,BHATADI EXPANSION OC MINE (WESTERN COAL FIELDS LIMITED),Ongoing Not Active,16,65.28,80.17,32.02,36.45
N06000151,NEYVELI SOLAR POWER PROJECT 130 MW (NEYVELI LIGNITE CORPORATION),Ongoing Not Active,6,231.83,234.98,6.87,7.58
N06000153,Western Coal Fields Limited COAL PROJECT NAME JAMUNIA UG (0.84 MTY),Ongoing Not Active,15,32.74,28.27,14.12,13.96
N06000155,RECAST PR FOR DHANKASA UG (1.00 MTY) (WESTERN COAL FIELDS LIMITED),Ongoing Not Active,15,39.15,43.22,8.97,9.65
N06000157,DURGAPUR EXTENSION (DEEP) OC (3.0 MTY) (WCL ),Ongoing Not Active,23,8.96,10.08,13.04,9.97
N06000159,Northern Coal Fields Limited JAYANT EXPANSION OCP 10 TO 20 MTPA,Ongoing Not Active,19,239.06,289.17,3.1,6.68
N06000160,KOLAR PIMPRI EXTENSION OC (WESTERN COAL FIELDS LIMITED),Ongoing Not Active,12,15.88,16.57,10.96,11.87
N06000161,KAKATIYAKHANI OPENCAST III PROJECT PHASE-1 (SCCL ),Ongoing Not Active,22,16.11,15.92,21.99,19.55
N06000170,3/2026} 535.18 (N.A.) {535.17} 3.91 13.2 1739 NAKRAKONDA KUMARDIH B OCP (ECL ),Ongoing Not Active,18,10.92,15.13,3.26,2.5
N06000172,3/2029} 502.68 (N.A.) {502.67} 57.13 25.3 1740 TILABONI UG MINE (ECL ),Ongoing Not Active,15,55.68,43.32,7.27,7.27
N06000173,Date of Commissioning Original (MM/YYYY) Cumulative Expenditure in Rs. Crore 1 SRP OC-II EXPANSION PROJECT (SCCL),Ongoing Not Active,15,3.42,4.5,14.32,13.33
N06000174,Singareni Colliers Company Limitted RAMPURAM SHAFT BLOCK,Ongoing Not Active,4,16.92,14.05,0.95,0.81
N06000175,SRAVANAPALLI OPENCAST PROJECT (SINGARENI COLLIERS COMPANY LIMITTED),Ongoing Not Active,4,1.47,3.71,0.62,0.63
N06000176,SEMARIA OPENCAST PROJECT (NORTHERN COAL FIELDS LIMITED),Ongoing Not Active,8,10.34,8.61,0.62,1.07
N06000177,SAONER I UG TO OC PHASE I (WESTERN COAL FIELDS LIMITED),Ongoing Not Active,5,27.79,25.58,1.43,0.92
N06000178,VISHNUPURI UG TO OC MINE (WESTERN COAL FIELDS LIMITED),Ongoing Not Active,10,12.03,7.17,0.98,1.17
N06000180,BELLORA-NAIGAON DEEP OC (WCL ),Ongoing Not Active,16,63.58,66.4,13.52,12.01
N06000181,GAURI DEEP OC (WESTERN COAL FIELDS LIMITED),Ongoing Not Active,4,15.45,12.75,3.07,1.65
N06000183,12/2024} 1255.17 (N.A.) {1255.17} 1232.55 96.58 789 GANDHIGRAM UG MINE (WCL ),Ongoing Not Active,17,13.99,13.87,2.09,2.25
N06000185,PARASEA- BELBAID REORGANISATION UG MINE (ECL ),Ongoing Not Active,14,90.95,129.17,9.06,10.41
N06000187,Neyveli Lignite Corporation BARSINGSAR THERMAL POWER STATION EXTENSION,Ongoing Not Active,11,876.17,834.76,10.55,7.3
N06000188,Neyveli Lignite Corporation BITHNOK LIGNITE THERMAL POWER STATION,Ongoing Not Active,11,484.39,445.08,8.02,4.74
N06000189,TALABIRA II AND III OCP (NLC ),Ongoing Not Active,14,61.23,33.51,4.4,5.04
N06000191,SHYAMSUNDARPUR UG INCLUDING SAPI UNIT (ECL ),Ongoing Not Active,15,225.87,183.74,9.11,8.19
N06000198,JAMPALI OCP RCE (SECL ),Ongoing Not Active,13,19.22,24.24,2.06,2.69
N06000203,"1/2027} 2,401.07 (N.A.) {2,401.07} 1,370.54 52.8 1209 NAINI COAL MINE (SCCL )",Ongoing Not Active,12,8.01,7.24,3.06,4.35
N06000207,BATURA WEST OC PROJECT (0.80 MTY) (SECL ),Ongoing Not Active,10,0.87,12.26,9.43,7.73
N06000208,"3/2025} 17,237.00 (19,406.12) {19,406.12} 18,281.63 85.46 1568 KHADIA EXPANSION OCP (NCL )",Ongoing Not Active,11,5.69,11.59,9.91,9.31
N06000210,RCE OF RAMAGUNDAM OPENCAST II EXTENSION PROJECT (SCCL ),Ongoing Not Active,11,38.79,43.09,41.48,44.23
N06000216,REVISED PROJECT REPORT MAGADH EXPANSION OCP (CCL ),Ongoing Not Active,10,304.57,240.99,2.38,1.69
N06000221,BHANEGAON OC (1MTY) (WESTERN COAL FIELDS LIMITED),Ongoing Not Active,2,,,,
N06000224,DHANKASA UG (RECAST) (1 MTY) (WESTERN COAL FIELDS LIMITED),Ongoing Not Active,2,,,,
N06000225,ANANTA OCP EXPANSION PH III (MAHANADI COAL FIELDS LIMITED),Ongoing Not Active,6,34.13,56.69,20.55,17.49
N06000227,BHUBANESWARI EXPANSION OCP (MCL ),Ongoing Not Active,9,1442.75,1725.51,4.54,2.91
N06000228,RPR FOR JAMUNIA UG (WESTERN COAL FIELDS LIMITED),Ongoing Not Active,2,,,,
N06000230,"3/2028} 6,107.87 (N.A.) {6,107.87} 1,620.58 16.5 1212 BALARAM EXPANSION OCP (MCL )",Ongoing Not Active,10,185.63,182.19,2.35,1.71
N06000231,MUNGOLI NIRGUDA EXTENSION (DEEP) OC (WCL ),Ongoing Not Active,8,13.05,3.88,2.14,1.11
N06000234,BHATADI EXPASION OC (0.975 MTY) (WESTERN COAL FIELDS LIMITED),Ongoing Not Active,2,,,,
N06000235,GAURI PAUNI EXPANSION OC (WESTERN COAL FIELDS LIMITED),Ongoing Not Active,4,4.05,2.9,1.17,0.84
N06000239,3/2032} 973.5 (N.A.) {973.5} 7.95 12.4 610 SIRKA OCP (CCL ),Ongoing Not Active,10,5.65,5.41,11.03,9.53
N06000245,3/2028} 1020.42 (N.A.) {1020.42} 82.92 11.7 615 EXPANSION OF KONAR OCP (CCL ),Ongoing Not Active,10,1.6,10.52,1.17,1.42
N06000247,3/2026} 908.47 (N.A.) {908.47} 145.14 17.2 617 EXPANSION OF ASHOK OCP (CCL ),Ongoing Not Active,10,222.62,233.92,2.08,1.38
N06000248,Mahanadi Coal Fields Limited 23 KULDA EXPANSION OCP- 15 MTY,Ongoing Not Active,9,23.85,21.32,15.87,13.29
N06000261,RPR OF HINGULA -II EXPANSION PH-III (MCL ),Ongoing Not Active,6,138.96,123.82,0.76,0.91
N06000263,Cumulative Expenditure in Rs. Crore Progress (%) 1 RPR PAUNI II EXPANSION OC (WCL),Ongoing Not Active,3,,,,
N07000001,"C/O RESIDENTIAL COMPLEX BUILDING FOR CENTRAL BOARD OF INDIRECT TAXES AND CUSTOMS AT SECTOR-9, DWARKA (NPCC )",Ongoing Not Active,10,3.09,20.6,4.74,5.95
N08000003,THAL AMMONIA REVAMP PROJECT(RASHTRIYA CHEMICAL & FERTILISER LIMITED),Ongoing Not Active,4,2.39,2.26,1.63,1.39
N08000004,PANIPAT - AMMONIA PLANT FEEDSTOCK CHANGEOVER PROJE(NATIONAL FERTILISER LIMITED),Ongoing Not Active,6,19.71,24.05,1.47,0.98
N08000007,CAPACITY ENHANCEMENT OF VIJAIPUR-I PLANTS(NATIONAL FERTILISER LIMITED),Ongoing Not Active,5,13.54,14.46,0.67,1.94
N08000008,CAPACITY ENHANCEMENT OF AMMONIA AND UREA PLANT VIJ(NATIONAL FERTILISER LIMITED),Ongoing Not Active,5,8.68,6.67,0.37,0.66
N08000009,"NEW SEWAGE TREATMENT PLANT PACKAGE, RCF TROMBAY (RASHTRIYA CHEMICAL & FERTILISER LIMITED)",Ongoing Not Active,16,4.1,6.54,1.48,1.53
N08000010,Rashtriya Chemical & Fertiliser Limited GAS TURBO GENERATOR AND HEAT RECOVERY STEAM GENERATOR PROJECT RCF THAL,Ongoing Not Active,7,3.22,3.89,2.95,2.19
N08000014,National Fertiliser Limited GAS TURBO GENERATOR AND HEAT RECOVERY STEAM GENERATOR PROJECT NFL PANIPAT,Ongoing Not Active,13,10.22,9.18,2.56,2.07
N08000015,GAS TURBO GENERATOR AND HEAT RECOVERY STEAM GENERATOR PROJECT NFL BATHINDA (NATIONAL FERTILISER LIMITED),Ongoing Not Active,12,5.73,8.54,0.68,0.74
N08000016,GAS TURBO GENERATOR AND HEAT RECOVERY STEAM GENERATOR PROJECT NFL NANGAL (NATIONAL FERTILISER LIMITED),Ongoing Not Active,12,1.13,2.36,0.68,0.73
N08000019,AN MELT PROJECT AT RCF TROMBAY (RASHTRIYA CHEMICAL & FERTILISER LIMITED),Ongoing Not Active,4,15.84,13.71,1.82,1.39
N12000038,COKE OVEN BATTERY NO. 4 PHASE-II (RASTRIYA ISPAT NIGAM LIMITED),Ongoing Not Active,11,6.61,9.7,8.31,4.47
N12000056,EXPANSION OF ROURKELA STEEL PLANT (STEEL AUTHORITY OF INDIA LIMITED (SAIL)),Ongoing Not Active,11,184.4,343.46,1.77,2.32
N12000072,"MTPA PELLET PLANT PROJECT ,DONIMALAI (NMDC) (NATIONAL MINERAL DEVELOPMENT CORPORATION (NMDC))",Ongoing Not Active,15,11.79,18.83,3.38,14.42
N12000073,MTPA KUMARASWAMY IRON ORE MINE PROJECT (NMDC) (NATIONAL MINERAL DEVELOPMENT CORPORATION (NMDC)),Ongoing Not Active,15,25.58,31.5,5.85,11.46
N12000074,EXECUTION OF TELECOM NETWORK REQUIREMENT OF DEFENCE FORCES (BHARAT SANCHAR NIGAM LIMITED),Ongoing Not Active,11,118.68,115.73,0.78,2.07
N12000076,INSTALLATION OF 45MVA SAF T WITH OTHER ASSOCIATED FACILITIES (STEEL AUTHORITY OF INDIA LIMITED (SAIL)),Ongoing Not Active,14,10.9,11.62,3.42,2.35
N12000078,"Cold repair of Coke Oven Battery-9 at BSP, Bhilai, chattisga",Ongoing Not Active,11,6.11,1.38,1.65,0.9
N12000079,"REBUILDING OF COKE OVEN BATTERY-3 AT RSP, ROURKELA, ODDISHA (STEEL AUTHORITY OF INDIA LIMITED (SAIL))",Ongoing Not Active,11,1.53,0.95,1.83,1.19
N12000080,REBUILDING OF BATTERY BLOCK 5A AND RE-CONSTRUCTION OF BATTERY BLOCK 5B (STEEL AUTHORITY OF INDIA LIMITED (SAIL)),Ongoing Not Active,8,0.47,1.18,1.03,1.03
N12000082,INSTALLATION OF ADDITIONAL HEAT TREATMENT FACILITIES IN SPP AT RSP (STEEL AUTHORITY OF INDIA LIMITED (SAIL)),Ongoing Not Active,7,21.43,22.33,3.13,2.24
N12000085,DEVELOPMENT OF PERMANENT BARRACKS AT 21 LOCATIONS AT ROWGHAT DEPOSIT (STEEL AUTHORITY OF INDIA LIMITED (SAIL)),Ongoing Not Active,15,3.63,3.29,4.17,4.31
N12000086,NMDC INTEGRATED STEEL PLANT (NATIONAL MINERAL DEVELOPMENT CORPORATION (NMDC)),Ongoing Not Active,27,1857.96,2079.1,9.04,3.29
N12000087,CAPTIVE POWER PLANT - 2 (RASTRIYA ISPAT NIGAM LIMITED),Ongoing Not Active,3,,,,
N12000090,SMS-1 CONVERTERS REVAMPING G(RASTRIYA ISPAT NIGAM LIMITED),Ongoing Not Active,8,0.09,1.67,2.24,2.51
N12000091,REVAMPING OF SINTER MACHINES - 1 AND 2 (RASTRIYA ISPAT NIGAM LIMITED),Ongoing Not Active,14,28.18,26.83,10.55,9.82
N12000097,EXPANSION OF GUA ORE MINES WITH BENEFICIATION FACILITIES AND INSTALLATION OF PELLET PLANT (STEEL AUTHORITY OF INDIA LIMITED (SAIL)),Ongoing Not Active,12,69.0,102.45,3.01,1.91
N12000098,RURAL DEVELOPMENT Hindustan Steelwork Construction Limited 406 CONSTRUCTION AND MAINTEINANCE OF RURAL ROAD UNDER PMGSY PHASE V,Ongoing Not Active,18,52.85,51.02,10.39,6.98
N12000099,Hindustan Steelwork Construction Limited CONSTRUCTION AND MAINTEINANCE OF RURAL ROAD UNDER PMGSY PHASE VI,Ongoing Not Active,18,20.43,15.41,3.82,3.87
N12000100,CONSTRUCTION AND MAINTEINANCE OF RURAL ROAD UNDER PMGSY PHASE VIII (HSCL FOR RURAL),Ongoing Not Active,18,23.33,23.39,4.29,5.25
N12000101,CONSTRUCTION OF MEDICAL COLLEGE AND HOSPITAL AT GULBARGA (HINDUSTAN STEELWORK CONSTRUCTION LIMITED),Ongoing Not Active,14,6.84,10.23,15.9,14.37
N12000102,CONSTRUCTION OF PARAMEDICAL AND ALLIED HEALTH INSTITUTE AT GULBARGA (HINDUSTAN STEELWORK CONSTRUCTION LIMITED),Ongoing Not Active,14,22.75,18.6,10.86,9.18
N12000103,"DONER 124 CONSTRUCTION OF INTERNATIONAL CENTRE FOR PERFORMING ARTS AND CULTURE,SHILONG IN MEGALAYA UNDER NLCPR (HSCL FOR DONER )",Ongoing Not Active,27,35.36,33.81,8.83,6.44
N12000104,Hindustan Steelwork Construction Limited CONSTRUCTION OF 123 BLOCKS IN TELENGANA AND 167 BLOCKS IN A.P. FOR INDOOR SPORTS HALL UNDER RGKA,Ongoing Not Active,15,12.99,8.02,2.84,1.72
N12000106,"Hindustan Steelwork Construction Limited CONSTRUCTION OF CAMPUS AND BUILDING FOR NIPER AT GANDHINAGAR, GUJARAT",Ongoing Not Active,13,22.11,14.5,3.58,1.73
N12000107,Hindustan Steelwork Construction Limited CONSTRUCTION OF MEDICAL COLLEGE CAMPUS FOR 100 MBBS ADMISSION ANNUALLY AND UP-GRADATION OF GOVT. DIS,Ongoing Not Active,14,13.56,12.19,6.97,7.31
N12000108,Hindustan Steelwork Construction Limited 1023 IRRIGATION WORK OF BAGMATI,Ongoing Not Active,19,94.18,90.43,36.86,34.29
N12000109,CONSTRUCTION OF RURAL ROADS WITH FIVE YEAR MAINTEINANCE UNDER PMGSY-JHARKHAND (HINDUSTAN STEELWORK CONSTRUCTION LIMITED),Ongoing Not Active,14,91.77,83.26,12.57,8.95
N12000110,"CONSTRUCTION OF ROAD AND BRIDGE IN GIRIDHI, KODERMA, HAZARIBAG, RAMGARH AND CHATRA DISTRICT (HINDUSTAN STEELWORK CONSTRUCTION LIMITED)",Ongoing Not Active,14,27.53,15.61,6.41,1.72
N12000111,CONSTRUCTION OF RURAL ROAD DEVELOPMENT AUTHORITY UNDER PHASE-XII (HINDUSTAN STEELWORK CONSTRUCTION LIMITED),Ongoing Not Active,14,2.94,2.2,4.02,2.99
N12000112,CONSTRUCTION OF ROAD AND BRIDGE UNDER PMGSY (HINDUSTAN STEELWORK CONSTRUCTION LIMITED),Ongoing Not Active,14,23.69,18.47,4.17,2.03
N12000114,CONSTRUCTION OF WORKSHOPS AND BUILDINGS FOR 24 NOS NEW INDUSTRIAL TRAINING INSTITUTES(ITI) WEST BENG,Ongoing Not Active,14,20.1,16.02,5.24,2.13
N12000115,MTPA PELLET PLANT AT NAGARNAR (NATIONAL MINERAL DEVELOPMENT CORPORATION (NMDC)),Ongoing Not Active,8,11.78,85.56,1.25,0.96
N12000123,REBUILDING OF COKE OVEN BATTERY NO. 7 and 8 AT BSP (STEEL AUTHORITY OF INDIA LIMITED (SAIL)),Ongoing Not Active,9,49.78,42.62,4.06,3.58
N12000134,Replacement of remaining 04 sets of Battery Cyclones with 04 Nos. of ESPs in Sinter Plant-1 at Bokaro Steel Plant (Steel Authority of India Limited [SAIL]),Ongoing Not Active,4,31.06,39.47,1.26,1.12
N16000009,"DIESEL HYDRO TREATMENT PROJECT,BRPL DHALIGAON(BONGAIGAON REFINERY PETROLEUM LIMITED)",Ongoing Not Active,4,30.55,71.07,23.92,23.92
N16000023,DEVELOPMENT OF C-SERIES FIELDS (OIL & NATURAL GAS CORPORATION LIMITED),Ongoing Not Active,10,66.16,7.21,6.83,8.2
N16000024,HEERA AND SOUTH HEERA RE-DEVELOPMENT PROJECT(OIL & NATURAL GAS CORPORATION LIMITED),Ongoing Not Active,2,,,,
N16000030,CONSTRUCTION OF NEW PROCESS COMPLEX MHN,Ongoing Not Active,6,297.32,88.43,1.34,2.2
N16000031,OFFSHORE GRID INTERCONNECTIVITY PROJECT IN MUMBAI HIGH,Ongoing Not Active,9,35.1,25.08,0.96,0.81
N16000032,DEVELOPMENT OF B-22 CLUSTER FIELDS (OIL & NATURAL GAS CORPORATION LIMITED),Ongoing Not Active,10,114.65,107.27,1.96,2.32
N16000033,DEVELOPMENT OF B-193 CLUSTER FIELDS (OIL & NATURAL GAS CORPORATION LIMITED),Ongoing Not Active,13,311.45,275.62,1.16,1.68
N16000039,MUMBAI HIGH SOUTH REDEVELOPMENT PH-2 (OIL & NATURAL GAS CORPORATION LIMITED),Ongoing Not Active,10,12.72,39.41,1.64,0.96
N16000044,REVAMPING OF WIN PLATFORM AT MH ASSET(OIL & NATURAL GAS CORPORATION LIMITED),Ongoing Not Active,5,34.34,20.36,0.56,1.98
N16000045,MNW-NF BRIDGE PROJECT,Ongoing Not Active,3,,,,
N16000046,DEVELOPMENT OF B-46 CLUSTER FIELD (OIL & NATURAL GAS CORPORATION LIMITED),Ongoing Not Active,10,41.9,12.52,0.85,0.85
N16000050,BAWANA NANGAL PIPE LINE PROJECT,Ongoing Not Active,3,,,,
N16000051,JHAJJAR HISSAR PIPE LINE PROJECT,Ongoing Not Active,11,4.2,1.03,12.75,12.88
N16000052,DAHEJ-VIJAYPUR PIPE LINE PROJECT(PHASE-II)(GAS AUTHORITY OF INDIA LIMITED),Ongoing Not Active,2,,,,
N16000057,RESITMENT OF MARKETING INSTALATION AT VISAKH (HINDUSTAN PETROLEUM CORPORATION LIMITED),Ongoing Not Active,8,8.42,7.56,2.74,12.29
N16000059,BRANCH PIPELINE FROM KSPL VIRAMGAON TO KANDLA,Ongoing Not Active,3,,,,
N16000060,MUMBAI HIGH NORTH DEVELOPMENT PHASE-II (OIL & NATURAL GAS CORPORATION LIMITED),Ongoing Not Active,10,322.7,310.94,1.25,0.64
N16000062,HEERA RECONSTRUCTION,Ongoing Not Active,3,,,,
N16000063,NEELAM RECONSTRUCTION,Ongoing Not Active,3,,,,
N16000064,ADDITIONAL GAS PROCESSING UNITS AT URAN (OIL & NATURAL GAS CORPORATION LIMITED),Ongoing Not Active,9,186.4,260.17,1.75,2.36
N16000065,ADDITIONAL GAS PROCESSING FACILITI AT HAZIRA,Ongoing Not Active,6,4.37,0.46,2.31,2.49
N16000069,DIESEL HYDROTREATOR PROJECT AT MUMBAI REFINERY (HINDUSTAN PETROLEUM CORPORATION LIMITED),Ongoing Not Active,10,89.81,46.46,5.2,6.34
N16000070,KARANPUR MORADABAD-KASHIPUR-RUDRAPUR PIPELINE PROJECT PHASE-I (GAS AUTHORITY OF INDIA LIMITED),Ongoing Not Active,10,2.46,4.48,2.63,1.1
N16000071,KOCHI-KOOTANAD BANGALORE-MANGALORE PIPELINE PROJEC(GAS AUTHORITY OF INDIA LIMITED),Ongoing Not Active,5,17.54,22.99,1.47,2.7
N16000081,HYDROCRACKER REVAMP AND SETTING UP A NEW CCR AT MUMBAI REFINERY,Ongoing Not Active,9,64.82,19.97,0.82,0.65
N16000083,REFRIGERATED LPG STORAGE AT JNPT,Ongoing Not Active,3,,,,
N16000086,ADDITIONAL DEV. OF D-1 FIELD (OIL & NATURAL GAS CORPORATION LIMITED),Ongoing Not Active,10,48.28,42.57,1.73,2.08
N16000096,Expenditure (Rs. crore) North Tapti Gas Field Development(OIL & NATURAL GAS CORPORATION LIMITED),Ongoing Not Active,7,182.77,188.42,1.52,1.59
N16000099,"CONSTRUCTION OF SIX EFFLUENT TREATMENT PLANTS (ETP), AHMEDABAD AND ANKLESWAR",Ongoing Not Active,4,13.72,21.93,13.94,14.33
N16000102,"Integrated Sugar, Ethanol, Cogen Power Plant at Sugauli",Ongoing Not Active,3,,,,
N16000103,CONSTRUCTION OF ONE MULTIPURPOSE SUPPORT VESSEL (MSV) (OIL & NATURAL GAS CORPORATION LIMITED),Ongoing Not Active,13,13.85,19.88,1.42,0.27
N16000104,DEVELOPMENT OF CLUSTER-7 FIELDS (OIL & NATURAL GAS CORPORATION LIMITED),Ongoing Not Active,13,551.13,555.06,0.96,0.96
N16000105,DEVELOPMENT OF WO-16 CLUSTER FIELDS (OIL & NATURAL GAS CORPORATION LIMITED),Ongoing Not Active,15,5.27,8.35,0.49,0.7
N16000108,BUTADIENE EXTRACTION UNIT(BDEU) AT PANIPAT (INDIAN OIL CORPORATION LIMITED),Ongoing Not Active,8,8.77,30.36,0.66,4.27
N16000112,PETROCHEMICAL COMPLEX-II AT VIJAYPUR AND PATA,Ongoing Not Active,12,493.85,558.24,1.66,1.83
N16000113,POLYPROPYLENE UNIT (MANGALORE REFINERY AND PETROCHEMICALS LIMITED),Ongoing Not Active,11,6.65,12.7,2.28,2.17
N16000114,MRPL PHASE-III EXPANSION (MANGALORE REFINERY AND PETROCHEMICALS LIMITED),Ongoing Not Active,11,23.58,31.19,2.33,2.41
N16000115,Construction of tanks and blending facility at vadinar,Ongoing Not Active,6,11.09,8.52,1.8,5.18
N16000116,Development of SB-14 field,Ongoing Not Active,9,0.08,3.88,2.83,2.59
N16000117,some wells due to non- availability of light rig. CONSTRUCTION OF 6 ETPS,Ongoing Not Active,18,25.28,29.08,2.72,1.83
N16000118,Development of BHE and BH-35 Area,Ongoing Not Active,9,0.22,2.65,1.33,1.09
N16000120,AHMEDABAD REDEVELOPMENT PROJECT (OIL & NATURAL GAS CORPORATION LIMITED),Ongoing Not Active,13,4.43,2.66,2.03,1.56
N16000121,MEHESANA REDEVELOPMENT PROJECT (OIL & NATURAL GAS CORPORATION LIMITED),Ongoing Not Active,13,29.01,35.87,1.47,0.59
N16000122,ANKLESWAR REDEVELOPMENT (OIL & NATURAL GAS CORPORATION LIMITED),Ongoing Not Active,13,42.48,34.17,6.7,6.07
N16000123,CONSTRUCTION OF 23 IMMEDIATE SUPPLY VESSELS (ISV) (OIL & NATURAL GAS CORPORATION LIMITED),Ongoing Not Active,13,22.43,26.43,1.41,1.21
N16000126,SETTING UP 100 MW COMMERCIAL WIND ENERGY GENERATION,Ongoing Not Active,3,,,,
N16000129,KOCHI-KOOTANAD BANGALORE MANGALORE PIPELINE PROJECT (GAS AUTHORITY OF INDIA LIMITED),Ongoing Not Active,15,96.4,106.28,11.44,12.63
N16000132,HEERA AND SOUTH HEERA REDEVELOPMENT PH-II (OIL & NATURAL GAS CORPORATION LIMITED),Ongoing Not Active,11,252.45,169.86,1.21,1.16
N16000133,DEVELOPMENT OF C-26 CLUSTER FIELDS (OIL & NATURAL GAS CORPORATION LIMITED),Ongoing Not Active,19,65.25,45.22,3.1,2.82
N16000134,"CONSTRUCTION OF ONE ETP AT GGS-NADA, ANKLESHWAR (OIL & NATURAL GAS CORPORATION LIMITED)",Ongoing Not Active,3,,,,
N16000135,"CONSTRUCTION OF THREE ETPS, MEHSANA (OIL & NATURAL GAS CORPORATION LIMITED)",Ongoing Not Active,3,,,,
N16000136,DEVELOPMENT OF WESTERN PERIPHERY OF MH SOUTH FIELD (OIL & NATURAL GAS CORPORATION LIMITED),Ongoing Not Active,18,14.17,15.8,0.91,0.62
N16000137,INTEGRATED DEVELOPMENT OF BASSEIN FIELD (OIL & NATURAL GAS CORPORATION LIMITED),Ongoing Not Active,9,46.0,96.71,0.95,0.83
N16000138,PIPELINE FOR TRANSFER OF LPG FROM BPCR/HPCR TO URAN LPG PLANT (BHARAT PETROLEUM CORPORATION LIMITED),Ongoing Not Active,7,3.25,5.38,1.98,1.84
N16000140,IOR OF B-173A FIELD (OIL & NATURAL GAS CORPORATION LIMITED),Ongoing Not Active,14,5.58,2.52,2.38,2.23
N16000143,INTEGRATED REFINERY EXPANSION PROJECT (BHARAT PETROLEUM CORPORATION LIMITED),Ongoing Not Active,15,2078.0,2969.59,6.14,6.88
N16000144,SYSTEM STRENGTHENING - XVII IN SOUTHERN REGIONAL GRID (POWER GRID CORPORATION OF INDIA LIMITED),Ongoing Not Active,10,24.27,43.93,3.59,3.36
N16000147,DABHOL BANGALORE PIPELINE PROJECT PHASE-II,Ongoing Not Active,6,1.29,65.32,0.79,6.47
N16000152,SINGLE POINT MOORING FACILITY(SMP) PROJECT (MANGALORE REFINERY AND PETROCHEMICALS LIMITED),Ongoing Not Active,5,16.14,10.7,0.83,0.09
N16000153,CAPACITY AUGMENTATION OF KOTA PIYALA SECTION OF MMBPL PIPELINE (BHARAT PETROLEUM CORPORATION LIMITED),Ongoing Not Active,3,,,,
N16000156,STRATEGIC CRUDE OIL STORAGE PROJECT AT VIZAG (INDIAN STRATEGIC PETROLEUM RESERVES LTD),Ongoing Not Active,7,38.45,55.78,3.5,3.16
N16000157,STRATEGIC CRUDE OIL STORAGE PROJECT AT MANGALORE (INDIAN STRATEGIC PETROLEUM RESERVES LTD),Ongoing Not Active,11,13.66,6.66,6.98,7.18
N16000159,"PIPELINE REPLACEMENT PROJECT, AHMEDABAD (OIL & NATURAL GAS CORPORATION LIMITED)",Ongoing Not Active,15,26.01,24.33,2.39,1.41
N16000160,INTEGRATED DEVELOPMENT OF BASSEIN FIELD (OIL & NATURAL GAS CORPORATION LIMITED),Ongoing Not Active,7,45.22,215.2,2.84,4.75
N16000161,RECONSTRUCTION OF BPA AND BPB PLATFORMS,Ongoing Not Active,11,60.85,76.75,1.11,1.18
N16000162,ENNORE-TRICHY-MADURAI LPG PIPELINE (INDIAN OIL CORPORATION LIMITED),Ongoing Not Active,30,6.66,10.56,4.78,1.47
N16000163,SURAT PARADIP PIPELINE PROJECT (GAS AUTHORITY OF INDIA LIMITED),Ongoing Not Active,6,885.26,749.9,1.82,6.06
N16000165,PURCHASE OF 2 NOS. OF 2000 HP DRILLING RIG (OIL INDIA LIMITED),Ongoing Not Active,10,4.79,3.51,15.38,13.72
N16000167,SECONDARY TANK FARM WITH DEHYDRATION FACILITY AND EFFLUENT TREATMENT PLANT AT MADHUBAN (OIL INDIA LIMITED),Ongoing Not Active,24,36.35,35.19,8.35,8.2
N16000168,MARKETING TERMINAL AT PARADEEP (INDIAN OIL CORPORATION LIMITED),Ongoing Not Active,7,3.44,8.38,1.69,1.55
N16000169,STRATEGIC CRUDE OIL STORAGE PROJECT AT PADUR (INDIAN STRATEGIC PETROLEUM RESERVES LTD),Ongoing Not Active,22,124.53,123.8,12.83,9.38
N16000170,CONSTRUCTION OF ONE MULTIPURPOSE SUPPORT VESSEL (MSV) (OIL & NATURAL GAS CORPORATION LIMITED),Ongoing Not Active,4,7.1,2.42,3.93,3.28
N16000173,DEVELOPMENT OF SHALLOW WATER WELLS IN EASTERN OFFSHORE,Ongoing Not Active,9,9.2,9.81,1.8,1.42
N16000175,DISTILLATE YIELD IMPROVEMENT PROJECT (COKER) AT HALDIA REFINERY (INDIAN OIL CORPORATION LIMITED),Ongoing Not Active,15,676.82,638.78,3.71,7.13
N16000177,REPLACEMENT OF COKE CHAMBERS IN COKER A AT BARAUNI REFINERY,Ongoing Not Active,9,16.56,16.28,0.85,1.91
N16000178,NEW MARKETING TERMINAL AT ENNORE (INDIAN OIL CORPORATION LIMITED),Ongoing Not Active,9,24.73,15.97,5.31,1.57
N16000181,REVAMP OF UNMANNED PLATFORMS PH-II IN MH AND NH ASSETS (OIL & NATURAL GAS CORPORATION LIMITED),Ongoing Not Active,4,88.36,141.01,1.89,3.11
N16000182,DEVELOPMENT PLAN FOR LOWER PAYS IN NBP-14 BLOCK OF NBP FIELD (D-1) (OIL & NATURAL GAS CORPORATION LIMITED),Ongoing Not Active,5,16.13,14.07,0.17,0.75
N16000185,IMPROVED OIL RECOVERY OF B-173A FIELD (OIL & NATURAL GAS CORPORATION LIMITED),Ongoing Not Active,2,,,,
N16000187,RESITEMENT OF TATA NAGAR AND RACHI DEPOTS TO KHUNTI (JHARKHAND) (INDIAN OIL CORPORATION LIMITED),Ongoing Not Active,15,11.93,6.07,6.19,6.06
N16000190,CHINCHINNADA KAKINADA JUNCTION POINT PIPE LINE (GAS AUTHORITY OF INDIA LIMITED),Ongoing Not Active,6,3.26,8.04,1.47,1.39
N16000192,TWENTY NOS. FEEDER GAS LINES (OIL INDIA LIMITED),Ongoing Not Active,11,18.46,17.55,3.01,1.16
N16000199,NEW CRUDE OIL PIPELINE PROJECT FROM CHENNAI PORT TO MANALI REFINERY (CHENNAI PETROLEUM CORPORATION LIMITED),Ongoing Not Active,10,8.31,5.88,1.29,5.1
N16000200,Dealy in grant of 2nd Stage forest clerances for Odisha. CRU TO ISOMERIZATION (ISOM),Ongoing Not Active,5,21.58,1.56,2.83,2.74
N16000202,GAMJI REDEVELOPMENT PROJECT (OIL & NATURAL GAS CORPORATION LIMITED),Ongoing Not Active,11,194.74,118.46,10.22,12.11
N16000203,PIPELINE REPLACEMENT PROJECT -4 (OIL & NATURAL GAS CORPORATION LIMITED),Ongoing Not Active,10,13.33,17.84,2.76,2.85
N16000205,INSTALLATION OF DIESEL HYDROTREATMENT UNIT (DHT) AND ASSOCIATED FACILITIES (BHARAT PETROLEUM CORPORATION LIMITED),Ongoing Not Active,6,53.77,9.77,1.7,0.77
N16000207,DIESEL HYDROTREATOR Central Sector Projects(NUMALIGARH REFINERY LIMITED),Ongoing Not Active,7,11.63,12.3,2.26,1.56
N16000208,MW 10 PERSENT WIND ENERGY POWER PROJECT Central Sector Projects(OIL INDIA LIMITED),Ongoing Not Active,6,14.91,12.11,3.23,2.88
N16000209,MW CAPACITY WIND POWER PROJECT UNDER PHASE II (HINDUSTAN PETROLEUM CORPORATION LIMITED),Ongoing Not Active,12,3.6,4.1,4.97,4.92
N16000210,GAIL GAS LTD BENGALURU CGD PROJECT,Ongoing Not Active,15,28.3,21.58,3.02,2.18
N16000211,NAWAGAM-KOYALI PIPELINE PROJECT,Ongoing Not Active,8,19.73,13.27,1.67,1.05
N16000214,SIX PIPELINE REPLACEMENT PROJECT,Ongoing Not Active,7,22.24,10.94,1.27,0.69
N16000216,RAZE REBUILD AND REVAMP OF MARKETING DEPOT AT DOIMUKH,Ongoing Not Active,8,6.61,4.53,2.31,1.45
N16000217,RESITING OF TINSUKIA TERMINAL PROJECT (DIGBOI MARKETING TERMINAL PROJECT) (INDIAN OIL CORPORATION LIMITED),Ongoing Not Active,5,8.14,5.36,0.06,0.41
N16000218,Chennai Petroleum Corporation Limited DHDS REVAMP FOR MEETING BS-IV DIESEL QUALITY,Ongoing Not Active,5,7.41,21.61,1.36,2.25
N16000222,NEW 250 TMTPA LPG PLANT AT PANAGARH,Ongoing Not Active,6,17.76,12.75,0.77,1.07
N16000223,"February,2021 HALDIA LPG IMPORT FACILITY (BHARAT PETROLEUM CORPORATION LIMITED)",Ongoing Not Active,15,69.3,49.17,1.44,1.45
N16000224,ENNORE TERMINAL (BHARAT PETROLEUM CORPORATION LIMITED),Ongoing Not Active,6,1.95,5.01,1.62,1.04
N16000225,PALAKKAD LPG PLANT,Ongoing Not Active,6,17.34,12.58,1.66,1.38
N16000226,"CONSTRUCTION OF PIPELINE TAP OFF POINT (TOP) AT UNA, HP",Ongoing Not Active,7,7.09,2.0,2.8,1.61
N16000227,PROPYLENE DERIVATIVES PETROCHEMICAL PROJECT(PDPP) AT KOCHI REFINERY (BHARAT PETROLEUM CORPORATION LIMITED),Ongoing Not Active,16,204.27,167.5,1.34,1.41
N16000231,AURAIYA PHULPUR PIPELINE PROJECT,Ongoing Not Active,7,187.07,202.93,0.85,1.14
N16000232,ANKLESHWAR BARODA PIPELINE PROJECT (GAS AUTHORITY OF INDIA LIMITED),Ongoing Not Active,6,2.1,13.34,2.36,10.07
N16000233,CAPACITY AUGMENTATION JAMNAGAR LONI PIPELINE,Ongoing Not Active,16,60.95,56.46,2.36,4.05
N16000235,VISAKH REFINERY MODERNISATION PROJECT (HPCL ),Ongoing Not Active,26,5171.13,6138.2,8.97,8.97
N16000236,"DEVELOPMENT OF FACILITIES AT MOINARBAND (SILCHAR) , CACHAR , ASSAM AS RESITEMENT OF RAMNAGAR DEPOT (INDIAN OIL CORPORATION LIMITED)",Ongoing Not Active,15,15.03,4.17,0.87,1.09
N16000237,VVSPL CAPACITY EXPANSION AND OSTT-SS JETTY SUB SEA PIPELINE PROJECT (HINDUSTAN PETROLEUM CORPORATION LIMITED),Ongoing Not Active,9,11.58,5.79,1.67,1.6
N16000239,DEVELOPMENT PLAN OF CBM - BOKARO BLOCK (ONGC ),Ongoing Not Active,25,40.97,37.14,4.9,2.89
N16000242,"RAMANMANDI BAHADURGERH PIPELINE CAPACITY EXPANSION PROJECT (PUNJAB,HARYANA) (HINDUSTAN PETROLEUM CORPORATION LIMITED)",Ongoing Not Active,6,3.06,3.08,1.4,1.72
N16000251,HALDIA BARAUNI PRODUCT PIPELINE (INDIAN OIL CORPORATION LIMITED),Ongoing Not Active,12,16.26,4.61,1.65,1.34
N16000258,PIPELINE REHABILITATION PROJECT OF 575 KM (PHASE I) (OIL INDIA LIMITED),Ongoing Not Active,17,21.64,21.32,2.08,1.73
N16000259,AUGMENTATION OF PUMPING CAPACITY OF BARAUNI-BONGAIGAON SECTOR PHASE II (OIL INDIA LIMITED),Ongoing Not Active,17,20.42,20.92,2.48,2.32
N16000260,INSTALLATION OF GASOLINE HYDRO TREATMENT UNIT TO PRODUCE 100% BSVI MS AT MUMBAI REFINERY (BHARAT PETROLEUM CORPORATION LIMITED),Ongoing Not Active,11,2.86,4.08,1.61,3.5
N16000261,MMPL PIPELINE REROUTING PROJECT (BHARAT PETROLEUM CORPORATION LIMITED),Ongoing Not Active,13,0.13,1.1,2.37,1.98
N16000262,LAYING OF HEAT TRACED PIPE LINE WITH ASSOCIATED FACILITIES AT MUMBAI REFINERY (BHARAT PETROLEUM CORPORATION LIMITED),Ongoing Not Active,5,14.81,9.8,1.33,1.0
N16000263,MOTOR SPIRIT BLOCK PROJECT (MSBP) TO PRODUCE BSVI MS AT KOCHI REFINERY (BHARAT PETROLEUM CORPORATION LIMITED),Ongoing Not Active,13,52.27,30.39,1.33,1.34
N16000264,LAYING OF HEAT TRACED PIPE LINE WITH ASSOCIATED FACILITIES AT KOCHI REFINERY,Ongoing Not Active,5,4.26,2.62,1.37,1.0
N16000267,ADDITIONAL FACILITIES AT MANMAD FOR COVERSION TO TOP ON KOYALI-MANMAD-AHMEDNAGAR-SOLAPUR PIPELINE (INDIAN OIL CORPORATION LIMITED),Ongoing Not Active,14,16.38,12.94,2.45,2.85
N16000268,ADDITIONAL FACILITIES AT SOLAPUR FOR CONVERSION TO TOP ON KOYALI-MANMAD-AHMEDNAGAR-SOLAPUR PIPELINE (INDIAN OIL CORPORATION LIMITED),Ongoing Not Active,18,9.6,11.38,1.56,1.36
N16000269,ADDITIONAL FACILITIES AT VIJAYWADA FOR CONVERSION TO TOP ON PARADEEP HYDERABAD PIPELINE (INDIAN OIL CORPORATION LIMITED),Ongoing Not Active,12,1.43,3.96,2.57,2.06
N16000270,REVAMPING OF MARKETING TERMINAL AT VISHAKHAPATNAM (INDIAN OIL CORPORATION LIMITED),Ongoing Not Active,12,11.46,8.23,3.19,2.08
N16000271,LAYING OF VIJAIPUR-AURAIYA PIPELINE SECTION OF VIJAIPUR-AURAIYA-PHULPUR PIPELINE PROJECT,Ongoing Not Active,14,309.2,339.09,2.97,8.91
N16000273,Expenditure (Rs. crore) DOBHI-DURGAPUR PIPELINE PROJECT (GAS AUTHORITY OF INDIA LIMITED),Ongoing Not Active,16,28.32,50.71,2.26,7.18
N16000276,ADDITIONAL FACILITIES AT AHMEDNAGAR FOR CONVERSION TO TOP ON KOYALI-MANMAD-AHMEDNAGAR-SOLAPUR PIPELI (INDIAN OIL CORPORATION LIMITED),Ongoing Not Active,14,125.93,123.43,4.23,4.35
N16000278,"PIPELINE NETWORK PROJECT GELEKI, ASSAM (OIL & NATURAL GAS CORPORATION LIMITED)",Ongoing Not Active,13,3.14,3.26,1.17,1.12
N16000280,"FIELD DEVELOPMENT OF NELP BLOCK KG-ONN-2003, NAGAYALANKA-KG (OIL & NATURAL GAS CORPORATION LIMITED)",Ongoing Not Active,7,19.45,32.29,2.21,1.88
N16000287,REPLACEMENT OF KV SECTION OF KSPL,Ongoing Not Active,6,3.66,1.81,2.18,1.39
N16000295,Expenditure (Rs. crore) BS-VI PROJECTS (CHENNAI PETROLEUM CORPORATION LIMITED),Ongoing Not Active,12,5.43,13.32,5.29,8.8
N16000298,50MW WIND ENERGY POWER PROJECT (OIL INDIA LIMITED),Ongoing Not Active,8,8.24,7.6,3.53,1.22
N16000299,CONSTRUCTION OF GROUP GATHERING STATION AT BAGHJAN (OIL INDIA LIMITED),Ongoing Not Active,9,2.37,3.34,5.31,1.85
N16000301,Chennai Petroleum Corporation Limited RE-LIQUIFIED NATURAL GAS,Ongoing Not Active,12,56.31,53.54,3.62,2.41
N16000302,"CONSTRUCTION OF RAIL FED DEPOT AT GUNTAKAL, AP (INDIAN OIL CORPORATION LIMITED)",Ongoing Not Active,12,0.47,2.5,2.78,6.58
N16000303,REVAMPING OF EXISTING FACILITIES/ AUGMENTATION OF FACILITIES AT BAITALPUR DEPOT FOR (INDIAN OIL CORPORATION LIMITED),Ongoing Not Active,16,1.63,3.01,6.21,4.62
N16000304,"PROVISION OF 2ND SPUR FOR TWL GANTRY, TWD FACILITY FOR MS AND HSD, ADDITIONAL TANKS FOR MS,HSD AND (INDIAN OIL CORPORATION LIMITED)",Ongoing Not Active,13,11.55,7.19,0.97,1.19
N16000305,"CONSTRUCTION OF GRASS ROOT POL TOP AT ASANUR, TAMIL NADU (INDIAN OIL CORPORATION LIMITED)",Ongoing Not Active,13,7.43,9.09,1.07,1.02
N16000311,"CONSTRUCTION OF NEW MARKETING TERMINAL AT BARADWAR, DISTT- JANJGIR- CHAMPA IN STATE OF CHHATTISGARH (HINDUSTAN PETROLEUM CORPORATION LIMITED)",Ongoing Not Active,6,13.26,4.14,1.08,0.72
N16000313,PUNE POL STORAGE DEPOT,Ongoing Not Active,10,5.21,8.9,1.11,1.97
N16000314,KOCHI SALEM LPG PIPELINE PROJECT,Ongoing Not Active,18,294.73,266.22,23.15,21.0
N16000330,"CITY GAS DISTRIBUTION (CGD) NETWORK, JAMSHEDPUR (GAS AUTHORITY OF INDIA LIMITED)",Ongoing Not Active,6,12.4,9.83,0.75,0.76
N16000334,BARAUNI-GUWAHATI PIPELINE (GAS AUTHORITY OF INDIA LIMITED),Ongoing Not Active,16,204.41,208.2,2.07,10.8
N16000336,"AUGMENTATION OF LPG IMPORT TERMINAL FROM 0.6 MMTPA TO 2.5 MMTPA AT KANDLA, GUJARAT (INDIAN OIL CORPORATION LIMITED)",Ongoing Not Active,15,50.37,59.75,2.52,2.41
N16000341,2G ETHANOL BIO REFINERY AT BARGARH (BHARAT PETROLEUM CORPORATION LIMITED),Ongoing Not Active,8,17.52,7.42,1.12,0.7
N16000342,"CONSTRUCTION OF GRASS ROOT PETROLEUM TOP AT ATCHUTAPURAM, ANDHRA PRADESH (INDIAN OIL CORPORATION LIMITED)",Ongoing Not Active,15,64.86,59.02,4.39,4.44
N16000343,REVAMPING OF FACILITIES AT VIZAG TERMINAL (IOCL ),Ongoing Not Active,19,41.45,42.77,9.94,7.57
N16000344,"CONSTRUCTION OF GRASS ROOT POL TERMINAL AT MOTIHARI, BIHAR (INDIAN OIL CORPORATION LIMITED)",Ongoing Not Active,11,0.45,3.69,1.2,1.47
N16000346,"SETTING UP OF FACILITIES FOR PRODUCTION OF POLYOLS, PROPYLENE GLYCOL AND MONO ETHYLENE GLYCOL AT KOC",Ongoing Not Active,10,1556.97,1615.64,3.65,2.75
N16000347,RESITEMENT OF RAICHUR DEPOT TO GULBARGA,Ongoing Not Active,9,10.46,9.26,2.12,1.73
N16000349,SUSTAINED EVACUATION OF GAS FROM GANDHAR FIELDS BY INSTALLING A GAS COMPRESSOR AND PIPELINE CONNECTI (GAS AUTHORITY OF INDIA LIMITED),Ongoing Not Active,16,6.08,8.27,3.57,4.02
N16000350,REVAMPING OF VIJAYAWADA TERMINAL FOR CONVERSION TO TOP,Ongoing Not Active,12,46.27,38.9,1.85,1.64
N16000351,GRASS ROOT TERMINAL AT MALKAPUR,Ongoing Not Active,15,3.42,1.97,2.23,1.39
N16000356,"Oil India Limited 103 CONSTRUCTION OF 762 MM DIAMETER GAS PIPELINE FROM BAGHJAN TO CGGS, MADHUBAN",Ongoing Not Active,9,20.13,15.07,1.37,1.53
N16000362,Fuel Quality Upgradation Project at Paradip Refinery (IOCL ),Ongoing Not Active,17,597.56,609.99,14.51,11.9
N16000364,DEVELOPMENT OF COASTAL TERMINAL AT KRISHNAPATNAM PORT (BHARAT PETROLEUM CORPORATION LIMITED),Ongoing Not Active,12,8.78,9.44,0.22,0.26
N16000365,MULTI PRODUCT PIPELINE FROM BINA TERMINAL TO PANKI KANPUR TERMINAL (BHARAT PETROLEUM CORPORATION LIMITED),Ongoing Not Active,8,14.76,21.83,1.86,1.26
N16000368,INSTALLATION OF STANDBY SRU TRAIN OF 525 TPD ALONGWITH INCINERATOR AT PARADIP REFINERY (IOCL ),Ongoing Not Active,17,14.68,10.95,2.23,4.14
N16000369,CONSTRUCTION OF 80000MT LPG CAVERN AT MANGALORE (HPCL ),Ongoing Not Active,18,18.87,40.53,2.55,6.05
N16000373,RESITEMENT OF RANCHI AND DHANBAD OLD POL DEPOT AT BOKARO,Ongoing Not Active,13,5.58,3.56,0.62,1.06
N16000374,"Setting up of Integated 2G and 1G Bio-Ethanol Refinery at Bargarh, Odisha",Ongoing Not Active,14,50.55,23.02,2.19,2.9
N16000376,PX-PTA REVAMP AT PANIPAT REFINERY (INDIAN OIL CORPORATION LIMITED),Ongoing Not Active,13,170.06,177.67,7.01,7.86
N16000378,SWRO II WITH LLPH FACILITIES (HPCL ),Ongoing Not Active,16,6.85,9.46,3.98,4.75
N16000382,ACRYLICS OR OXO-ALCOHOL PROJECT AT GUJARAT REFINERY (IOCL ),Ongoing Not Active,16,163.08,158.64,1.98,7.72
N16000383,COMPRESSED BIO GAS PLANT AT GORAKHPUR,Ongoing Not Active,13,15.46,12.62,2.74,2.65
N16000385,CITY GAS DISTRIBUTION PROJECT IN GEOGRAPHICAL AREA OF SONIPAT (EAAA) AND JIND DISTRICTS EPC(HINDUSTAN PETROLEUM CORPORATION LIMITED),Ongoing Not Active,12,37.87,33.66,5.7,10.8
N16000387,CITY GAS DISTRIBUTION IN UP AND UK,Ongoing Not Active,12,648.5,700.24,5.5,6.82
N16000388,"3/2025} 2,915.00 (5,909.00) {5,909.00} 4,073.20 91.8 1116 SRIKAKULAM ANGUL PIPELINE PROJECT (GAIL )",Ongoing Not Active,15,201.55,253.03,7.16,7.04
N16000391,"6/2025} 2,658.34 (N.A.) {2,658.34} 1,985.10 91.8 1117 DHAMRA HALDIA PIPELINE PROJECT (GAIL )",Ongoing Not Active,15,71.54,97.3,7.16,7.52
N16000392,CITY GAS DISTRIBUTION IN WEST BENGAL (HPCL ),Ongoing Not Active,14,2344.68,2849.29,26.73,35.41
N16000393,INSTALLATION OF SECOND CATALYTIC DEWAXING UNIT (CDW-II) AT HALDIA REFINERY,Ongoing Not Active,10,160.01,158.24,2.13,2.23
N16000395,INFRASTRUCTURE DEVELOPMENT FOR UTILIZATION OF NATURAL GAS AT PARADIP REFINERY,Ongoing Not Active,11,4.82,4.56,1.8,1.38
N16000397,ENHANCING PRODUCTION OF LUBE OIL BASE STOCK (LOBS) PROJECT AT MUMBAI REFINERY,Ongoing Not Active,6,16.76,8.32,5.59,5.2
N16000398,MUMBAI NAGPUR JHARSUGUDA PIPELINE PROJECT (GAIL ),Ongoing Not Active,13,462.97,345.51,4.23,3.99
N16000399,MUZAFFARPUR-MOTIHARI LPG PIPELINE,Ongoing Not Active,9,66.3,70.08,4.23,3.88
N16000400,REPLACEMENT OF EXISTING TWIN 42” OFFSHORE PIPELINES AT VADINAR ALONG WITH TWO EXISTING PIPELINE END,Ongoing Not Active,10,159.84,162.0,1.26,1.41
N16000403,"CONSTRUCTION OF CAPTIVE POL LPG JETTY AT KAMARAJAR PORT, CHENNAI (IOCL )",Ongoing Not Active,12,103.02,91.18,6.8,4.25
N16000405,"SETTING UP LUBE COMPLEX AT VILLAGES AMULLAVOYAL AND VAIKKADU, CHENNAI AS RESITEMENT OF EXISTING FACI (IOCL )",Ongoing Not Active,12,8.47,53.96,2.51,1.81
N16000406,RUF PITCH LOADING GANTRY EPC,Ongoing Not Active,10,0.11,10.37,0.68,2.32
N16000410,KEROSENE HYDROTREATER (KHT) UNIT INTEGRATED WITH EXISTING DIESEL HYDROTREATER (DHT) UNIT AT MUMBAI R (BHARAT PETROLEUM CORPORATION LIMITED),Ongoing Not Active,6,5.87,4.62,1.68,1.34
N16000411,AUGUMENTATION OF SALAYA MATHURA CRUDE OIL PIPELINE SYSTEM (IOCL ),Ongoing Not Active,13,76.37,108.12,3.55,3.6
N16000413,AUGMENTATION OF FACILITIES AT THE EXISTING RAIPUR DEPOT (HPCL ),Ongoing Not Active,11,16.51,8.78,2.73,1.64
N16000415,"CGD PROJECT AT AURANGABAD, KAIMUR AND ROHTAS DISTRICTS",Ongoing Not Active,8,38.61,13.58,4.85,3.58
N16000416,"CGD PROJECT AT BOKARO, HAZARIBAGH AND RAMGARH DISTRICTS",Ongoing Not Active,8,178.9,186.53,7.36,5.61
N16000417,CGD PROJECT AT REWA DISTRICT,Ongoing Not Active,8,58.29,36.0,9.63,8.1
N16000418,CGD PROJECT AT COIMBATORE DISTRICT,Ongoing Not Active,8,70.47,76.32,2.13,1.43
N16000419,CGD PROJECT AT SALEM DISTRICT,Ongoing Not Active,8,17.14,43.82,2.02,1.48
N16000420,"CGD PROJECT AT SRIKAKULAM, VISAKHAPATNAM AND VIZIANAGARAM DISTRICTS (INDIAN OIL CORPORATION LIMITED)",Ongoing Not Active,8,1373.06,1336.84,15.61,12.71
N16000421,"CGD PROJECT AT ARARIA, PURNIA, KATIHAR AND KISHANGANJ DISTRICTS (INDIAN OIL CORPORATION LIMITED)",Ongoing Not Active,8,605.56,531.71,4.49,4.38
N16000422,"CGD PROJECT AT ARWAL, JEHANABAD, BHOJPUR AND BUXAR DISTRICTS (INDIAN OIL CORPORATION LIMITED)",Ongoing Not Active,8,71.03,49.66,4.74,2.81
N16000423,"CGD PROJECT AT KHAGARIA, SAHARSA AND MADHEPURA (IOCL )",Ongoing Not Active,12,81.67,69.91,3.75,6.31
N16000424,"CGD PROJECT AT LAKHISARAI, MUNGER AND BHAGALPUR DISTRICTS (INDIAN OIL CORPORATION LIMITED)",Ongoing Not Active,8,57.25,35.73,4.79,2.77
N16000425,"CGD PROJECT AT MUZAFFARPUR, VAISHALI, SARAN AND SAMASTIPUR DISTRICTS (INDIAN OIL CORPORATION LIMITED)",Ongoing Not Active,8,641.29,652.65,4.76,3.7
N16000426,CGD PROJECT AT NAWADA AND KODERMA DISTRICTS (IOCL ),Ongoing Not Active,11,94.15,83.47,10.48,12.7
N16000427,"CGD PROJECT AT SHEIKHPURA, JAMUI AND DEOGHAR DISTRICTS",Ongoing Not Active,8,41.65,17.71,12.87,12.85
N16000429,KTA POLYPROPYLENE PROJECT (GAIL ),Ongoing Not Active,11,48.61,41.47,3.35,5.59
N16000430,SETTING UP 500KTPA PROPANE DEHYDROGENATION INTEGRATED WITH POLYPROPYLENE UNIT ALONG WITH OFFSITE AND (GAIL ),Ongoing Not Active,11,185.73,355.41,4.37,3.06
N16000440,"9/2024} 1,421.46 (N.A.) {1,421.46} 1,034.00 94.8 1285 BHATINDA SANGRUR PIPELINE (HPCL )",Ongoing Not Active,10,27.47,28.29,6.46,6.05
N16000442,DEBOTTLENECKING AND AUGMENTATION OF CRYOGENIC FACILITIES AT URAN LPG IMPORT TERMINAL (BPCL ),Ongoing Not Active,11,96.33,102.07,14.97,14.39
N16000443,CREATION OF GAS DEHYDRATION FACILITIES,Ongoing Not Active,4,1.08,1.35,1.16,1.22
N16000446,EXPANSION OF CRYOGENICS GROUP BY SETTING UP NEW MANUFACTURING FACILITY (IOCL ),Ongoing Not Active,9,101.22,86.87,5.72,6.15
N16000451,CBR ASANUR PIPELINE AND ITS HOOK UP WITH EXISTING CHENNAI TRICHY MADURAI PRODUCT PIPELINE (IOCL ),Ongoing Not Active,8,9.68,4.38,4.89,5.04
N16000452,CONSTRUCTION OF LUBE OIL BLENDING AND FILLING PLANT AT RASAYANI (BPCL ),Ongoing Not Active,10,56.63,60.01,13.66,13.38
N16000459,CITY GAS DISTRIBUTION NETWORK PROJECT AT AHMEDNAGAR AND AURANGABAD,Ongoing Not Active,4,123.71,121.17,3.61,11.61
N16000460,CITY GAS DISTRIBUTION NETWORK PROJECT AT SANGLI AND SATARA,Ongoing Not Active,4,57.56,66.77,1.67,1.14
N16000461,CITY GAS DISTRIBUTION NETWORK PROJECT AT BALLARI AND GADAG,Ongoing Not Active,4,5.04,20.59,1.59,0.99
N16000462,CITY GAS DISTRIBUTION NETWORK PROJECT AT JAJPUR AND KENDUJHAR,Ongoing Not Active,4,34.67,18.75,1.67,1.14
N16000464,"CITY GAS DISTRIBUTION NETWORK PROJECT AT BARGARH, DEBGARH AND SAMBALPUR",Ongoing Not Active,4,1.47,12.35,1.64,1.16
N16000465,CITY GAS DISTRIBUTION NETWORK PROJECT AT JAGATSINGHPUR AND KENDRAPARA,Ongoing Not Active,4,9.82,0.46,1.64,1.14
N16000466,"CITY GAS DISTRIBUTION NETWORK PROJECT AT AMETHI, RAEBARELI AND PRATAPGARH",Ongoing Not Active,4,25.83,15.45,1.64,1.14
N16000467,"CITY GAS DISTRIBUTION NETWORK PROJECT AT BILASPUR, HAMIRPUR AND UNA",Ongoing Not Active,4,5.25,2.25,1.59,1.05
N16000468,CITY GAS DISTRIBUTION NETWORK PROJECT AT SIDHI AND SANGRAULI,Ongoing Not Active,4,9.26,3.35,1.17,0.83
N16000469,DEVELOPMENT OF NELP BLOCK KG-ONN-2003/1 NAGAYALANKA FIELD-PH II EPC(OIL & NATURAL GAS CORPORATION LIMITED),Ongoing Not Active,4,4.91,7.27,0.89,1.14
N16000472,CORPORATION LIMITED),Ongoing Not Active,4,15.64,9.93,1.8,1.27
N16000473,CITY GAS DISTRIBUTION NETWORK PROJECT AT ROHTAK,Ongoing Not Active,4,7.95,6.55,2.28,1.85
N16000474,CITY GAS DISTRIBUTION NETWORK PROJECT AT CHATRA AND PALAMU,Ongoing Not Active,4,18.23,12.39,1.1,0.83
N16000475,CITY GAS DISTRIBUTION NETWORK PROJECT AT SAHARANPUR,Ongoing Not Active,2,,,,
N16000479,EXTENSION OF ASANUR-SANKARI SECTION OF CHENNAI-TRICHY-MADURAI PIPELINE UPTO COIMBATORE (IRUGUR) (IOCL ),Ongoing Not Active,5,15.76,7.11,1.16,0.95
N16000486,CGD PROJECT AT DHARMAPURI AND KRISHNAGIRI DISTRICTS (IOCL ),Ongoing Not Active,7,101.32,116.43,2.45,3.53
N16000489,"CGD PROJECT AT JHUNJHUNU, SIKAR AND NAGAUR DISTRICTS (IOCL )",Ongoing Not Active,5,2.95,7.07,0.88,0.35
N16000490,"CGD PROJECT AT MADURAI, THENI AND VIRUDHNAGAR DISTRICTS (IOCL )",Ongoing Not Active,5,1173.98,1158.67,0.54,0.35
N16000492,"CGD PROJECT AT KANYAKUMARI, TUTICORIN, TIRUNVELI KATTABO AND TENKASI DISTRICTS (IOCL )",Ongoing Not Active,5,21.9,43.37,0.54,0.35
N16000493,LEASE OF MBPT RECLAIMED LAND AT JAWAHAR DWEEP (HINDUSTAN PETROLEUM CORPORATION LIMITED),Ongoing Not Active,2,,,,
N16000496,"CGD PROJECT IN TONK, SAWAI MADHOPUR, DAUSA, KARAULI (HPCL )",Ongoing Not Active,5,136.37,124.04,13.19,15.76
N16000499,MULTI-PRODUCT PIPELINE FROM KRISHNAPATNAM COASTAL INSTALLATION TO THE PROPOSED INSTALLATION AT HYDER (BPCL ),Ongoing Not Active,6,132.76,166.65,2.77,2.58
N16000500,SETTING UP A COMMON USER PETROLEUM TERMINAL AT JAMMU FOR RE- SITEMENT OF EXISTING DEPOTS OF PSU OMCS (BPCL ),Ongoing Not Active,7,35.47,37.27,17.56,19.67
N16000501,SETTING UP OF 10 MW ELECTROLYSER FOR PRODUCING GREEN HYDROGEN,Ongoing Not Active,2,,,,
N16000502,"UPGRADING IPSHEM TO WORLD CLASS FACILITY OF ONGC, GOA (ONGC )",Ongoing Not Active,4,3.97,19.21,0.34,0.01
N16000531,"3/2027} 9,265.00 (9,265.00) {9,265.00} 5,420.48 83.24 1121 GURDASPUR JAMMU PIPELINE (GAIL )",Ongoing Not Active,3,,,,
N16000535,HP TRIJET UNIT IN VR (HPCL ),Ongoing Not Active,3,,,,
N18000005,LOHARINAG-PAL HEP(4X150MW),Ongoing Not Active,3,,,,
N18000006,NIMOO BAZGO HYDROELECTRIC PROJECT (NATIONAL HYDRO-ELECTRIC POWER CORPORATION),Ongoing Not Active,8,38.73,35.84,1.49,1.7
N18000018,TRANSMISSION SYSTEM ASSOCIATED WITH PARBATI-III HEP (POWER GRID CORPORATION OF INDIA LIMITED),Ongoing Not Active,8,33.33,22.25,1.5,0.89
N18000023,TRANSMISSION SYSTEM ASSOCIATEDWITH URI-II(POWER GRID CORPORATION OF INDIA LIMITED),Ongoing Not Active,2,,,,
N18000024,RAMPUR HEP(412 MW) (SATLUJ JAL VIDYUT NIGAM LIMITED),Ongoing Not Active,11,333.21,364.87,9.88,11.92
N18000032,SIMHADRI STPP STAGE -II,Ongoing Not Active,3,,,,
N18000033,EASTERN REGION STRENGTHENING SCHEME-II(POWER GRID CORPORATION OF INDIA LIMITED),Ongoing Not Active,3,,,,
N18000035,Expenditure (Rs. crore) WESTERN REGION STRENGTHENING SCHEME-V (POWER GRID CORPORATION OF INDIA LIMITED),Ongoing Not Active,25,14.39,18.39,8.82,2.85
N18000043,TRANSMISSION SYSTEM ASSOCIATED WITH FARAKKA- III(POWER GRID CORPORATION OF INDIA LIMITED),Ongoing Not Active,2,,,,
N18000046,TRANSMISSION SYSTEM ASSOCIATED WITH SASAN ULTRA MEGA POWER PROJECT (POWER GRID CORPORATION OF INDIA LIMITED),Ongoing Not Active,8,43.03,68.4,2.76,3.35
N18000049,WESTERN REGION STRENGHTENING SCHEME-X(POWER GRID CORPORATION OF INDIA LIMITED),Ongoing Not Active,3,,,,
N18000050,"November,2011 WESTERN REGION STRENGHTENING SCHEME-IX(POWER GRID CORPORATION OF INDIA LIMITED)",Ongoing Not Active,2,,,,
N18000051,WESTERN REGION SYSTEM STRENGHTENING SCHEME- XI(POWER GRID CORPORATION OF INDIA LIMITED),Ongoing Not Active,4,3.62,1.83,0.38,1.01
N18000052,NORTHERN REGION SYSTEM STRENGHTENING SCHEME-XV,Ongoing Not Active,9,1.97,4.1,3.29,2.3
N18000054,NORTHERN REGION SYSTEM STRENGHTENING SCHEME- XIII(POWER GRID CORPORATION OF INDIA LIMITED),Ongoing Not Active,4,0.16,3.21,1.91,1.09
N18000058,NORTHERN REGION SYSTEM STRENGHTENING SCHEME-XVII,Ongoing Not Active,3,,,,
N18000062,TR. SYSTEM ASSOCIATED WITH TUTICORIN JV TPS(POWER GRID CORPORATION OF INDIA LIMITED),Ongoing Not Active,3,,,,
N18000063,TR. SYSTEM ASSOCIATED WITH RAMPUR HEP (POWER GRID CORPORATION OF INDIA LIMITED),Ongoing Not Active,11,18.7,16.09,11.24,11.35
N18000064,TR. SYSTEM ASSOCIATED WITH CHAMERA III HEP,Ongoing Not Active,6,5.13,1.9,2.43,2.55
N18000065,SUPPLIMENTARY TRANSMISSION ASSOCIATED WITH DVC AND MAITHON RBC (POWER GRID CORPORATION OF INDIA LIMITED),Ongoing Not Active,11,67.97,45.9,2.5,2.24
N18000066,NORTH- EAST NORTH WESTERN INTERCONNECTOR I PROJECT (POWER GRID CORPORATION OF INDIA LIMITED),Ongoing Not Active,33,364.37,593.6,14.94,6.95
N18000067,SYSTEM STRENGHTENING -XI IN SOUTHERN REGION(POWER GRID CORPORATION OF INDIA LIMITED),Ongoing Not Active,4,8.59,7.59,2.18,1.26
N18000068,KV SYSTEM FOR CENTRAL PART OF NORTHERN GRID PART-I (POWER GRID CORPORATION OF INDIA LIMITED),Ongoing Not Active,7,11.42,14.48,3.25,2.18
N18000069,KV POOLING STATION AND NETWORK WITH DVC AND MAITHOB RBC (POWER GRID CORPORATION OF INDIA LIMITED),Ongoing Not Active,11,134.57,135.38,4.71,4.94
N18000076,TRANSMISSION SYSTEM OF VINDHUACHAL -IV AND RIHAND -III GEN. PROJ. (POWER GRID CORPORATION OF INDIA LIMITED),Ongoing Not Active,13,71.32,51.41,1.33,1.22
N18000077,TRANSM SYSTEM FOR DEVELOPMENT OF POOLING STN. IN NR PART OF WEST BENGAL AND TRANSFER OF POWER FROM B,Ongoing Not Active,21,196.66,178.69,2.8,2.87
N18000078,765KV SYSTEM FOR CENTRAL PART OF NORTHERN REGION GRID - PART-II (POWER GRID CORPORATION OF INDIA LIMITED),Ongoing Not Active,7,32.46,22.48,2.79,1.0
N18000079,765KV SYSTEM FOR CENTRAL PART OF NORTHERN REGION GRID - PART-III (POWER GRID CORPORATION OF INDIA LIMITED),Ongoing Not Active,9,2.29,3.93,1.69,1.31
N18000080,TRANSMISSION SYSTEM ASSOCIATED WITH PALLATANA GBPP and BPTS. (POWER GRID CORPORATION OF INDIA LIMITED),Ongoing Not Active,23,60.68,55.78,3.74,0.96
N18000082,IMMEDIATE EVACUATION SYSTEM FOR NABINAGAR TPS(POWER GRID CORPORATION OF INDIA LIMITED),Ongoing Not Active,4,11.21,9.46,0.6,0.67
N18000084,Expenditure (Rs. Crore) MAUDA TRANSMISSION SYSTEM(POWER GRID CORPORATION OF INDIA LIMITED),Ongoing Not Active,4,10.38,13.14,5.92,5.97
N18000086,"Total 3,547.14 - Power 11 System Strengthening -X of SR",Ongoing Not Active,6,2.52,0.52,3.09,4.38
N18000088,NORTHERN REGION SYSTEM STRENGHTENING SCHEME-XX,Ongoing Not Active,9,11.63,10.04,6.0,4.75
N18000089,"August,2013 INTERCONNECTION BETWEEN ELECTTRICAL GRIDS OF INDIA AND BANGLADESH -INDIAN PORTION (POWER GRID CORPORATION OF INDIA LIMITED)",Ongoing Not Active,7,21.59,23.28,2.12,0.66
N18000090,TRANSMISSION SYSTEM ASSOCIATED WITH KRISHNAPATNAM,Ongoing Not Active,6,11.02,9.6,1.34,1.31
N18000091,NORTHERN REGION SYSTEM STRENGTHENING SCHEME- XXII(POWER GRID CORPORATION OF INDIA LIMITED),Ongoing Not Active,6,13.68,10.25,2.65,2.64
N18000092,N.A. ESTABLISHMENT OF POOLING STATIONS AT RAJGARH AND RAIPUR FOR IPP GENERATION PROJECTS IN CHATTISGARH (POWER GRID CORPORATION OF INDIA LIMITED),Ongoing Not Active,9,26.09,24.15,2.59,2.74
N18000096,TRANSMISSION SYSTEM FOR PHASE-I GEN.PROJ.IN ORISSA PART-C (POWER GRID CORPORATION OF INDIA LIMITED),Ongoing Not Active,13,205.23,226.2,1.72,1.28
N18000097,SUPPLEMENTARY TRANSMISSION ASSOCIATED WITH VAALLUR,Ongoing Not Active,9,15.39,12.84,6.26,6.62
N18000098,TRANSMISSION SYSTEM FOR TRANSFER OF POWER FROM GEN.PROJ IN SIKKIM TO NR/WR PART-A (POWER GRID CORPORATION OF INDIA LIMITED),Ongoing Not Active,17,36.65,38.47,2.28,1.3
N18000100,EASTERN REGION STRENGTHENING SCHEME-III (POWER GRID CORPORATION OF INDIA LIMITED),Ongoing Not Active,23,16.15,46.29,4.01,2.29
N18000102,TRANSMISSION SYSTEM FOR ESTABLISHMENT OF 400/220 KV GIS SUB STATION AT KALA IN UT DNH,Ongoing Not Active,8,17.73,13.54,1.97,2.2
N18000103,Grid Corporation Of India Limited COMMON SYSTEM ASSOCIATED WITH COASTAL ENERGEN PRIVATE LIMITED AND IND-BARATH POWER(MADRAS) LIMITED L,Ongoing Not Active,23,115.84,151.63,9.48,9.24
N18000105,TRANSMISSION SYSTEM FOR IPP GENERATION PROJECTS IN MP AND CHATTISGARH (POWER GRID CORPORATION OF INDIA LIMITED),Ongoing Not Active,11,134.45,134.5,2.48,2.32
N18000106,TRANSMISSION SYSTEM FOR CONNECTIVITY OF MB POWER LIMITED (POWER GRID CORPORATION OF INDIA LIMITED),Ongoing Not Active,9,12.44,8.51,3.8,2.69
N18000107,INTEGRATION OF POOLING STATION IN CHATTISGARH WITH CENTRAL PART OF WR FOR IPP GENERATION PROJECTS IN(POWER GRID CORPORATION OF INDIA LIMITED),Ongoing Not Active,10,40.16,40.65,3.67,3.47
N18000108,TR SYSTEM FOR ESTABLISHMENT OF 400/220 KV GIS SUBSTATION AT,Ongoing Not Active,2,,,,
N18000110,INTEGRATION OF POOLING STATION IN CHATTISGARH WITH CENTRAL P,Ongoing Not Active,3,,,,
N18000111,COMMON SYSTEM ASSOCIATED WITH ISGS PROJECTS IN KRISHNAPATTNAM OF ANDHRA PRADESH(PGCIL) (POWER GRID CORPORATION OF INDIA LIMITED),Ongoing Not Active,9,12.77,4.82,1.43,1.43
N18000113,TR SYSTEM FOR PHASE-I GENERATION PROJECTS IN JHARKHAND AND WEST BENGAL-PART-A2 (POWER GRID CORPORATION OF INDIA LIMITED),Ongoing Not Active,14,35.92,45.33,1.86,1.56
N18000120,SYSTEM STRENGTHENING IN WARDHA- AURANGABAD CORRIDOR FOR IPP PROJECTS IN CHATTISGARH,Ongoing Not Active,10,7.82,4.88,1.15,1.28
N18000121,TRANSMISSION SYS ASSOCIATED WITH KRISHNAPATNAM UMPP- PART C1 (POWER GRID CORPORATION OF INDIA LIMITED),Ongoing Not Active,9,4.52,7.35,1.32,1.13
N18000123,ESTABLISHMENT OF FIBER OPTIC COMMUNICATION SYSTEM IN NORTHERN REGION (POWER GRID CORPORATION OF INDIA LIMITED),Ongoing Not Active,19,7.0,9.71,2.63,2.51
N18000125,WR-NR HVDC INTERCONNECTOR FOR IPP PROJECTS IN CHHATTISGARH (POWER GRID CORPORATION OF INDIA LIMITED),Ongoing Not Active,17,391.65,330.42,1.07,0.91
N18000126,COMMON SYSTEM ASSOCIATED WITH ISGS PROJECTS IN VEMAGIRI AREA OF ANDHRA PRADESH PART-A1 (POWER GRID CORPORATION OF INDIA LIMITED),Ongoing Not Active,15,3.03,3.87,3.46,2.87
N18000127,IMMEDIATE EVACUATION SYSTEM WITH BARH-II TPS (POWER GRID CORPORATION OF INDIA LIMITED),Ongoing Not Active,10,52.8,54.52,1.82,1.49
N18000128,forest clearance awaited. NORTHERN REGION SYSTEM STRENGTHENING SCHEME-XXIV,Ongoing Not Active,18,58.59,60.94,3.72,2.61
N18000129,TR. SYS. FOR PHASE-I PROJ. IN JHARKHAN AND WEST BENGAL PART-B (POWER GRID CORPORATION OF INDIA LIMITED),Ongoing Not Active,14,83.11,115.16,1.02,1.15
N18000130,SYSTEM STRENGTHENING-XVIII IN SOUTHERN REGION GRID (POWER GRID CORPORATION OF INDIA LIMITED),Ongoing Not Active,10,8.96,6.01,3.14,1.89
N18000135,NORTHERN REGION SYSTEM STRENGTHENING SCHEME-XXVIII (POWER GRID CORPORATION OF INDIA LIMITED),Ongoing Not Active,13,7.91,6.31,1.99,0.98
N18000136,"June,2015 REVAMP OF UNMANNED PLATFORMS PH-II IN MH AND NH ASSETS (OIL & NATURAL GAS CORPORATION LIMITED)",Ongoing Not Active,8,9.87,11.53,1.08,1.06
N18000142,LATA-TAPOVAN HYDRO ELECTRIC POWER PROJECT 3X57 MW (NTPC ),Ongoing Not Active,36,314.3,319.96,7.74,4.59
N18000144,COMMON SYS. ASSOCIATED WITH EAST COAST ENERGY PVT LTD AND NCC POWER PROJECTS LTD LTOA GEN PART- B,Ongoing Not Active,18,226.12,217.72,8.44,9.82
N18000146,GAS TURBINE GENERATION SET (OIL INDIA LIMITED),Ongoing Not Active,5,12.2,11.24,3.03,2.97
N18000148,UPGRADATION OF CRUDE OIL PUMP STATIONS OF NAHARKATIYA- BARAUNI CRUDE OIL TRUNK PIPELINE (OIL INDIA LIMITED),Ongoing Not Active,22,53.73,43.04,6.09,8.31
N18000149,CENTRAL GAS GATHERING STATION AND OFFTAKE POINT (OIL INDIA LIMITED),Ongoing Not Active,5,17.0,20.82,1.7,3.38
N18000150,CONSTRUCTION OF 2 FGS IN CHABUA & BAGHJAN,Ongoing Not Active,3,,,,
N18000152,NORTHERN REGION SYSTEM STRENGTHENING SCHEME-XXV (POWER GRID CORPORATION OF INDIA LIMITED),Ongoing Not Active,10,0.35,2.57,1.81,2.37
N18000156,AGARTALA GAS TURBINE PLANT COMBINED CYCLE EXTENSION PROJECT (51 MW) (NORTH EAST ELECTRIC POWER CORPORATION),Ongoing Not Active,6,0.03,35.38,1.66,0.07
N18000157,UNIFIED REAL TIME DYNAMIC STATE MEASUREMENT PHASE-I (POWER GRID CORPORATION OF INDIA LIMITED),Ongoing Not Active,25,3.31,4.26,12.77,10.96
N18000158,NORTHERN REGION SYSTEM STRENGTHENING SCHEME - XXX (POWER GRID CORPORATION OF INDIA LIMITED),Ongoing Not Active,16,11.79,5.78,2.22,1.96
N18000161,SUB-STATION EXT. WORKS ASSOCIATED WITH TRANS. SYSTEM REQUIRED FOR EVACUATION OF POWER FROM KUDGI TPS (POWER GRID CORPORATION OF INDIA LIMITED),Ongoing Not Active,9,11.51,9.13,1.41,1.56
N18000163,INSTALLATION OF BUS RECTOR AND ICT IN WESTERN REGION G(POWER GRID CORPORATION OF INDIA LIMITED),Ongoing Not Active,9,17.94,16.96,1.74,1.19
N18000164,EASTERN REGION STRENGTHENING SCHEME-XII (POWER GRID CORPORATION OF INDIA LIMITED),Ongoing Not Active,27,38.29,40.06,6.98,5.15
N18000165,AUGMENTATION OF TRANSFORMERS IN NORTHERN REGION - PART B,Ongoing Not Active,15,4.29,12.58,3.09,2.16
N18000167,TRANSMISSION SYSTEM ASSOCIATED WITH LARA STPS-I (2X800) GEN. PROJECT OF NTPC G(POWER GRID CORPORATION OF INDIA LIMITED),Ongoing Not Active,8,9.5,8.01,0.89,0.7
N18000169,SYSTEM STRENGTHENING - XX IN SOUTHERN REGIONAL GRID (POWER GRID CORPORATION OF INDIA LIMITED),Ongoing Not Active,12,13.3,4.24,1.86,1.55
N18000171,EASTERN REGION STRENGTHENING SCHEME -IX (POWER GRID CORPORATION OF INDIA LIMITED),Ongoing Not Active,16,13.67,25.07,1.12,6.11
N18000180,TRANSMISSION SYSTEM ASSOCIATED WITH KISHENGANAGA HEP (POWER GRID CORPORATION OF INDIA LIMITED),Ongoing Not Active,13,10.07,0.78,1.79,1.16
N18000182,SYSTEM STRENGTHENING IN SOUTHERN REGION - XXIII (POWER GRID CORPORATION OF INDIA LIMITED),Ongoing Not Active,19,26.36,21.55,8.73,13.86
N18000183,WARDHA-HYDERABAD 765 KV LINK G(POWER GRID CORPORATION OF INDIA LIMITED),Ongoing Not Active,6,228.43,326.9,3.71,3.48
N18000184,ESTABLISHMENT OF FIBER OPTIC COMMUNICATION SYSTEM IN NR UNDER FIBER OPTIC EXPANSION PROJECT (ADDITIO (PGCIL ),Ongoing Not Active,29,19.12,22.18,21.5,19.66
N18000185,INSTALLATION OF STATCOMS IN WESTERN REGION (POWER GRID CORPORATION OF INDIA LIMITED),Ongoing Not Active,12,6.01,4.54,0.74,1.14
N18000188,CREATION OF 400/220 KV SUBSTATIONS IN NCT OF DELHI DURING 12TH PLAN PERIOD (PART-A) (POWER GRID CORPORATION OF INDIA LIMITED),Ongoing Not Active,21,214.25,228.33,7.92,7.82
N18000195,CREATION OF 400/220KV SUBSTATIONS IN NCT OF DELHI DURING 12TH PLAN PERIOD (PART-B1) (POWER GRID CORPORATION OF INDIA LIMITED),Ongoing Not Active,11,13.44,5.72,1.55,2.08
N18000196,GREEN ENERGY CORRIDORS INTER-STATE TRANSMISSION SCHEME -PART B,Ongoing Not Active,11,23.5,12.49,1.05,1.66
N18000198,"TRANSMISSION SYSTEM FOR ULTRA MEGA SOLAR PARK IN ANANTPUR DISTRICT, ANDHRA PRADESH- PART A (PHASE-I) (POWER GRID CORPORATION OF INDIA LIMITED)",Ongoing Not Active,4,3.23,1.54,0.17,0.65
N18000200,GREEN ENERGY CORRIDORS: INTER-STATE TRANSMISSION SCHEME (ISTS) - PART C (POWER GRID CORPORATION OF INDIA LIMITED),Ongoing Not Active,10,95.33,89.98,1.21,1.04
N18000201,TRANSMISSION SYSTEM ASSOCIATED WITH RAPP 7 and 8 - PART B,Ongoing Not Active,11,2.56,2.42,1.41,0.67
N18000206,TRANSMISSION SYSTEM FOR ULTRA MEGA SOLAR PARK (750 MW),Ongoing Not Active,10,3.96,2.0,1.16,1.66
N18000207,TRANSMISSION SYSTEM STRENTHENING ASSOCIATED WITH MUNDRA UMPP (PART-A) (POWER GRID CORPORATION OF INDIA LIMITED),Ongoing Not Active,6,10.97,5.91,9.02,9.0
N18000208,expected by Aug’18). SYSTEM STRENGTHENING XXIV IN SOUTHERN REGION,Ongoing Not Active,10,22.82,15.77,1.84,3.56
N18000209,CONNECTIVITY FOR KUDANKULAM 3 AND 4 (2000MW) WITH INTERSTATE TRANSMISSION SYSTEM,Ongoing Not Active,7,24.87,27.36,1.77,1.22
N18000210,REMOVAL OF CONSTRAINTS IN 400KV BAYS EXTENSIONS AT 400KV VEMAGIRI SS (POWER GRID CORPORATION OF INDIA LIMITED),Ongoing Not Active,7,8.84,7.64,4.84,5.03
N18000211,Expenditure (Rs. crore) TRANSMISSION SYSTEM ASSOCIATED WITH DARLIPALLI TPS (POWER GRID CORPORATION OF INDIA LIMITED),Ongoing Not Active,5,15.85,13.24,5.44,6.74
N18000213,TRANSMISSION SYSTEM STRENTHENNING IN INDIAN SYSTEM FOR TRANSFER OF POWER FROM MANGDECHHU HYDROELECTR (POWER GRID CORPORATION OF INDIA LIMITED),Ongoing Not Active,17,61.22,48.36,3.0,2.98
N18000214,EASTERN REGION STRENGTHENNING SCHEME-XV (POWER GRID CORPORATION OF INDIA LIMITED),Ongoing Not Active,17,8.92,6.29,1.7,2.94
N18000215,TRANMISSION SYSTEM ASSOCIATED WITH ALUSTENG (SRINAGAR)- DRASS- KARGIL-KHALSTI-LEH PROJECT (POWER GRID CORPORATION OF INDIA LIMITED),Ongoing Not Active,8,255.08,232.61,0.78,0.49
N18000216,NORTH EASTERN REGION STRENGTHENING SCHEME IV,Ongoing Not Active,5,7.57,2.63,1.0,0.93
N18000217,EASTERN REGION STRENGTHENING SCHEME XI,Ongoing Not Active,8,2.29,8.14,1.27,1.58
N18000218,GREEN ENERGY CORRIDORS - INTER STATE TRANSSMISSION SCHEME PART-D (POWER GRID CORPORATION OF INDIA LIMITED),Ongoing Not Active,16,55.39,35.61,2.7,5.82
N18000219,"HVDC BIPOLE LINK BETWEEN WR (RAIGARH, CHATTISGARH) AND SR (PUGALUR-NORTH TRICHUR-SCHEME-I: RAIGARH-P (POWER GRID CORPORATION OF INDIA LIMITED)",Ongoing Not Active,17,105.16,555.3,0.94,0.92
N18000220,TRANSMISSION SYSTEM FOR ULTRA MEGA SOLAR POWER AT TUMKUR (PAVAGADA) KARNATAKA PHASE-I (POWER GRID CORPORATION OF INDIA LIMITED),Ongoing Not Active,7,10.55,14.48,1.99,1.74
N18000221,S/S EXTENSION FOR TRANSMISSION SYSTEM ASSOCIATED WITH VINDHYACHAL-V PROJECT OF NTPC (PART B) (POWER GRID CORPORATION OF INDIA LIMITED),Ongoing Not Active,7,6.03,6.64,0.58,1.26
N18000222,ASSOCIATED TRANSMISSION SYSTEM FOR NABINAGAR-II TIPS (POWER GRID CORPORATION OF INDIA LIMITED),Ongoing Not Active,9,3.79,0.8,1.41,1.27
N18000223,PG WORKS ASSOCIATED WITH COMMON TRANSMISSION SYSTEM FOR PHASE-II GENERATION PROJECT IN ODISHA (POWER GRID CORPORATION OF INDIA LIMITED),Ongoing Not Active,11,12.9,0.67,1.15,0.77
N18000224,EASTERN REGION STRENGTHENING SCHEME XIV (POWER GRID CORPORATION OF INDIA LIMITED),Ongoing Not Active,7,24.1,19.05,1.42,1.09
N18000225,Expenditure (Rs. crore) PAKRI BARWADIH COAL MINING PROJECT (NATIONAL THERMAL POWER CORPORATION),Ongoing Not Active,17,368.13,291.94,7.63,8.42
N18000227,TRAMISSION SYSTEM FOR SOLAR PARK AT BHADLA RAJISTHAN (POWER GRID CORPORATION OF INDIA LIMITED),Ongoing Not Active,10,65.84,70.3,0.93,2.0
N18000228,TRANSMISSION SYSTEM STRENGTHENING ASSOCIATED WITH MUNDRA UMPP (PART-B),Ongoing Not Active,8,9.74,2.1,0.82,0.97
N18000229,WESTERN REGION STRENGTENING SCHEME-XVI (POWER GRID CORPORATION OF INDIA LIMITED),Ongoing Not Active,7,35.25,34.5,1.65,0.98
N18000230,POWERGRID WORK ASSOCIATED WITH SYSTEM STRENGTHENING FOR IPP IN CHATTISGARH AND OTHER GEN. PROJECT IN,Ongoing Not Active,8,5.56,5.4,1.41,1.02
N18000231,PROVISION OF STATECOM AT NALAGARH AND LUCKNOW IN NORTHERN REGION,Ongoing Not Active,8,14.98,11.89,1.01,0.65
N18000232,PROVISION OF SERIES REACTORS IN NORTHERN REGION (POWER GRID CORPORATION OF INDIA LIMITED),Ongoing Not Active,7,17.01,10.87,1.09,1.02
N18000233,SOUTHERN REGION STRENGTHENING SCHEME-XXI (POWER GRID CORPORATION OF INDIA LIMITED),Ongoing Not Active,10,4.43,3.93,1.22,0.97
N18000234,Expenditure (Rs. crore) KANDORNA AND BHANWAD WIND FARM (THDC INDIA LIMITED),Ongoing Not Active,2,,,,
N18000236,INSTALLATION OF BUS REACTORS AT CUDDAPAH NELLORE KURNOOL RAICHUR AND TIRUVALAM SUB STATION (POWER GRID CORPORATION OF INDIA LIMITED),Ongoing Not Active,8,2.6,1.28,1.41,1.08
N18000237,AUGMENTATION OF TRANSFORMATION CAPACITY IN SOUTHERN REGION (POWER GRID CORPORATION OF INDIA LIMITED),Ongoing Not Active,4,23.36,18.31,0.98,0.98
N18000238,S/S WORK ASSOCIATED WITH ADDITIONAL INTER REGIONAL AC LINK FOR IMPORT IN TO SOUTHERN REGION I.E WARO (POWER GRID CORPORATION OF INDIA LIMITED),Ongoing Not Active,14,200.99,233.64,2.53,2.68
N18000239,TRANSMISSION SYSTEM FOR ULTRA MEGA SOLAR POWER AT TUMKUR (PAVAGADA) KARNATAKA PHASE -II (PART II) (POWER GRID CORPORATION OF INDIA LIMITED),Ongoing Not Active,14,48.07,40.23,6.44,5.74
N18000240,SUB STATION WORK ASSOCIATED WITH STRENGTHENING OF TRANSMISSION SYSTEM BEYOND VEMAGIRI (POWER GRID CORPORATION OF INDIA LIMITED),Ongoing Not Active,14,3.26,3.4,3.78,6.96
N18000241,WESTERN REGION STRENGTHENING SCHEME XVIII (POWER GRID CORPORATION OF INDIA LIMITED),Ongoing Not Active,8,13.16,8.15,0.86,0.86
N18000242,ESTABLISHMENT OF 220/66KV GIS AT UT CHANDIGARH ALONG WITH 220KV D/C LINE FROM CHANDIGARH GIS TO 400/ (POWER GRID CORPORATION OF INDIA LIMITED),Ongoing Not Active,19,4.84,3.99,2.74,1.67
N18000243,PG WORK ASSOCIATED WITH TBCB LINES UNDER COMMON TRANSMISSION SYSTEM FOR PH -II GEN. PROJ. IN ODHISHA,Ongoing Not Active,6,23.93,23.18,0.87,0.94
N18000244,Original (MM/YYYY) Cumulative Expenditure in Rs. Crore 1 EASTERN REGION STRENTHENING SCHEME XVII( PART B) (PGCIL),Ongoing Not Active,22,34.82,29.69,12.24,11.04
N18000245,SYSTEM STRENGTHENING SCHEME IN NORTH REGION XXXVII (POWER GRID CORPORATION OF INDIA LIMITED),Ongoing Not Active,19,2.52,4.77,1.86,2.44
N18000246,WESTERN REGION STRENGTHENING SCHEME XVII,Ongoing Not Active,6,12.6,11.4,6.88,6.96
N18000247,"HVDC BIPOLE LINK BETWEEN WESTERN REGION (RAIGARH, CHATTISGARH) AND SOUTHERN REGION (PUGALAR, TM) NOR (POWER GRID CORPORATION OF INDIA LIMITED)",Ongoing Not Active,15,0.21,14.24,1.45,1.52
N18000248,SYSTEM STRENGTHENING SCHEME IN NORTHERN REGION XXXVIII (POWER GRID CORPORATION OF INDIA LIMITED),Ongoing Not Active,9,0.7,0.82,2.21,1.86
N18000251,National Hydro-Electric Power Corporation 50 MW SOLAR POWER PROJECT,Ongoing Not Active,2,,,,
N18000252,AMELIA COAL MINE Central Sector Projects(THDC INDIA LIMITED),Ongoing Not Active,18,187.64,232.67,6.09,6.45
N18000253,TRANSMISSION SYSTEM ASSOCIATED WITH IPPS OF NAGAPATTINAM/ CUDDALORE AREA PACKAGE A,Ongoing Not Active,4,402.35,312.4,2.03,2.05
N18000254,TRANSMISSION SYSTEM ASSOCIATED WITH GADARWARA STPS (2X800 MW) OF NTPC (PART A),Ongoing Not Active,4,7.91,4.3,0.47,1.44
N18000255,TRANSMISSION SYSTEM ASSOCIATED WITH GADARWARA STPS OF NTPC PART-B,Ongoing Not Active,3,,,,
N18000256,TRANSMISSION SYSTEM STRENGTHENING ASSOCIATED WITH GRID CORPORATION OF INDIA LIMITED),Ongoing Not Active,4,23.62,24.83,0.17,1.77
N18000257,STRENGTHENING OF TRANSMISSION SYSTEM BEYOND VEMAGIRI,Ongoing Not Active,12,182.02,159.98,3.3,5.64
N18000258,Grid Corporation Of India Limited 102 EASTERN REGION STRENGTHENING SCHEME- XVIII,Ongoing Not Active,17,150.69,144.17,4.06,4.18
N18000261,TRANSMISSION SYSTEM FOR ULTRA MEGA SOLAR POWER PARK AT Projects(POWER GRID CORPORATION OF INDIA LIMITED),Ongoing Not Active,12,17.2,12.75,8.63,8.28
N18000263,TRANSMISSION SYSTEM FOR ULTRA MEGA SOLAR POWER AT TUMKUR (PAVAGADA) KARNATAKA PHASE-II (PART-B),Ongoing Not Active,12,102.7,93.95,9.44,8.91
N18000266,TALAIPALLI COAL MINING PROJECT,Ongoing Not Active,12,66.99,49.02,4.13,2.74
N18000267,KV D/C BAHARAMPUR (PG) - BHERAMERE (B'DESH) LINE CKT II (INDIA PORTION) (POWER GRID CORPORATION OF INDIA LIMITED),Ongoing Not Active,11,5.46,6.45,4.78,6.11
N18000268,EASTERN REGION STRENGTHENING SCHEME XX (POWER GRID CORPORATION OF INDIA LIMITED),Ongoing Not Active,13,13.06,10.63,2.06,1.43
N18000269,SUPPLEMENTARY TRANS. SYSTEM FOR UMSPP AT BANASKANTHA (RADHANESDA) GUJARAT (POWER GRID CORPORATION OF INDIA LIMITED),Ongoing Not Active,11,10.81,8.95,7.12,7.17
N18000270,400KV D/C TEESTA III - KISHANGANJ TRANSMISSIAN LINE (JV) (POWER GRID CORPORATION OF INDIA LIMITED),Ongoing Not Active,2,,,,
N18000273,MW BILHAUR SOLAR PV PROJECT BILHAUR UP (NATIONAL THERMAL POWER CORPORATION),Ongoing Not Active,7,3.38,9.46,4.82,3.25
N18000274,MW BILHAUR SOLAR PV PROJECT BILHAUR UP (NATIONAL THERMAL POWER CORPORATION),Ongoing Not Active,7,2.09,0.97,5.64,4.84
N18000280,DEVIKOT SOLAR 90MW EPC(NATIONAL THERMAL POWER CORPORATION),Ongoing Not Active,6,0.49,12.13,1.03,1.47
N18000281,DEVIKOT SOLAR 150MW EPC(NATIONAL THERMAL POWER CORPORATION),Ongoing Not Active,6,69.06,72.9,1.72,1.39
N18000282,NOKHRA EPC(NATIONAL THERMAL POWER CORPORATION),Ongoing Not Active,8,55.07,0.1,1.96,2.38
N18000283,KAWAS SOLAR 56 MW EPC(NATIONAL THERMAL POWER CORPORATION),Ongoing Not Active,5,1.04,1.65,1.67,1.42
N18000284,RAMAGUNDAM FLOATING SOLAR 100 MW EPC(NATIONAL THERMAL POWER CORPORATION),Ongoing Not Active,5,1.39,8.06,2.68,1.99
N18000285,Expenditure (Rs. crore) SAMBHU KI BHURJ SOLAR 250 MW EPC(NATIONAL THERMAL POWER CORPORATION),Ongoing Not Active,5,25.95,25.63,3.61,0.52
N18000286,"6/2030} 3,207.00 (N.A.) {3,207.00} 188.64 16.2 1336 SAMBHU KI BHURJ-II SOLAR 300MW (NTPC )",Ongoing Not Active,13,187.6,186.45,9.49,7.77
N18000287,JETSAR SOLAR 160 MW EPC(NATIONAL THERMAL POWER CORPORATION),Ongoing Not Active,4,3.22,1.36,1.01,0.41
N18000288,KAYAMKULAM SOLAR 70 MW EPC(NATIONAL THERMAL POWER CORPORATION),Ongoing Not Active,5,3.81,2.24,0.46,0.56
N18000289,FATEHGARH SOLAR 296MW EPC(NATIONAL THERMAL POWER CORPORATION),Ongoing Not Active,5,45.27,35.51,1.45,0.58
N18000290,ETTAYAPURAM SOLAR 230MW EPC(NATIONAL THERMAL POWER CORPORATION),Ongoing Not Active,6,0.59,3.34,0.79,0.95
N18000295,GUJARAT 200 MW (GUVNL TENDER) (NTPC ),Ongoing Not Active,12,33.79,42.97,14.42,15.25
N18000299,"TRANSMISSION SYSTEM FOR POWER EVACUATION FROM ARUN-3 (900MW) HEP, NEPAL OF M/S SAPDC- INDIAN PORTION (PGCIL)",Ongoing Not Active,7,87.2,72.09,5.1,8.33
N18000300,6/1/2023 255.87 2 TRANSMISSION SYSTEM STRENGTHENING SCHEME FOR EVACUATION OF POWER FROM SOLAR ENERGY ZONES IN RAJASTHA (PGCIL),Ongoing Not Active,8,564.85,501.03,17.82,14.64
N18000301,TRANSMISSION SYSTEM FOR PROVIDING CONNECTIVITY TO RE PROJECTS AT BHUJ-II (2000 MW) IN GUJARAT (POWER GRID CORPORATION OF INDIA LIMITED),Ongoing Not Active,4,9.03,7.03,0.9,0.36
N18000306,TRANSMISSION SYSTEM STRENGTHENING SCHEME FOR EVACUATION OF POWER FROM SOLAR ENERGY ZONES IN RAJASTHA (PGCIL ),Ongoing Not Active,9,207.59,183.52,7.95,5.21
N18000308,NORTHERN REGION SYSTEM STRENGTHENING - XL (POWER GRID CORPORATION OF INDIA LIMITED),Ongoing Not Active,4,2.26,2.86,1.67,1.13
N18000313,NORTH EASTERN REGION STRENGTHENING SCHEME - III,Ongoing Not Active,7,22.48,24.35,25.88,19.08
N18000319,DAYAPAR WIND ENERGY PROJECT 150MW (NTPC ),Ongoing Not Active,10,31.72,19.91,2.92,4.87
N18000320,NOKH PLOT-1 SOLAR PV PROJECT 245MW (NTPC ),Ongoing Not Active,9,37.13,31.15,3.79,3.75
N18000321,NOKH PLOT-2 SOLAR PV PROJECT 245MW (NTPC ),Ongoing Not Active,9,62.77,60.01,4.25,4.55
N18000322,NOKH PLOT-3 SOLAR PV PROJECT 245MW (NTPC ),Ongoing Not Active,9,81.08,82.72,3.45,3.41
N18000323,Total 534.00 - POWER National Hydro-Electric Power Corporation 15 KALPI SOLAR POWER PROJECT,Ongoing Not Active,8,41.26,33.48,5.22,3.71
N18000330,TRANSMISSION SYSTEM STRENGTHENING FOR SRINAGAR- LEH TRANSMISSION SYSTEM (PGCIL ),Ongoing Not Active,10,5.22,8.17,3.61,4.51
N18000331,TRANSMISSION SYSTEM STRENGTHENING SCHEME FOR EVACUATION OF POWER FROM SOLAR ENERGY ZONES IN RAJASTHA (PGCIL ),Ongoing Not Active,10,4.56,8.27,2.34,3.03
N18000332,TRANSMISSION SYSTEM STRENGTHENING SCHEME FOR EVACUATION OF POWER FROM SOLAR ENERGY ZONES IN RAJASTHA (PGCIL ),Ongoing Not Active,9,129.29,155.12,2.43,3.81
N18000334,Satluj Jal Vidyut Nigam Limited GURHAH SOLAR POWER PROJECT,Ongoing Not Active,5,9.5,10.58,2.03,1.44
N18000335,BIKANER SOLAR POWER PROJECT (SJVN ),Ongoing Not Active,9,378.17,411.59,0.85,1.45
N18000336,Satluj Jal Vidyut Nigam Limited 142 GUJRAI SOLAR POWER PROJECT,Ongoing Not Active,5,3.64,1.05,0.74,1.78
N18000340,Satluj Jal Vidyut Nigam Limited RAGHANESDA SOLAR POWER PROJECT,Ongoing Not Active,4,9.77,7.9,0.83,1.01
N18000345,DAYAPAR WIND ENERGY PROJECT 200MW (NTPC ),Ongoing Not Active,7,345.27,311.54,1.73,1.29
N18000346,KHAWDA 1255MW SOLAR PROJECT (KHAWDA SOLAR PARK) (NTPC ),Ongoing Not Active,7,325.48,203.04,7.12,7.78
N18000347,BHADLA-II 500MW SOLAR PV PROJECT (NTPC ),Ongoing Not Active,7,329.64,308.64,3.59,5.59
N18000348,SHAJAPUR 325MW SOLAR PV PROJECT (NTPC ),Ongoing Not Active,7,118.77,81.77,1.94,4.01
N18000349,BHUJ SOLAR 300MW (TRANCHE- IV WIND SOLAR HYBRID) (NTPC ),Ongoing Not Active,7,223.81,188.0,4.42,6.57
N18000350,WESTERN REGION EXPANSION SCHEME XXV (PGCIL ),Ongoing Not Active,7,20.36,30.04,1.65,4.36
N18000351,EASTERN REGION EXPANSION SCHEME XXIX (PGCIL ),Ongoing Not Active,7,12.34,10.58,2.74,2.61
N18000356,TRANSMISSION SYSTEM SCHEME FOR EVACUATION OF POWER FROM REZ RAJASTHAN (8.1 GW) UNDER PHASE-II PART (PGCIL ),Ongoing Not Active,7,19.57,37.33,2.2,2.95
N18000357,ESTABLISHMENT OF KHAVDA POOLING STATION 3 (KPS3) IN KHAVDA RE PARK (PGCIL ),Ongoing Not Active,7,17.47,37.28,1.51,1.07
N18000359,"KHAVDA-2, GUJARAT- ESTABLISHMENT OF KHAVDA POOLING STATION-2 (KPS2) IN KHAVDA RE PARK (PGCIL )",Ongoing Not Active,8,53.08,61.85,11.26,8.55
N18000360,"KHAVDA PHASE-II- PART B, GUJARAT- TRANSMISSION SCHEME FOR EVACUATION OF 4.5 GW RE INJECTION AT KHAVDA (PGCIL )",Ongoing Not Active,8,110.33,102.84,12.72,11.5
N18000361,"KHAVDA PHASE-II- PART C, GUJARAT- TRANSMISSION SCHEME FOR EVACUATION OF 4.5 GW RE INJECTION AT KHAVDA (PGCIL )",Ongoing Not Active,8,379.26,444.39,16.86,14.75
N18000365,KHAVDA 1200MW (4X300MW) IN KHAVDA RE PARK (NTPC ),Ongoing Not Active,6,1657.09,1643.1,0.86,1.84
N18000366,DAYAPAR WIND- III (HYBRID TRANCHE- V) (NTPC ),Ongoing Not Active,6,247.98,224.94,5.14,4.76
N18000368,MW SOLAR POWER PROJECT UNDER CPSU SCHEME (NHPC ),Ongoing Not Active,6,45.32,80.07,0.79,2.53
N18000369,CHATTI BARIATU COAL MINING PROJECT National Project(NATIONAL THERMAL POWER CORPORATION),Ongoing Not Active,2,,,,
N18000370,KERANDARI COAL MINING PROJECT (NTPC ),Ongoing Not Active,5,601.4,570.39,67.95,65.73
N18000376,TS FOR EVACUATION POWER FROM REZ IN RAJASTHAN (20GW) UNDER PHASE-III PART B1 (PGCIL ),Ongoing Not Active,4,126.33,177.33,1.67,2.0
N20000002,Indira Gandhi Centre For Atomic Research LOPMENT OF ADVANCED ULTRA SUPER CRITICAL TECHNOLOGIES IN THERMAL POWER PLANTS IN INDIA,Ongoing Not Active,12,315.65,329.89,8.08,10.31
N21000003,LHMC NEW DELHI-RE-DEVELOPMENT (HOSPITAL SERVICES CONSULTANCY CORPORATION LTD),Ongoing Not Active,23,52.76,55.11,6.5,5.57
N21000004,SAFDARJUNG HOSPITAL RE-DEVELOPMENT AND OTHERS -SUPER SPECIALITY BLOCK (HOSPITAL SERVICES CONSULTANCY CORPORATION LTD),Ongoing Not Active,7,0.3,1.15,5.86,9.14
N21000005,"SAFDARJUNG HOSPITAL, NEW DELHI-REDEVELOPMENT and OTHERS-EMERGENCY BLOCK (HOSPITAL SERVICES CONSULTANCY CORPORATION LTD)",Ongoing Not Active,7,5.85,6.45,2.72,2.05
N21000006,AIIMS-RAE BARELI-HOUSING (HOSPITAL SERVICES CONSULTANCY CORPORATION LTD),Ongoing Not Active,8,26.55,25.77,12.62,13.89
N21000007,"Hospital Services Consultancy Corporation Ltd LGBRIMH-TEZPUR, ASSAM",Ongoing Not Active,22,21.87,17.6,6.84,6.24
N21000013,NEIGRIHMS SHILLONG MEGHALYA (HOSPITAL SERVICES CONSULTANCY CORPORATION LTD),Ongoing Not Active,20,6.03,9.97,2.48,1.91
N21000014,NCI AIIMS JHAJJAR RESIDENTIAL HARYANA (HOSPITAL SERVICES CONSULTANCY CORPORATION LTD),Ongoing Not Active,6,6.02,7.27,1.64,1.16
N21000015,Hospital Services Consultancy Corporation Ltd CNCI KOLKATA WEST BENGAL,Ongoing Not Active,20,7.64,10.55,5.75,5.92
N21000016,"RESIDENTIAL COMPLEX AND OPD BLOCK, AIIMS, NAGPUR Projects(HOSPITAL SERVICES CONSULTANCY CORPORATION LTD)",Ongoing Not Active,17,4.02,4.04,1.49,0.81
N21000017,"Hospital Services Consultancy Corporation RESIDENTIAL COMPLEX AND OPD BLOCK, AIIMS-MNAGLAGIRI GUNTUR, ANDHRA PRADESH",Ongoing Not Active,17,3.17,4.54,4.98,3.48
N21000018,"Hospital Services Consultancy Corporation Ltd RESIDENTIALCOMPLEX AND OPD BLOCK, AIIMS, KALYANI WEST BENGAL",Ongoing Not Active,17,7.82,6.79,3.97,4.16
N21000019,GERIATRICS BLOCK- AIIMS DLEHI (HOSPITAL SERVICES CONSULTANCY CORPORATION LTD),Ongoing Not Active,16,30.45,26.2,2.65,2.57
N21000020,Hospital Services Consultancy Corporation HOSPITAL AND TEACHING- AIIMS GUNTUR,Ongoing Not Active,16,8.04,13.28,2.67,2.59
N21000021,Hospital Services Consultancy Corporation Ltd HOSPITAL AND MEDICAL COLLEGE AIIMS RAEBARELI,Ongoing Not Active,16,17.41,17.16,2.54,1.77
N21000022,Hospital Services Consultancy Corporation Ltd SUPER SPECIALITY BLOCK PMSSY GOA,Ongoing Not Active,16,9.47,5.4,2.55,1.91
N21000023,Hospital Services Consultancy Corporation HOSPITAL AND TEACHING- AIIMS NAGPUR,Ongoing Not Active,16,5.75,2.84,2.41,1.8
N21000024,HOSPITAL AND TEACHING- AIIMS KALYANI (HOSPITAL SERVICES CONSULTANCY CORPORATION LTD),Ongoing Not Active,16,7.97,9.12,2.32,4.71
N21000025,Hll Infra Tech Services Limited 114 ALL INDIA INSTITUTE OF MEDICAL SCIENCE AT GORAKHPUR (U.P.),Ongoing Not Active,15,16.59,13.42,6.0,8.15
N21000026,"ALL INDIA INSTITUTE OF MEDICAL SCIENCE AT BATHINDA, PUNJAB (HLL Infra Tech Services Limited)",Ongoing Not Active,15,29.53,28.48,4.07,7.44
N21000027,"ALL INDIA INSTITUTE OF MEDICAL SCIENCE AT GUWAHATI, ASSAM (HITES )",Ongoing Not Active,21,3.97,18.07,2.84,4.49
N21000030,CONSTRUCTION OF AIIMS AT AWANTIPORA SRINAGAR JAMMU AND SRINAGAR,Ongoing Not Active,7,72.7,93.38,0.55,0.69
N22000027,PALWAL-BHUTESWAR 3RD LINE DOUBLING(NCR)(RVNL) (RAIL VIKAS NIGAM LTD.),Ongoing Not Active,7,2.87,2.72,9.67,10.5
N22000028,"EXTENSION OF MRTS FROM VELACHERY TO STN. THOMAS, MTP (MRTP )",Ongoing Not Active,42,85.74,79.48,33.46,33.35
N22000034,Expenditure (Rs. Crore) ALIGARH-GAZIABAD 3RD LINE DOUBLING (RVNL)(RAIL VIKAS NIGAM LTD.),Ongoing Not Active,4,4.98,3.49,1.58,0.99
N22000049,OBULAVARIPALLE-KRISHNAPATNAM(RVNL) (RAIL VIKAS NIGAM LTD.),Ongoing Not Active,25,103.3,59.51,24.82,15.45
N22000052,"February,2015 HARNOUT -SET.UP OF W/S TO UND. POH OF UP TO50 COAC. WS AND PU (WORKSHOPS & PRODUCTION UNIT)",Ongoing Not Active,12,5.29,9.15,0.74,1.38
N22000053,CHHAPRA-SETTING UP OF WHEEL MANUFACTURING PLANT (WORKSHOPS & PRODUCTION UNIT),Ongoing Not Active,12,64.34,28.99,2.44,1.7
N22000075,SALKA ROAD -ANUPNAGAR LINE DOUBLING,Ongoing Not Active,24,31.71,30.94,14.02,13.59
N22000076,PANSPURA-KHARAGPUR 3D LINE(RAIL VIKAS NIGAM LTD.),Ongoing Not Active,7,14.94,9.36,22.24,18.65
N22000077,BHOPAL BINA 3D LINE DOUBLING (RAIL VIKAS NIGAM LTD.),Ongoing Not Active,22,43.83,51.76,8.24,6.42
N22000079,MAYLADUTHURAI- THIRUVARUR- KARAIKUDI-THIRU 'PONDI'- AGASTIYAMPALLI (SR ),Ongoing Not Active,39,858.49,1009.11,28.77,18.23
N22000080,DINDIGUL-POLLACHI-PALGHAT-POLLACHI AND COIMBATORE (SOUTHERN RAILWAY),Ongoing Not Active,23,11.2,25.98,2.28,1.46
N22000081,BHARUCH-SAMNI-DAHEJ GAUGE CONVERSION(RAIL VIKAS NIGAM LTD.),Ongoing Not Active,4,18.5,16.53,2.22,1.18
N22000082,"ALUABARI ROAD SILIGURI JUNCTION VIA GALGALIA, NEFR (NORTH EAST FRONTIER RAILWAY)",Ongoing Not Active,21,100.68,110.7,2.14,2.02
N22000084,TINDIVANAM-GINGEE-TIRUVANNAMALAI (NL),Ongoing Not Active,28,102.05,111.18,5.15,1.87
N22000086,"NEW B.G. LINE FROM TETELIA TO BYRNIHAT (NATIONAL PROJECT), NEFR (NORTH EAST FRONTIER RAILWAY)",Ongoing Not Active,38,327.16,361.14,19.22,18.83
N22000087,"NEW B.G. LINE FROM ARARIA TO GALGALIA (THAKURGUNG), NEFR (NFR )",Ongoing Not Active,43,551.3,688.35,25.32,30.93
N22000088,"UTRATIA-ZAFRABAD, NR (LINE DOUBLING) (NORTHERN RAILWAY)",Ongoing Not Active,25,277.15,248.11,10.32,13.48
N22000094,ELECTRIFICATION OF KHURJA-MEERUT-SAHARANPUR AND G'BAD- MEERUT (RAILWAY ELECTRIFICATION),Ongoing Not Active,33,28.07,27.2,2.69,11.36
N22000095,ELECTRIFICATION OF MORADABAD-ROZA(RAILWAY ELECTRIFICATION),Ongoing Not Active,6,0.02,0.94,1.14,0.0
N22000096,"RAJPIPLA-ANKELASHWAR, WR (GC)(WESTERN RAILWAY)",Ongoing Not Active,4,11.24,9.77,2.14,2.4
N22000099,"will be submitted by the end of September - 2016. AGARTALA SABROOM, NL, NEFR",Ongoing Not Active,25,44.57,329.17,2.25,2.73
N22000100,"BHAIRABI SAIRONG, NL, NEFR (NFR )",Ongoing Not Active,43,1020.15,1077.04,22.09,21.07
N22000101,"North East Frontier Railway KISHANGANJ JALALGARH, NL, NEFR",Ongoing Not Active,33,20.76,16.32,1.28,1.06
N22000107,RAMANAGRAM-MYSORE DOUBLING WITH ELECTRIFICATION OF KENGESII- MUSORE (SWR) (SOUTH WESTERN RAILWAY),Ongoing Not Active,21,37.09,16.66,6.03,10.37
N22000111,NEW WORK FOR CONSTRUCTION OF METRO RAILWAY FROM JOKA TO BINOY BADAL DINESH BAGH. (RVNL ),Ongoing Not Active,43,557.77,635.61,27.71,23.88
N22000112,HIMMATNAGAR - UDAIPUR GAUGE CANVESSION (NWR),Ongoing Not Active,25,69.09,72.6,6.8,5.19
N22000113,JAIPUR - RINGUS - CHURU AND SIKAR - LOHARU GUAGE CONVERSION (NWR) (NORTH WESTERN RAILWAY),Ongoing Not Active,24,67.24,71.17,3.58,2.76
N22000114,SURATPURA - HANUMANGARH - SRIGANGANAGAR GUAGE CONVERSION (NWR) (NORTH WESTERN RAILWAY),Ongoing Not Active,21,13.53,16.75,3.35,1.79
N22000115,TINPAHAR - SAHIBGANJ (ER) (EASTERN RAILWAYS),Ongoing Not Active,23,28.42,25.83,3.53,1.51
N22000116,Dakshin-barasat-lakshmikantapur (ER),Ongoing Not Active,25,25.25,28.59,11.0,10.65
N22000117,GHUTIASHARIF-CANNING (ER) (EASTERN RAILWAYS),Ongoing Not Active,25,18.7,17.59,4.52,4.1
N22000118,Expenditure (Rs. crore) PANDABESWAR-CHINPAI DOUBLING (ER) (EASTERN RAILWAYS),Ongoing Not Active,23,31.33,35.78,13.34,17.91
N22000121,Expenditure (Rs. crore) AHMEDABAD-HIMMATNAGAR-UDAIPUR (WR) (WESTERN RAILWAY),Ongoing Not Active,37,266.51,272.33,7.99,7.32
N22000123,BHUJ-NALIYA(GC) WITH EXTENSION FROM NALIYA TO VAYOR (WR) (WR),Ongoing Not Active,41,169.33,166.83,33.95,22.0
N22000125,BHAVNAGAR-WORKSHOP FACILITIES FOR 50 BG COACHES POH PER MONTH (WR) (WESTERN RAILWAY),Ongoing Not Active,32,136.78,33.59,19.0,21.92
N22000130,ANANDNAGAR GHUGHALI VIA MAHRAJGANJ UP (NORTH EASTERN RAILWAY),Ongoing Not Active,28,184.12,201.28,1.7,1.5
N22000131,CHHITAUNI TAMKUHI ROAD KUSHINAGAR GOPALGANJ UP,Ongoing Not Active,27,203.52,254.53,1.61,0.62
N22000132,BHOJIPUR TANAKPUR VIA PILIBHIT (NORTH EASTERN RAILWAY),Ongoing Not Active,19,18.19,28.96,1.43,2.15
N22000133,AUNRIHAR MANDUADIH GAZIPUR VARANASI UP,Ongoing Not Active,19,35.03,33.21,2.6,2.28
N22000135,EAST WEST METRO CORRIDOR FROM HOWRAH MAIDAN TO SALT LAKE (MRTP ),Ongoing Not Active,35,2170.58,2204.21,18.96,18.77
N22000136,KAPILVASTU-BASTI VIA BANSI SIDHARTHNAGAR BASTI NAUGARH UP (NORTH EASTERN RAILWAY),Ongoing Not Active,28,5.84,10.0,1.78,1.08
N22000137,BANGURGRAM-GURIYA PATCH DOUBLING (NORTH WESTERN RAILWAY),Ongoing Not Active,25,49.99,44.27,1.26,1.59
N22000140,AHMEDABAD-BOTAD (GC) (RAIL VIKAS NIGAM LTD.),Ongoing Not Active,26,257.19,266.09,1.56,1.78
N22000141,Rail Vikas Nigam Ltd. DHASA-JETALSAR (GC),Ongoing Not Active,27,116.24,118.68,2.54,2.8
N22000144,PALANPUR-SAMAKHAYALI (DL) (RAIL VIKAS NIGAM LTD.),Ongoing Not Active,30,346.57,380.27,1.51,1.81
N22000145,VIRAMGAM-SAMAKHIALI (DL) (WESTERN RAILWAY),Ongoing Not Active,26,153.96,148.41,4.06,3.74
N22000146,VIRAMGAM-SURENDRANAGAR (DL) (WESTERN RAILWAY),Ongoing Not Active,16,6.24,11.47,2.3,1.92
N22000147,RATLAM-DUNGARPUR VIA BANSWARA (NL),Ongoing Not Active,26,204.49,268.8,3.02,1.61
N22000149,THIYAT HAMIRA-SANU (NORTH WESTERN RAILWAY),Ongoing Not Active,25,35.33,31.34,8.05,5.95
N22000150,AJMER-KOTA (NASIRABAD-JAUNDRI),Ongoing Not Active,26,75.32,70.04,1.85,1.2
N22000152,"MAVLI JUNCTION-BARI SADRI, MM OF AJMER- CHITTSURGARH- UDAIPUR (NORTH WESTERN RAILWAY)",Ongoing Not Active,26,16.3,15.44,1.41,1.54
N22000153,RATANGARH-SARDARSAHAR (MM OF SADULPUR-BIKANER AND RATANGARH-DEGANA GC) (NORTH WESTERN RAILWAY),Ongoing Not Active,14,8.54,14.47,2.4,1.78
N22000154,GURIYA-MARWAR AND KARJODA-PALANPUR (NORTH WESTERN RAILWAY),Ongoing Not Active,13,7.04,5.45,1.5,1.66
N22000156,RANI-MARWAR JN. PATCH DOUBLING (NORTH WESTERN RAILWAY),Ongoing Not Active,17,12.93,18.19,1.34,1.91
N22000157,ALWAR-BANDIKUI DOUBLING (NORTH WESTERN RAILWAY),Ongoing Not Active,25,97.14,88.27,4.37,5.9
N22000158,DHOLPUR-SIRMUTTRA WITH EXTENSION TO GANGAPURCITY AND MOHARI- TANTPUR AND TANPUR-BANSI PAHARPUR (NCR ),Ongoing Not Active,36,988.16,701.19,18.4,23.2
N22000159,BOWAICHANDI-ARAMBAGH,Ongoing Not Active,26,36.33,64.09,1.19,1.18
N22000160,"SER,ODISHA DIGHA-JALESWAR INCLUDING MM FOR DIGHA-EGRA",Ongoing Not Active,26,142.96,132.0,24.82,19.38
N22000161,BHADUTOLA-JHARGRAM VIA LALGARH (NL) (SOUTH EASTERN RAILWAY),Ongoing Not Active,18,94.44,85.86,1.66,1.7
N22000162,CHAMPAJHARAN-BIMALGARH DOUBLING EXTENSION (SOUTH EASTERN RAILWAY),Ongoing Not Active,26,31.69,31.72,8.61,7.44
N22000163,TAMLUK-BASULYA-SUTAHATA DOUBLING,Ongoing Not Active,14,13.19,8.81,2.9,0.26
N22000164,DANGOAPOSI-RAJKHARSWAN 3RD LINE DOUBLING (SOUTH EASTERN RAILWAY),Ongoing Not Active,18,20.1,13.21,7.6,7.99
N22000165,MANOHARPUR-BONDAMUNDA 3RD LINE DOUBLING,Ongoing Not Active,25,13.92,29.83,2.96,2.27
N22000166,Expenditure (Rs. crore) ARA-BHABHUA ROAD (NL) (EAST CENTRAL RAILWAYS),Ongoing Not Active,26,13.21,4.96,1.83,0.89
N22000167,s NAWADA-LAXMIPUR (NL),Ongoing Not Active,26,26.51,12.29,1.83,0.89
N22000168,GAYA-DALTONGANJ VIA RAFIGANJ (NL),Ongoing Not Active,26,9.78,8.73,1.76,0.82
N22000169,GAYA-CHATRA (NL),Ongoing Not Active,26,4.14,1.71,1.78,0.9
N22000170,BIHTA-AURANGABAD (NL) (EAST CENTRAL RAILWAYS),Ongoing Not Active,27,448.71,712.69,2.25,0.86
N22000172,s CHHAPRA-MUZAFFARPUR (NL),Ongoing Not Active,27,149.27,189.44,1.07,1.16
N22000173,s DARBANGHA-KUSHESHWARSTHAN (NL),Ongoing Not Active,26,19.88,22.2,2.38,2.04
N22000174,MOTIHARI-SITAMARHI (NL),Ongoing Not Active,26,125.14,143.0,2.65,0.8
N22000175,SITAMARHI-JAYNAGAR-NIRMALI VIA SURSAND (NL) (EAST CENTRAL RAILWAYS),Ongoing Not Active,26,92.39,118.38,1.86,1.14
N22000176,MUZAFFARPUR-KATRA-ORAI-JANAKPUR ROAD (NL),Ongoing Not Active,26,26.01,25.74,1.03,0.59
N22000178,KURSELA-BIHARIGANJ (NL),Ongoing Not Active,26,21.24,21.21,1.56,0.42
N22000179,MUZAFFARPUR-DARBANGHA (NL),Ongoing Not Active,26,12.13,21.92,1.76,0.89
N22000180,SAKRI-NIRMALI AND JHANJHARPUR- LAUKAHABAZAR AND SAHARSA-FORBESGANJ (GC) (ECR),Ongoing Not Active,34,235.59,98.68,101.56,52.45
N22000182,HAJIPUR-RAMDAYALUNAGAR DOUBLING (EAST CENTRAL RAILWAYS),Ongoing Not Active,25,29.25,17.11,2.26,3.14
N22000183,North East Frontier Railway 157 NEW BONGAIGAON-RANGIA-KAMAKGHYA DOUBLING,Ongoing Not Active,35,266.31,261.49,12.23,10.62
N22000184,ATTIPPATTU PUTTUR,Ongoing Not Active,24,215.89,242.26,23.33,23.29
N22000185,CHENNAI-CUDDALORE VIA MAMALLAPURAM,Ongoing Not Active,26,180.27,213.18,1.29,0.63
N22000186,SRIPERUMBUDUR-GUDUVANCHERY WITH SPUR TO IRUNGATTUKKOTTAI-AVADI-SRIPERUMBUDUR (SOUTHERN RAILWAY),Ongoing Not Active,27,104.44,127.76,1.77,1.63
N22000189,VILLUPURAM-DINDIGUL WITH ELECTRIFICATION (RAIL VIKAS NIGAM LTD.),Ongoing Not Active,15,94.12,101.1,1.57,1.88
N22000190,KURUPPANTHARA-CHINGAVANAM (SOUTHERN RAILWAY),Ongoing Not Active,27,45.77,43.71,1.73,1.56
N22000191,KUMBALAM-TURAVUR (SOUTHERN RAILWAY),Ongoing Not Active,27,96.0,99.21,2.15,1.63
N22000193,North East Frontier Railway NEW BG LINE FROM KALIYAGANJ TO BUNIADPUR,Ongoing Not Active,26,5.77,10.31,1.43,1.41
N22000196,DIMAPUR-TIZIT NL (NORTH EAST FRONTIER RAILWAY),Ongoing Not Active,27,26.26,80.97,3.14,1.76
N22000197,NEW COOCHBEHAR TO SAMUKTALA (NORTH EAST FRONTIER RAILWAY),Ongoing Not Active,15,72.33,91.63,2.03,1.94
N22000198,NEW COOCHBEHAR-GUMANIHAT PATCH DOUBLING PROJECT (NORTH EAST FRONTIER RAILWAY),Ongoing Not Active,17,64.24,62.64,1.92,2.1
N22000199,ERODE-PALANI,Ongoing Not Active,26,124.91,115.22,4.54,1.56
N22000201,MADURAI-BODINAYAKKANUR (SOUTHERN RAILWAY),Ongoing Not Active,28,54.36,38.5,2.14,5.83
N22000202,CHENGALPATTU-VILLUPURAM DOUBLING WITH NEW MM FOR TAMBARAM-CHENGALPATTU 3RD LINE GC ALONWITH ELECTRIF (SOUTHERN RAILWAY),Ongoing Not Active,19,39.99,34.53,4.4,4.06
N22000203,CHENGANNUR-CHINGAVANAM (SOUTHERN RAILWAY),Ongoing Not Active,18,7.02,16.24,2.28,2.0
N22000204,ERNAKULAM-KUMBALAM (SOUTHERN RAILWAY),Ongoing Not Active,27,38.65,43.02,1.66,0.5
N22000205,NEW BG LINE FROM BYRNIHAT TO SHILLONG (NFR ),Ongoing Not Active,34,2448.31,2818.84,4.22,8.08
N22000210,AMBARI FALAKATA TO NEW MAYNAGURI (NORTH EAST FRONTIER RAILWAY),Ongoing Not Active,25,63.91,61.93,2.19,2.0
N22000211,LUMDING-HOJAI PATCH DOUBLING PROJECT (NORTH EAST FRONTIER RAILWAY),Ongoing Not Active,18,53.13,56.98,1.92,2.18
N22000212,CIRCULAR RAILWAY INCLUDING REMOUNT ROAD TO SANTOSHPUR (METROPOLITAN RAPID TRANSPORT PROJECTS),Ongoing Not Active,27,55.42,47.02,11.02,11.2
N22000213,MULTI MODAL TRANSPORT SYSTEM(MMTS) PHASE-II HYDERABAD,Ongoing Not Active,32,153.19,155.22,21.94,19.69
N22000214,RUNNING OF 12 CAR TRAINS ON HARBOUR LINE (METROPOLITAN RAPID TRANSPORT PROJECTS),Ongoing Not Active,26,3.88,6.0,3.07,1.66
N22000217,"SULTANGANJ-KATURIA VIA ASARGANJ, TARAPUR AND BELHAR",Ongoing Not Active,26,96.86,125.19,1.56,1.8
N22000218,HANSNABAD-HINGALGANJ NEW BG LINE,Ongoing Not Active,26,13.74,13.7,1.19,0.51
N22000220,PLASSEY-JIAGANJ DOUBLING (EASTERN RAILWAYS),Ongoing Not Active,16,16.52,12.13,2.3,1.88
N22000221,BANDEL-BOINCHI 3RD LINE (EASTERN RAILWAYS),Ongoing Not Active,30,46.61,66.47,2.49,4.73
N22000222,PIRPAINTI-BHAGALPUR (EASTERN RAILWAYS),Ongoing Not Active,25,28.84,28.85,1.48,3.39
N22000225,"CHINPAI-SAINTHIA DOUBLING, MM FOR PRANTI-SURI, CHOWRIGACHA-SAINTHIA VIA KANDI NL",Ongoing Not Active,26,104.84,102.3,13.32,13.33
N22000227,KALINARAYANPUR-SHANTIPUR DOUBLING WITH NEW MM FOR RANAGHAT- DUTTAPHULIA NEW LINE,Ongoing Not Active,26,34.41,28.57,1.26,0.4
N22000228,SONDALIA-CHAMPAPUKUR DOUBLING WITH NEW MM FOR BIRA- CHAKIA NL (EASTERN RAILWAYS),Ongoing Not Active,27,23.72,21.53,15.63,12.09
N22000229,"DANKUNI-CHANDANPUR 4TH LINE, 1ST PHASE OF DANKUNI- SHAKTIGARH 4TH LINE WITH MM BARUIPARA FURFURA NL (EASTERN RAILWAYS)",Ongoing Not Active,31,243.3,262.87,9.02,6.9
N22000230,HOWRAH DIVISION- PLATFORM SHELTER (40 C CATEGORY STATIONS) (EASTERN RAILWAYS),Ongoing Not Active,26,53.55,49.24,3.08,2.63
N22000234,"BARIARPIUR-MANANPURVIA KHARAGPUER, LACHIMPUR-BARAHAT",Ongoing Not Active,26,45.84,56.52,1.88,2.67
N22000235,TARAKESHWAR-MAGRA NEW BG LINE,Ongoing Not Active,26,1.29,7.74,1.16,0.85
N22000236,HANSDIHA-GODDA NL (EASTERN RAILWAYS),Ongoing Not Active,25,47.94,45.46,0.77,1.17
N22000237,SAINTHIA-TARAPITH 3RD LINE (EASTERN RAILWAYS),Ongoing Not Active,16,18.83,13.89,2.12,1.81
N22000238,BOINCHI-SHAKTIGARH 3RD LINE (EASTERN RAILWAYS),Ongoing Not Active,30,44.86,78.07,1.39,3.68
N22000239,PRINCEPGHAT-MAJERHAT DOUBLING OF CIRCULAR RAILWAY,Ongoing Not Active,26,14.01,18.82,6.83,4.54
N22000240,"NEW ALIPUR TO AKRA, MM FOR BUDGE BUDGE-PUJALI NL, PUJALI-ULUBERIA(BIRSHIVPUR) AND PUJALI-BAHRAHAT NL(EASTERN RAILWAYS)",Ongoing Not Active,26,1.98,32.75,64.02,59.99
N22000242,CHANDPARA-BANGAON DOUBLING WITH EXENSION TO CHANDBAZAR AND NEW MM FOR BONGAON-PORAMAHESHTALA & CHAND,Ongoing Not Active,26,19.67,21.26,92.81,32.58
N22000243,MAGRAHAT-DIAMOND HARBOUR WITH MM SANGRAMPUR-KRISHANCHANDPUR AND DIAMOND HATBOUR - BAHRAHAT-KULPI NL,Ongoing Not Active,26,74.11,66.66,30.47,26.24
N22000244,"LILUAH-DANKUNI 3RD LINE, MM FOR DANKUNI-JONGALPARA- FURFURA SHARIF NL (EASTERN RAILWAYS)",Ongoing Not Active,20,15.65,13.54,24.23,15.77
N22000245,KATWA-PATULI DOUBLING WITH NEW MM FOR AHMEDPUR-KATWA GC (EASTERN RAILWAYS),Ongoing Not Active,16,67.02,61.71,2.75,1.84
N22000246,Nabadwipdham-Patuli doubling,Ongoing Not Active,4,23.87,17.35,0.74,0.5
N22000247,s 3RD LINE BETWEEN BHUSAWAL-JALGAON,Ongoing Not Active,26,26.88,41.36,2.53,5.06
N22000248,SANTOSHPUR-REMOUNT ROAD VIA GARDEN REACH- METIABRUZE (EASTERN RAILWAYS),Ongoing Not Active,18,9.57,10.06,1.93,1.84
N22000249,HOWRAH-DEVELOPMENT OF STATION INCLUDING SEGRAGATION OF AARIVAL/DEPARTURE AND OTHER AMENITIES (EASTERN RAILWAYS),Ongoing Not Active,26,33.16,33.26,1.22,0.42
N22000254,PEN ROHA DOUBLING (CENTRAL RAILWAYS),Ongoing Not Active,14,60.87,7.67,1.54,1.79
N22000255,PANVEL PEN DOUBLING (CENTRAL RAILWAYS),Ongoing Not Active,14,11.84,12.11,1.61,1.69
N22000257,MUNIRABAD (GINGERA) -RAICHUR NL (SOUTH WESTERN RAILWAY),Ongoing Not Active,18,81.83,10.46,1.64,2.52
N22000260,Kondapalli-Kothagudem,Ongoing Not Active,9,13.21,19.24,0.55,0.59
N22000263,AKOLA-KHANDWA GC AKOLA-AKOT (SOUTH CENTRAL RAILWAY),Ongoing Not Active,10,284.53,212.86,1.74,1.38
N22000265,GUDUR-DURGARAJAPATNAM (SOUTH CENTRAL RAILWAY),Ongoing Not Active,25,15.36,1.56,2.12,1.51
N22000267,MEERUT-MUZAFARNAGAR PATCH DL (NORTHERN RAILWAY),Ongoing Not Active,18,7.61,7.76,1.99,1.86
N22000268,MANSA-BHATINDA PH-1 INCLUDING MM FOR RAMA MANDI(RAMAN)-MAUR MANDI VIA TALWANDI SABOO NL (NORTHERN RAILWAY),Ongoing Not Active,18,12.3,9.11,2.37,1.88
N22000270,"FAIZABAD-LALGANJ VIA AKBARGANJ, MAHARAJGANJ AND RAEBARELI (NORTHERN RAILWAY)",Ongoing Not Active,18,9.35,6.17,1.47,1.61
N22000271,DELHI-SOHNA-NUH-FIROZPUR-JHIRKA-ALWAR (NORTHERN RAILWAY),Ongoing Not Active,18,27.16,24.42,1.58,1.61
N22000272,ROHTAK-MEHAM HANSI (NORTHERN RAILWAY),Ongoing Not Active,31,217.39,214.1,24.31,30.7
N22000273,BHANUPALI-BILASPUR BERI NL (RVNL ),Ongoing Not Active,36,1529.35,1541.51,9.51,23.66
N22000274,DEOBAND (MUZAFFARNAGAR)- ROORKEE NL (NR ),Ongoing Not Active,36,120.23,121.89,2.49,5.59
N22000276,CHIKBALLA-PUR-PUTTTAPARTHY-SRI SATYA SAI NILAYAM NL (SOUTH WESTERN RAILWAY),Ongoing Not Active,27,38.18,36.18,1.21,1.23
N22000277,SRINIVASA-PURA-MADANAPALLI NL (SOUTH WESTERN RAILWAY),Ongoing Not Active,27,46.19,54.18,1.18,1.13
N22000278,SHIMOGA-HARIHAR NL (SWR),Ongoing Not Active,33,54.21,59.62,34.96,30.76
N22000280,WHITE FIELD-KOLAR NL (SOUTH WESTERN RAILWAY),Ongoing Not Active,27,32.28,29.25,1.68,1.43
N22000283,MUDKHED-PARBHANI (SOUTH CENTRAL RAILWAY),Ongoing Not Active,10,0.45,2.61,1.3,1.28
N22000285,AKKANNAPET-MEDAK (SOUTH CENTRAL RAILWAY),Ongoing Not Active,3,,,,
N22000289,HARIDWAR-LAKSAR (NORTHERN RAILWAY),Ongoing Not Active,25,3.47,9.2,27.68,35.12
N22000290,AMBALA CANTT-DHAPPER PH-1 WITH NEW MM OF DHAPPER- CHANDIGARH (NORTHERN RAILWAY),Ongoing Not Active,18,2.78,3.92,2.25,1.89
N22000291,JAKHAL-MANSA DOUBLING ON SPR SECTION (NORTHERN RAILWAY),Ongoing Not Active,18,35.66,29.15,2.21,1.75
N22000292,HISSAR-SIRSA VIA AGROHA AND FATEHABAD (NORTHERN RAILWAY),Ongoing Not Active,18,4.07,2.59,1.4,1.61
N22000293,YAMUNANAGAR-CHANDIGARH VIA SADHAURA NARAYANGARH (NORTHERN RAILWAY),Ongoing Not Active,18,3.39,7.27,1.58,1.61
N22000294,Unchahar-Amethi,Ongoing Not Active,26,146.14,143.72,2.84,2.63
N22000295,QADIAN-BEAS,Ongoing Not Active,26,63.58,110.92,1.25,1.18
N22000296,CHANDIGARH-BADDI NL (NORTHERN RAILWAY),Ongoing Not Active,18,170.3,145.25,1.75,1.45
N22000298,TORANAGALLU-RANJITPURA DL,Ongoing Not Active,23,34.8,35.02,1.2,1.12
N22000300,CHIKBALLA-PUR-GOWRIBIDANUR NL (SOUTH WESTERN RAILWAY),Ongoing Not Active,27,21.7,24.95,1.18,1.13
N22000301,MONIGRAM- NIMTITA,Ongoing Not Active,32,65.06,66.8,1.35,2.3
N22000302,BAZAR SAU -AZIMGANJ JN. DOUBLING (EASTERN RAILWAYS),Ongoing Not Active,30,21.66,25.51,1.44,1.22
N22000304,JAGGAYYAPET - MELLACHERUVU (SOUTH CENTRAL RAILWAY),Ongoing Not Active,14,39.67,39.73,63.09,77.03
N22000305,MM FROM BURAMARA-CHAKULIA (SOUTH EASTERN RAILWAY),Ongoing Not Active,17,114.66,115.21,106.55,120.0
N22000309,MM FROM PANSKURA-GHATAL NL (SOUTH EASTERN RAILWAY),Ongoing Not Active,18,51.69,29.53,112.62,126.76
N22000313,VIJAYWADA-GUDUGOLANU-BHIMAVARAM-NARSAPUR DL (221 KM) (RAIL VIKAS NIGAM LTD.),Ongoing Not Active,28,773.81,728.26,2.07,1.85
N22000315,SAMBALPUR-TALCHER DOUBLING (EAST COAST RAILWAY),Ongoing Not Active,29,152.44,156.92,11.52,12.46
N22000319,SAMBALPUR - ANGUL RLY. ELECTRIFICATION (EAST COAST RAILWAY),Ongoing Not Active,24,12.26,17.87,2.37,2.21
N22000320,DELANG-PURI DOUBLING (EAST COAST RAILWAY),Ongoing Not Active,12,6.21,6.02,3.63,3.89
N22000321,GHAZIPUR - AUNRIHAR (40 KM) (NORTH EASTERN RAILWAY),Ongoing Not Active,21,11.07,17.67,1.53,1.23
N22000322,THANJAVUR - PONMALAI DOUBLING (46.96 KM) WITH BYE-PASS LINE BEFORE PONMALAI (1.13 KM) (RAIL VIKAS NIGAM LTD.),Ongoing Not Active,11,9.73,21.54,1.68,1.95
N22000323,RAJKHARSWAN- CHAKRADHARPUR 3RD LINE (20 KM) JHARKHAND (SOUTH EASTERN RAILWAY),Ongoing Not Active,21,87.26,68.55,1.43,0.96
N22000324,Expenditure (Rs. crore) HOSADURGA - CHICKJAJUR (28.89 KM) (SOUTH WESTERN RAILWAY),Ongoing Not Active,10,24.65,30.36,1.97,1.65
N22000326,PHULERA - DIGANA DOUBLING (NWR),Ongoing Not Active,28,76.02,79.37,10.6,8.78
N22000327,MIRAJ-LONDA,Ongoing Not Active,13,24.44,0.62,1.45,1.36
N22000328,YELAHANKA-PENUKONDA,Ongoing Not Active,22,118.24,110.11,3.49,3.43
N22000330,AJMER(NASIRABAD)- SAWAI MADHOPUR (CHAUTH KA BARWARA) VIS TONK NL,Ongoing Not Active,21,225.79,168.62,1.64,1.56
N22000331,ROHTAK - BHIWANI DOUBLING (NORTH WESTERN RAILWAY),Ongoing Not Active,9,4.07,2.35,0.07,0.4
N22000334,Expenditure (Rs. crore) HAJIPUR - BACHAWARA (EAST CENTRAL RAILWAYS),Ongoing Not Active,25,109.99,116.77,1.39,1.55
N22000346,Dedicated Freight Corridor Corporation Of India Ltd EASTERN DEDICATED FREIGHT CORRIDOR PROJECT,Ongoing Not Active,23,13170.26,15803.31,3.25,5.81
N22000347,ROSA-SITAPUR CANTT-BURHWAL DOUBLING,Ongoing Not Active,24,325.0,384.96,4.48,4.72
N22000349,KIUL - GAYA DOUBLING PROJECT (ECR ),Ongoing Not Active,26,83.83,99.41,7.62,7.93
N22000353,INDORE - MANMAD VIA MALEGAON (368 KM) (CENTRAL RAILWAYS),Ongoing Not Active,18,553.31,613.72,1.32,1.97
N22000354,PUNE-NASIK (265 KM) (CENTRAL RAILWAYS),Ongoing Not Active,18,707.06,648.12,1.25,1.68
N22000355,s VAIBHAVWADI -KOLHAPUR (107 KM),Ongoing Not Active,18,291.78,300.2,1.31,1.73
N22000359,"Total 2,853.29 - 2,599.00 1,818.52 RAILWAYS Central Railways 131 PUNE-MIRAJ-LONDA (467 KM)",Ongoing Not Active,27,934.01,878.29,3.8,6.0
N22000366,DUVVADA-VIJAYAWADA (SOUTH CENTRAL RAILWAY),Ongoing Not Active,17,14.83,40.3,2.19,1.67
N22000370,GOOTY-DHARMAVARAM-BANGLORE (RAIL INDIA TECHNICAL AND ECONOMIC SERVICE),Ongoing Not Active,16,1.86,1.87,1.52,1.59
N22000372,MATHURA-PLWAL 4TH LINE (80KM) (NORTH CENTRAL RAILWAY),Ongoing Not Active,16,46.35,50.46,9.38,9.23
N22000373,Expenditure (Rs. crore) OMALUR-METTURDAM- DOUBLINGWITH ELCTRIFICATION 28.93KM (SOUTHERN RAILWAY),Ongoing Not Active,11,71.28,60.03,40.14,41.32
N22000382,HARMUTI-NAHARLAGUN (NORTH EAST FRONTIER RAILWAY),Ongoing Not Active,5,15.99,6.96,1.46,1.47
N22000385,LUMDING-DIBRUGARH (628 KM) INCL. LINK BRANCH LINES OF HAIBARGAON-MAIRABARI (89 KM) (NORTH EAST FRONTIER RAILWAY),Ongoing Not Active,5,12.09,7.5,3.67,0.6
N22000386,RANGIA-MURKONGSELEK ALONG WITH LINKED FINGERS (NORTH EAST FRONTIER RAILWAY),Ongoing Not Active,5,351.42,195.87,7.98,0.95
N22000387,NEW GUWAHATI-DIGARU-PATCH DOUBLING (NORTH EAST FRONTIER RAILWAY),Ongoing Not Active,5,22.69,13.17,3.63,1.73
N22000389,land acquisition. North East Frontier Railway DIGARU-HOJAI (102 KM),Ongoing Not Active,18,329.8,255.56,2.68,2.84
N22000390,NEW MAYNAGURI-GUMANIHAT-DOUBLING OF REMAINING PORTION (51.65 KM) (NORTH EAST FRONTIER RAILWAY),Ongoing Not Active,17,597.84,592.08,2.57,3.53
N22000392,SURENDRA NAGAR RAJKOT (WESTERN RAILWAY),Ongoing Not Active,21,14.92,17.2,0.78,1.26
N22000395,ROURKELA JHARSUGUDA THIRD LINE 101 KM (SOUTH EASTERN RAILWAY),Ongoing Not Active,21,198.67,192.73,2.36,1.94
N22000400,TURAVUR- AMBALAPUZHA DOUBLING (SR ),Ongoing Not Active,25,627.34,634.06,10.22,11.51
N22000401,VARANASI- MODHOSINGH- ALLAHABAD DOUBLING (RVNL ),Ongoing Not Active,26,205.8,196.83,10.99,10.31
N22000403,SECUNDERABAD-MAHABUBNAGAR DOUBLING (RAIL VIKAS NIGAM LTD.),Ongoing Not Active,18,36.24,17.78,8.03,8.45
N22000404,"LUCKNOW- PILIBHIT VIA SITAPUR, LAKHIMPUR GC",Ongoing Not Active,23,204.27,233.45,5.65,2.9
N22000405,MAU-GHAZIPUR-TARIGHAT NEW LINE,Ongoing Not Active,23,167.45,163.41,1.68,3.07
N22000407,DAUND-GULBARGA - DOUBLING (224.9 KM) AND PUNE-GUNTAKAL - ELECTRIFICATION (641.37 KM) (RAIL VIKAS NIGAM LTD.),Ongoing Not Active,21,574.48,673.71,5.67,8.73
N22000408,DIGHI PORT NEW LINE (RAIL VIKAS NIGAM LTD.),Ongoing Not Active,18,5.08,13.32,2.89,3.49
N22000410,SAMBALPUR - TITLAGARH - DOUBLING (RAIL VIKAS NIGAM LTD.),Ongoing Not Active,21,385.47,354.39,4.91,3.71
N22000411,RAIPUR - TITLAGARH - DOUBLING (RAIL VIKAS NIGAM LTD.),Ongoing Not Active,21,34.21,54.1,4.34,3.81
N22000412,BANASPANI- JAKHPURA - DOUBLING,Ongoing Not Active,23,243.03,271.4,5.01,4.36
N22000413,BHIMSEN - JHANSI DOUBLING WITH ELECTRIFICATION (RAIL VIKAS NIGAM LTD.),Ongoing Not Active,21,409.46,458.96,2.79,2.47
N22000414,BINA - KOTA DOUBLING WITH RE (RAIL VIKAS NIGAM LTD.),Ongoing Not Active,21,130.88,143.44,2.73,2.72
N22000418,EXECUTION OF RAIL CONNECTIVITY PROJECT FOR COAL TRANSPORTATION IN ODISHA FOR MCRL (IRCON ),Ongoing Not Active,24,247.07,302.51,17.06,14.81
N22000421,MULTI MODAL LOGISTICS PARK AT KATHUWAS (CONTAINER CORPORATION OF INDIA),Ongoing Not Active,16,7.81,6.89,6.73,10.1
N22000422,MULTI MODAL LOGISTICS TRANSPORT AT MIHAN (CONTAINER CORPORATION OF INDIA),Ongoing Not Active,16,8.26,0.98,6.67,8.89
N22000423,MULTI MODAL LOGISTICS PARK AT SWARUPGANJ,Ongoing Not Active,4,10.23,13.17,1.0,1.05
N22000424,MULTI MODAL LOGISTICS PARK AT VISHAKHAPATNAM (CONTAINER CORPORATION OF INDIA),Ongoing Not Active,16,36.1,37.62,10.47,13.12
N22000425,MULTI MODAL LOGISTICS PARK AT NAYA RAIPUR (CONTAINER CORPORATION OF INDIA),Ongoing Not Active,16,12.3,10.16,2.28,1.93
N22000426,MULTI MODAL LOGISTICS PARK AT BARHI (CONTAINER CORPORATION OF INDIA),Ongoing Not Active,16,3.0,5.07,6.3,8.87
N22000427,Container Corporation Of India 100 MULTI MODAL LOGISTICS PARK AT TIHI,Ongoing Not Active,16,23.11,16.03,2.02,4.31
N22000428,Container Corporation Of India MULTI MODAL LOGISTICS PARK AT VARNAMA,Ongoing Not Active,21,1.44,7.96,3.08,2.09
N22000431,MULTI MODAL LOGISTICS PARK AT KAKINADA (CONTAINER CORPORATION OF INDIA),Ongoing Not Active,19,7.72,8.51,3.68,3.63
N22000432,MANMAD-PARBHANI-NANDED-SECUNDERABAD- GADWAL-DHONE- GUNTAKAL - TRAIN COLLISION AVOIDANCE SYSTEM (958 K (SCR),Ongoing Not Active,21,22.96,19.48,2.15,3.09
N22000433,GANDHINAGAR REDEVELOPMENT OF STATION ALOGWITH CONSTRUCTION OF 300 ROOMS HOTEL ON AIR SPACE OF STATIO (WESTERN RAILWAY),Ongoing Not Active,11,14.14,7.03,0.65,1.0
N22000435,VIRAR SURAT ROAD OVER BRIDGE IN LIEU OF LEVEL CROSSING NOS 42 46A 48 52 55 102 106 108 130 AND 137 A(WESTERN RAILWAY),Ongoing Not Active,19,95.22,105.94,1.91,1.54
N22000436,VIRAR SURAT ROAD OVER BRIDGE IN LIEU OF LEVEL CROSSING NOS 60 64 66 68 69 71 74 75 77 81 AND 82 ALON(WESTERN RAILWAY),Ongoing Not Active,19,154.28,166.57,5.96,6.72
N22000437,PALANPUR KHODIYAR ROAD OVER BRIDGE IN LIEU OF LEVEL CROSSING NOS 208 211C 214 AND 220 (WESTERN RAILWAY),Ongoing Not Active,13,39.32,33.43,1.68,1.68
N22000438,CHHINDWARA NAINPUR MANDLA FORT GAUGE CONVERSION PROJECT (SOUTH EAST CENTRAL RAILWAY),Ongoing Not Active,13,137.92,105.16,2.99,1.36
N22000443,PALAKKAD - SETTING UP OF RAIL COACH FACTORY (SOUTHERN RAILWAY),Ongoing Not Active,13,5.5,4.51,2.77,1.72
N22000445,Expenditure (Rs. crore) TRANSMISSION LINE BETWEEN CHENNAI-HOWRAH ROUTE (1662 KM) (SOUTHERN RAILWAY),Ongoing Not Active,12,49.9,54.58,1.78,0.39
N22000446,VILLUPURAM - KATPADI (161 KM) GAUGE CONVERSION (SOUTHERN RAILWAY),Ongoing Not Active,4,10.41,10.56,3.43,0.65
N22000449,MANIYACHI - NAGERCOIL (102 KM) DOUBLING,Ongoing Not Active,18,160.39,173.5,2.11,1.78
N22000450,MADURAI-DINDIGUL (INCL. AMBADUTURAI-KODAIKANNAL ROAD) (62.05 KM) DOUBLING (SOUTHERN RAILWAY),Ongoing Not Active,4,7.88,18.37,2.68,5.91
N22000451,MADURAI - MANIYACHI - TUTICORIN (160 KM) DOUBLING (RAIL VIKAS NIGAM LTD.),Ongoing Not Active,17,338.72,432.26,2.32,1.76
N22000453,MANAMADURAI - VIRUDHUNAGAR (66.55 KM) GAUGE CONVERSION. (SOUTHERN RAILWAY),Ongoing Not Active,4,20.61,12.65,2.41,0.78
N22000454,MULANTURUTTI - KURUPPANTARA (24 KM) DOUBLING. (SOUTHERN RAILWAY),Ongoing Not Active,4,20.52,8.9,1.82,0.47
N22000456,INDARA - DOHRIGHAT GAUGE CONVERSION. (NORTH EASTERN RAILWAY),Ongoing Not Active,15,14.54,14.41,22.69,30.44
N22000457,BAHRAICH - MAILANI GAUGE CONVERSION INCLUDING BY-PASS AT MAILANI. (NORTH EASTERN RAILWAY),Ongoing Not Active,12,99.09,131.27,2.41,0.32
N22000459,NANPARA - NEPALGANJ GAUGE CONVERSION. (NORTH EASTERN RAILWAY),Ongoing Not Active,17,70.73,82.03,24.6,20.57
N22000460,PADRAUNA - KUSHINAGAR VIA GORAKHPUR - NEW LINE (NORTH EASTERN RAILWAY),Ongoing Not Active,12,45.43,39.68,3.2,4.62
N22000461,PILIBHIT - SHAHJAHANPUR GAUGE CONVERSION (NORTH EASTERN RAILWAY),Ongoing Not Active,10,51.38,58.13,1.33,1.97
N22000462,ETAH - KASGANJ - NEW LINE,Ongoing Not Active,12,1.49,0.81,2.33,2.01
N22000464,WESTERN DEDICATED FREIGHT CORRIDOR (DFCC ),Ongoing Not Active,21,2253.32,3893.75,12.21,14.59
N22000465,GARHWA ROAD-RAMNA (EAST CENTRAL RAILWAYS),Ongoing Not Active,11,17.15,17.09,0.58,1.22
N22000466,JODHPUR (RAI KA BAGH) - DEGANA DOUBLING (145 KM) (NORTH WESTERN RAILWAY),Ongoing Not Active,15,3.38,6.46,0.91,1.71
N22000469,AUNRIHAR - JAUNPUR PATCH DOUBLING . (NORTH EASTERN RAILWAY),Ongoing Not Active,15,154.12,147.59,3.55,3.56
N22000470,"SHAHGANJ-BHATNI-PHEPHNA-INDARA, MAU- SHAHGANJ (EXCL. MAU-INDARA) PATCH DOUBLING. (NER )",Ongoing Not Active,22,234.69,231.1,29.71,26.79
N22000481,CHHINDWARA-MANDLA FORT GC (SOUTH EAST CENTRAL RAILWAY),Ongoing Not Active,3,,,,
N22000482,KENDRI-DHAMTARI INCLUDING ABHANPUR-RAJIM (SOUTH EAST CENTRAL RAILWAY),Ongoing Not Active,3,,,,
N22000483,CHAMPA-JHARSUGUDA 3RD LINE (SOUTH EAST CENTRAL RAILWAY),Ongoing Not Active,9,173.98,169.99,7.1,6.79
N22000488,GEVRA ROAD PENDRA ROAD (Indian Railway Construction Company Limited),Ongoing Not Active,15,1325.18,1508.32,1.47,2.85
N22000492,JALANDHAR-PATHANKOT-JAMMU TAWI (NORTHERN RAILWAY),Ongoing Not Active,12,41.21,25.61,117.22,56.8
N22000493,INDORE-DEWAS-UJJAIN (80 KMS),Ongoing Not Active,16,72.75,70.2,11.52,10.13
N22000494,DABHOI-CHANDOD (17.07KM) -GC WITH EXTENSION UPTO KEVADIYA(32.68KM) =49.75KM (WESTERN RAILWAY),Ongoing Not Active,9,152.1,148.91,5.51,5.27
N22000498,CONSTRUCTION OF 3RD LINE BETWEEN PENDRA ROAD AND ANUPPUR (50.1 KM) IN BILASPUR DIVISION OF SEC RAILW (RAIL INDIA TECHNICAL AND ECONOMIC SERVICE),Ongoing Not Active,9,7.26,8.73,13.11,14.92
N22000509,TALGARIA TO BOKARO N/CABIN DOUBLING(38 KM) (SOUTH EASTERN RAILWAY),Ongoing Not Active,6,13.62,28.18,1.44,1.37
N22000515,KALYAN-MURBAD VIA ULHASNAGAR (UMBRELLA WORK) (CR ),Ongoing Not Active,6,547.01,550.2,0.24,1.11
N22000516,"12/2025} 5,200.00 (N.A.) {5,200.00} 0.00 17.4 1239 JEYPORE MALKANGIRI NEW LINE (ECOR )",Ongoing Not Active,6,25.46,12.15,2.59,1.18
N22000518,TALCHER - ANGUL NEW LINE WITH Y CONNECTION AT TALCHER (ECOR ),Ongoing Not Active,6,308.37,314.58,2.29,1.0
N22000519,KODINGAMALI BAUXITE MINES TO SINGARAM RAILWAY STATION (ECOR ),Ongoing Not Active,6,17.31,10.37,6.5,6.39
N22000522,BAGHUAPAL FLY OVER (20 KM) (ECOR ),Ongoing Not Active,6,4.85,4.19,1.02,1.1
N22000526,JHAJHA - BATIA (UMBRELLA WORK PB#23/2018-19/NR) (ECR ),Ongoing Not Active,6,7.99,3.68,8.72,8.09
N22000528,SONENAGAR BYE PASS LINE FROM CHIRALAPOTHU TO BAGHA BISHUNPUR (ECR ),Ongoing Not Active,6,13.67,5.65,6.45,9.31
N22000530,Rampurhat-Murarai (29.48 km)-3rd line ITEM RATE,Ongoing Not Active,2,,,,
N22000531,CHITRA - BASUKINATH (38.30 KM) (ER),Ongoing Not Active,3,,,,
N22000534,MEHSANA-PALANPUR (65.1 KM) (WR ),Ongoing Not Active,4,127.74,76.01,26.32,33.41
N22000537,HIMMATNAGAR- KHEDBRAHMA (54.83 KM) (WR ),Ongoing Not Active,6,8.23,8.04,21.48,21.36
N22000547,VIJAPUR-AMBLIYASAN (41.53 KM) (WR ),Ongoing Not Active,6,1.98,3.32,22.91,22.82
N22000549,KALOL-KADI-KATOSAN ROAD (37.23 KM) (WR),Ongoing Not Active,4,22.81,0.1,5.35,7.86
N22000552,POWARKHEDA - JUJHARPUR - SINGLE LINE FLYOVER IN UP DIRECTION (15.89 KM) (WCR),Ongoing Not Active,4,27.23,36.14,1.31,1.08
N22000556,MALUGUR- PALASAMUDRAM (17.98 KM) (PB#29/NR/2022-23) (SWR ),Ongoing Not Active,6,10.67,16.65,1.35,1.38
N22000560,WHITEFIELD-KOLAR (52.9 KM) (SWR),Ongoing Not Active,3,,,,
N22000567,Chinnasalem-Kallakurichi New Line (MM of cuddalore- Salem 191 KM) (SR),Ongoing Not Active,4,46.97,28.42,181.69,92.38
N22000568,CHENNAI BEACH- CHENNAI EGMORE (4.3 KM) (UMBRELLA WORK PB#57/2019- 20/NR) (SR ),Ongoing Not Active,6,12.6,18.05,4.08,5.95
N22000570,KATIHAR-KUMEDPUR AND KATIHAR-MUKURIA (64.5 KM) (UMBRELLA WORK PB#57/2019- 20/NR) (NFR ),Ongoing Not Active,6,310.04,316.32,8.46,8.35
N22000578,BARABANKI AKBARPUR DOUBLING (NR),Ongoing Not Active,4,8.68,70.67,1.18,1.04
N22000582,JAUNPUR AKBARPUR (TANDA) DOUBLING (NR),Ongoing Not Active,4,63.55,96.23,1.0,1.04
N22000584,LUDHIANA KILA RAIPUR (19 KMS) WITH FREIGHT LINE AT GILL STATION ON LDH- JHL SECTION (NR ),Ongoing Not Active,6,60.66,50.14,3.11,6.34
N22000588,BUDNI-BARKHERA - 3RD LINE (33 KM) Central Sector Projects,Ongoing Not Active,2,,,,
N22000589,LUDHIANA MULLANPUR DOUBLING (NR ),Ongoing Not Active,6,7.0,9.16,2.04,2.24
N22000596,JANGHAI-PHAPHAMAU - DOUBLING WITH ELECTRIFICATION (46.79 KM) (RVNL ),Ongoing Not Active,6,10.39,4.44,3.65,1.42
N22000597,"Total 25,440.91 - RAILWAYS Ahmedabad Metro Rail 37 RAJPURA-BHATINDA",Ongoing Not Active,4,69.88,88.15,1.37,1.11
N22000598,BHATNI - AUNRIHAR WITH ELECTRIFICATION (125 KM) (EXCL INDARA - MAU (116.95 KM)) (RVNL ),Ongoing Not Active,6,59.9,144.08,8.06,5.41
N22000599,3RD LINE BETWEEN DHANBAD SONNAGAR (RVNL ),Ongoing Not Active,6,32.33,123.55,3.1,1.21
N22000600,JUNAGARH - VISAVADAR (42.28) KM (RVNL ),Ongoing Not Active,6,3.19,3.58,14.46,14.36
N22000605,DOUBLING BETWEEN CHURU- RATANGARH (42.81 KM) (NWR ),Ongoing Not Active,6,13.15,11.9,11.23,11.46
N22000610,GARHWA ROAD - RAIL OVER RAIL (ECR ),Ongoing Not Active,6,4.46,16.34,6.41,5.94
N22000612,MATHURA - VRINDAVAN (11 KM) (NCR ),Ongoing Not Active,6,1.39,8.58,0.5,0.39
N22000613,DOMINGARH - GORAKHPUR - GORAKHPUR CANTT - KUSUMHI - 3RD RUNNING LINE (21.15 KM) (NER ),Ongoing Not Active,6,9.95,80.76,52.06,48.96
N22000614,FEROZPUR - PATTI (25.72 KM) (NR ),Ongoing Not Active,6,325.39,352.06,3.79,1.35
N22000616,CHIRIMIRI-NAGPUR HALT (SECR ),Ongoing Not Active,6,128.28,118.81,40.75,40.26
N22000617,FLYOVER AT BILASPUR (KHODRI-ANUPPUR) 10 KM ITEM RATE,Ongoing Not Active,2,,,,
N22000623,NATHDWARA-NEW NATHDWARA NEW LINE ( MM OF AJMER-CHITTAURGARH-UDAIPUR) (WR),Ongoing Not Active,4,31.4,23.73,1.87,1.13
N22000625,KARAIKAL - PERALAM NEW LINE (MM OF TIRUCHCHIRAPPALLI-NAGORE- KARAIKAL) (SR ),Ongoing Not Active,5,67.07,58.03,1.16,4.61
N22000628,Kolkata Metro Rail Corporation Limited 152 EAST WEST METRO CORRIDOR KOLKATA,Ongoing Not Active,5,35.09,224.48,54.93,80.55
N22000630,KALIPAHARI - BAKHTARNAGAR 5TH LINE (17.61 KM) (ER ),Ongoing Not Active,3,,,,
N24000028,SILIGURI TO ISLAMPUR (WB-7) (NATIONAL HIGHWAYS AUTHORITY OF INDIA),Ongoing Not Active,15,17.94,9.75,8.05,2.15
N24000030,RINGBUNDS TO JHAJHANPUR (BR-6)(NATIONAL HIGHWAYS AUTHORITY OF INDIA),Ongoing Not Active,2,,,,
N24000031,JHAJHARPUR TO DARBANGA (BR-7)(NATIONAL HIGHWAYS AUTHORITY OF INDIA),Ongoing Not Active,5,1.32,5.21,2.01,0.38
N24000035,NALBARI TO BIJNI (AS-8) (NATIONAL HIGHWAYS AUTHORITY OF INDIA),Ongoing Not Active,15,20.82,13.57,10.3,10.86
N24000036,SITAPUR-LUCKNOW(NATIONAL HIGHWAYS AUTHORITY OF INDIA),Ongoing Not Active,3,,,,
N24000037,THRISSUR TO ANGAMALI (NH-47)(NATIONAL HIGHWAYS AUTHORITY OF INDIA),Ongoing Not Active,2,,,,
N24000038,GUWHATI TO NALBARI (AS-4) (NATIONAL HIGHWAYS AUTHORITY OF INDIA),Ongoing Not Active,16,26.73,18.32,8.18,9.17
N24000042,NAGAON TO DHARAMTUL (AS-2),Ongoing Not Active,17,10.29,6.81,26.59,32.84
N24000044,SONAPUR TO GUWAHTI (AS-3) (NATIONAL HIGHWAYS AUTHORITY OF INDIA),Ongoing Not Active,32,42.12,37.34,17.2,15.73
N24000045,ASSAM/WB BORDER TO GAIRKATTA (WB-1),Ongoing Not Active,6,15.54,10.44,5.41,7.74
N24000046,GUWAHATI TO NALBARI (AS-5) (NATIONAL HIGHWAYS AUTHORITY OF INDIA),Ongoing Not Active,15,15.64,9.99,6.96,8.95
N24000047,NALBARI TO BIJNI (AS-6),Ongoing Not Active,32,17.59,9.57,14.96,8.64
N24000048,NALBARI T BIJNI (AS-7) (NATIONAL HIGHWAYS AUTHORITY OF INDIA),Ongoing Not Active,31,16.44,16.13,19.96,15.7
N24000049,"DHARAMTUL TO SONAPUR,KM 205-183 (AS-20) (NATIONAL HIGHWAYS AUTHORITY OF INDIA)",Ongoing Not Active,32,29.46,32.5,30.38,32.02
N24000051,DHARAMTUL TO SONAPUR (AS-19) (NATIONAL HIGHWAYS AUTHORITY OF INDIA),Ongoing Not Active,15,20.82,13.57,26.48,29.93
N24000061,"HARANGAJO TO MAIBANG,KM 164.08-190.587 NH-54",Ongoing Not Active,18,32.52,40.8,25.74,23.7
N24000062,"HARANGAJO TO MAIBANG, NH-54 (NATIONAL HIGHWAYS AUTHORITY OF INDIA)",Ongoing Not Active,33,235.72,160.72,45.42,41.52
N24000063,"BRAHMPUTRA BRIDGE,NH NO-31",Ongoing Not Active,32,53.0,57.41,20.51,18.02
N24000068,"CHAMBAL BRIDGE, NH-76 (RJ-5) (NATIONAL HIGHWAYS AUTHORITY OF INDIA)",Ongoing Not Active,23,7.25,4.36,20.69,28.11
N24000088,"GWALIOR BYPSS, NH-75,3 (NATIONAL HIGHWAYS AUTHORITY OF INDIA)",Ongoing Not Active,8,14.13,6.66,1.04,1.6
N24000089,"GWALIOR-JHANSI, NH-75 PPP (ANNUITY)(NATIONAL HIGHWAYS AUTHORITY OF INDIA)",Ongoing Not Active,33,92.23,91.03,37.5,36.21
N24000090,KOSI BRIDGE INCLUDING APPROACHES AND GUIDE BOND AN(NATIONAL HIGHWAYS AUTHORITY OF INDIA),Ongoing Not Active,3,,,,
N24000094,"LAKHNAADON TO MP/MH BORDER,KM 596.75-653.22 (NS-1/BOT/MP- 2),NH7 (NATIONAL HIGHWAYS AUTHORITY OF INDIA)",Ongoing Not Active,9,0.79,3.02,14.0,13.86
N24000095,"LAKHNADON TO MP/MH BORDER (NS-1/BOT/MP-2), NH-7 (NATIONAL HIGHWAYS AUTHORITY OF INDIA)",Ongoing Not Active,9,8.77,5.39,20.02,20.75
N24000096,"JHANSI TO LALITPUR, NH-25,26 (NATIONAL HIGHWAYS AUTHORITY OF INDIA)",Ongoing Not Active,9,14.87,14.31,18.8,18.87
N24000097,"JHANSI TO LALITPUR, NH-26(NATIONAL HIGHWAYS AUTHORITY OF INDIA)",Ongoing Not Active,2,,,,
N24000098,"AGRA-BYPASS(NS-1/UP-1), NH-2,3 (NATIONAL HIGHWAYS AUTHORITY OF INDIA)",Ongoing Not Active,17,8.52,13.93,26.31,29.29
N24000100,PONDICHERY - TINDIVANAU NH-66(NATIONAL HIGHWAYS AUTHORITY OF INDIA),Ongoing Not Active,2,,,,
N24000102,SALEM - U / UNDRUPET(BOT -1/TN-06) NH -68 (NATIONAL HIGHWAYS AUTHORITY OF INDIA),Ongoing Not Active,9,47.14,8.52,3.03,3.19
N24000103,NEELAMANGALAR JUNCTION ON NH-4 SMITH NH-48 TO DEVI(NATIONAL HIGHWAYS AUTHORITY OF INDIA),Ongoing Not Active,4,21.96,16.71,3.46,11.84
N24000107,NH CONNECTIVITY TO ICTT VALLARPADAEU NH - SH (NATIONAL HIGHWAYS AUTHORITY OF INDIA),Ongoing Not Active,15,29.05,13.19,21.82,26.36
N24000108,DHOLPUR - MORENA SECTION (INCLUDING CHAMBOL BRIDGE) NH-3 (NATIONAL HIGHWAYS AUTHORITY OF INDIA),Ongoing Not Active,16,18.13,10.72,30.45,32.07
N24000115,PATHANKOT BHOGPUR NH-1A,Ongoing Not Active,3,,,,
N24000117,ZIRAKPUR(HARYANA) - PARWANOO(HIMACHAL PRADESH),Ongoing Not Active,3,,,,
N24000118,END OF DURG BYPASS-CHHATISGARH/MAHARASHTRA BORDER(NATIONAL HIGHWAYS AUTHORITY OF INDIA),Ongoing Not Active,5,10.54,3.4,1.04,0.38
N24000122,"November,2022 DELHI/ HARYANA BORDER TO ROHTAK (NATIONAL HIGHWAYS AUTHORITY OF INDIA)",Ongoing Not Active,35,6.8,20.12,28.12,35.24
N24000126,MP/Maharashtra Border-Dhula,Ongoing Not Active,6,5.24,3.93,2.08,2.28
N24000127,"PUNE-SHOLAPUR,PKG1 (NATIONAL HIGHWAYS AUTHORITY OF INDIA)",Ongoing Not Active,12,34.37,26.89,4.85,4.36
N24000128,KISHANGARH-AJMER-BEAWER PPP (BOT)(NATIONAL HIGHWAYS AUTHORITY OF INDIA),Ongoing Not Active,15,12.77,5.94,21.45,21.62
N24000129,CHENNAI-TADA(SIX LANE) (NATIONAL HIGHWAYS AUTHORITY OF INDIA),Ongoing Not Active,17,4.78,3.19,27.91,29.18
N24000130,GURGAON-KOTPUTLI KM 42.70 TO 54.4 KM (NATIONAL HIGHWAYS AUTHORITY OF INDIA),Ongoing Not Active,9,4.35,14.38,10.0,9.87
N24000132,CHILKALURIPET-VIJAYWADA 6 LANE (KM 355 TO KM 434.15) (NATIONAL HIGHWAYS AUTHORITY OF INDIA),Ongoing Not Active,15,6.44,3.59,14.5,19.22
N24000133,PANIPAT-JALANDHAR 6 LANE(KM 96 TO 387.1 KM) (NATIONAL HIGHWAYS AUTHORITY OF INDIA),Ongoing Not Active,33,551.15,621.58,20.26,23.51
N24000134,Hyderabad-Vijaywada Km. 40 to 221.50 Km,Ongoing Not Active,6,12.91,11.17,2.16,2.53
N24000135,JAIPUR-TONK-DEOLI PPP (BOT)(NATIONAL HIGHWAYS AUTHORITY OF INDIA),Ongoing Not Active,15,27.78,15.75,19.78,19.42
N24000137,Bijapur-Hungund Section(NATIONAL HIGHWAYS AUTHORITY OF INDIA),Ongoing Not Active,3,,,,
N24000139,NEW 4 LANE ELEVATED ROAD FROM CHENNAI AIRPORT- MADURAVOYAL NH NO.4 (NATIONAL HIGHWAYS AUTHORITY OF INDIA),Ongoing Not Active,17,14.32,22.28,2.74,4.8
N24000140,TALEGAON-AMRAVATI PPP (BOT)(NATIONAL HIGHWAYS AUTHORITY OF INDIA),Ongoing Not Active,21,11.28,9.66,5.82,2.02
N24000141,HAZARIBAGH-RANCHI (NATIONAL HIGHWAYS AUTHORITY OF INDIA),Ongoing Not Active,15,14.25,8.84,8.26,10.34
N24000143,ARMUR TO KADLOOR YELLAREDDY (NATIONAL HIGHWAYS AUTHORITY OF INDIA),Ongoing Not Active,15,3.78,2.15,5.88,4.35
N24000145,CUDDAPAH-MYDUKUR-KURNOOL KM-167.750-356.502 KM PPP (BOT)(NATIONAL HIGHWAYS AUTHORITY OF INDIA),Ongoing Not Active,25,24.27,33.65,22.97,22.98
N24000146,KUNDUPUR-SURATHKAL & MANGLORE,Ongoing Not Active,15,19.42,15.87,3.99,3.08
N24000148,DEOLI KOTA PPP (BOT)(NATIONAL HIGHWAYS AUTHORITY OF INDIA),Ongoing Not Active,23,4.29,5.63,7.11,7.2
N24000149,SIX LANNING OF VADAKKANCHERRY THRISSURESECTION KM 240 270KM PPP (BOT)(NATIONAL HIGHWAYS AUTHORITY OF INDIA),Ongoing Not Active,35,23.55,7.01,24.94,28.49
N24000150,WADNER-DEVDHARI(NS-60/MH)(KM 94-123 KM),Ongoing Not Active,15,10.5,8.64,24.25,25.25
N24000151,PANIPAT-ROHTAK (NATIONAL HIGHWAYS AUTHORITY OF INDIA),Ongoing Not Active,15,5.88,1.98,1.98,1.65
N24000153,LANNING OF BELGUM-KHANPUR SECTION AND 2 LANING OF KHANPUR-KNT/GOA BORDER (NATIONAL HIGHWAYS AUTHORITY OF INDIA),Ongoing Not Active,19,12.89,14.13,0.37,0.94
N24000154,MURADABAD-BAREILY PPP (BOT)(NATIONAL HIGHWAYS AUTHORITY OF INDIA),Ongoing Not Active,21,51.05,34.03,3.66,2.7
N24000155,LANING OF NAGPUR-BETUL PPP (ANNUITY)(NATIONAL HIGHWAYS AUTHORITY OF INDIA),Ongoing Not Active,33,1.78,2.36,13.34,10.96
N24000156,"December,2022 PUNE-SATARA(NH-4) PPP (BOT)(NATIONAL HIGHWAYS AUTHORITY OF INDIA)",Ongoing Not Active,35,38.64,63.56,10.44,8.24
N24000161,QUAZIGUND-BANIHAL KM.220.00 TO KM.188.00 PPP (ANNUITY)(NATIONAL HIGHWAYS AUTHORITY OF INDIA),Ongoing Not Active,34,42.83,56.79,7.17,10.16
N24000162,NASHRI- CHANANI PPP (ANNUITY)(NATIONAL HIGHWAYS AUTHORITY OF INDIA),Ongoing Not Active,32,255.73,276.48,8.71,5.87
N24000163,work as defined in CA. JAMMU-UDHAMPUR KM.27.5 TO KM.67.00,Ongoing Not Active,32,22.78,23.04,7.53,6.69
N24000165,PATNA- MUZZAFFARPUR (NHAI ),Ongoing Not Active,41,274.37,347.14,50.25,37.99
N24000166,LANNING OF MOKAMA-MUNGER PPP (ANNUITY)(NATIONAL HIGHWAYS AUTHORITY OF INDIA),Ongoing Not Active,25,4.63,6.66,11.45,15.31
N24000167,LANNING OF AHMEDABAD TO GODHARA PPP (BOT)(NATIONAL HIGHWAYS AUTHORITY OF INDIA),Ongoing Not Active,17,28.27,29.03,9.85,8.7
N24000168,LANNING OF GODHARA TO GUJARAT/MP BORDER PPP (BOT)(NATIONAL HIGHWAYS AUTHORITY OF INDIA),Ongoing Not Active,15,10.22,5.87,5.77,5.73
N24000169,ROHTAK-BAWAL PPP (BOT)(NATIONAL HIGHWAYS AUTHORITY OF INDIA),Ongoing Not Active,23,3.76,4.45,12.84,14.72
N24000170,GHAZIABAD-ALIGARH NH-91 PPP (BOT)(NATIONAL HIGHWAYS AUTHORITY OF INDIA),Ongoing Not Active,34,66.93,99.17,27.97,29.42
N24000171,SIX LANNING OF HOSUR- KRISHNAGRI NH-7 KM.33.130 TO KM.93.00 PPP (BOT)(NATIONAL HIGHWAYS AUTHORITY OF INDIA),Ongoing Not Active,15,9.38,4.06,9.59,10.3
N24000172,SIX LANNING OF KRISHNAGIRI- WALAJHAPET SECTION KM.0.00 TO KM.148.3 NH-46 PPP (BOT)(NATIONAL HIGHWAYS AUTHORITY OF INDIA),Ongoing Not Active,34,33.3,40.7,29.46,30.25
N24000173,DEVELOPMENT OF ADIQUATE ROAD CONNECTIVITY TO CHENNAI- ENNORE PORT CONNECTIVITY (NATIONAL HIGHWAYS AUTHORITY OF INDIA),Ongoing Not Active,34,1.88,26.87,22.5,18.26
N24000175,KANDLA - MUNDRA PORT (NATIONAL HIGHWAYS AUTHORITY OF INDIA),Ongoing Not Active,33,22.91,17.8,32.52,37.8
N24000176,TWO LANING OF TRICHY - KARAIKUDI AND TRYCHI BYPASS,Ongoing Not Active,34,93.84,95.13,26.87,21.85
N24000177,2 LANING OF DINDIGUL - PERIGULAM THENI- KUMILI,Ongoing Not Active,31,2.69,11.49,19.98,23.36
N24000178,TIRUPATI - TIRUTHANI - CHENNAI PPP (BOT)(NATIONAL HIGHWAYS AUTHORITY OF INDIA),Ongoing Not Active,34,5.33,12.8,13.96,9.89
N24000179,SAMAIKHIALI - GANDHIDHAM PPP (BOT)(NATIONAL HIGHWAYS AUTHORITY OF INDIA),Ongoing Not Active,16,9.8,10.24,9.1,8.09
N24000180,JORBAT - BARAPANI PPP (ANNUITY)(NATIONAL HIGHWAYS AUTHORITY OF INDIA),Ongoing Not Active,22,10.2,5.37,5.43,4.84
N24000181,LANNING OF SHILONG BYPASS (NATIONAL HIGHWAYS AUTHORITY OF INDIA),Ongoing Not Active,13,12.75,9.85,2.08,1.39
N24000183,SIX LANNING OF NELLORE-CHILKALURIPET KM.1182.802 TO KM.1366.547 PPP (BOT)(NATIONAL HIGHWAYS AUTHORITY OF INDIA),Ongoing Not Active,33,51.89,79.27,27.98,29.22
N24000185,PATNA-BAKTZARPUR KM.181.3 TO KM.231.95 PPP (BOT)(NATIONAL HIGHWAYS AUTHORITY OF INDIA),Ongoing Not Active,33,9.04,8.07,20.61,18.58
N24000186,2-LANNING WITH PS MOTIHARI-RAXAUL,Ongoing Not Active,33,1.94,3.63,20.58,17.31
N24000188,LANNING OF MUZAFFARPUR - SONBARSA PPP (ANNUITY)(NATIONAL HIGHWAYS AUTHORITY OF INDIA),Ongoing Not Active,33,31.73,36.71,34.21,37.62
N24000189,SRINAGAR TO BANIHAL PPP (ANNUITY)(NATIONAL HIGHWAYS AUTHORITY OF INDIA),Ongoing Not Active,32,52.72,70.28,14.16,13.56
N24000190,2laning with PS Gopalganj-Chappra,Ongoing Not Active,12,13.73,13.57,2.35,2.8
N24000191,4-LANING OF BARHI-HAZARIBAGH,Ongoing Not Active,12,1.81,1.45,7.87,7.56
N24000192,BHOPAL-SANCHI (NATIONAL HIGHWAYS AUTHORITY OF INDIA),Ongoing Not Active,12,9.77,7.77,12.54,15.01
N24000193,"Expenditure (Rs. crore) PUNE-SHOLAPUR,PKG-II PPP (BOT)(NATIONAL HIGHWAYS AUTHORITY OF INDIA)",Ongoing Not Active,12,14.49,13.53,13.18,13.87
N24000194,NIROLI-ROXY-RAJAMUNDA (NATIONAL HIGHWAYS AUTHORITY OF INDIA),Ongoing Not Active,15,0.26,8.02,3.22,2.71
N24000195,BHUBANESWAR TO PURI (NATIONAL HIGHWAYS AUTHORITY OF INDIA),Ongoing Not Active,16,1.22,3.15,2.33,2.99
N24000196,SAMBALPUR-BARGARH-CHHATISGARH/ORISSA BORDER (NATIONAL HIGHWAYS AUTHORITY OF INDIA),Ongoing Not Active,12,20.41,14.95,7.21,7.91
N24000197,PANIKHOLI-RIMOLI,Ongoing Not Active,32,30.46,50.46,27.08,23.99
N24000198,JAIPUR-REENGUS (NATIONAL HIGHWAYS AUTHORITY OF INDIA),Ongoing Not Active,13,12.86,12.94,12.65,14.48
N24000199,BEAWAR PALI PINDWARA PPP (BOT)(NATIONAL HIGHWAYS AUTHORITY OF INDIA),Ongoing Not Active,13,17.1,46.39,5.38,4.76
N24000200,ii) Public agitation and stopping of works. BAREILY-SITAPUR (NH-24),Ongoing Not Active,24,15.53,16.09,19.74,21.34
N24000201,MUZAFFARNAGAR-HARIDWAR PPP (BOT)(NATIONAL HIGHWAYS AUTHORITY OF INDIA),Ongoing Not Active,31,199.63,214.09,25.7,29.55
N24000202,4-LANING OF FARAKA-RAIGANJ PPP (BOT)(NATIONAL HIGHWAYS AUTHORITY OF INDIA),Ongoing Not Active,32,48.95,66.01,9.56,4.19
N24000203,LANING OF BRAHAMPORE-FARAKA PPP (BOT)(NATIONAL HIGHWAYS AUTHORITY OF INDIA),Ongoing Not Active,36,180.71,186.19,35.19,24.44
N24000204,LANING OF RAIGANJ-DALKOLA (NATIONAL HIGHWAYS AUTHORITY OF INDIA),Ongoing Not Active,16,6.87,11.31,2.3,2.29
N24000205,SIX LANING OF CHANDIKHOL-JAGATPUR-BHUBANESWAR PPP (BOT)(NATIONAL HIGHWAYS AUTHORITY OF INDIA),Ongoing Not Active,34,62.73,67.05,25.95,27.65
N24000206,6-LANING OF DHANKUNI-KHARAGPUR SECTION PPP (BOT)(NATIONAL HIGHWAYS AUTHORITY OF INDIA),Ongoing Not Active,31,11.4,13.91,19.31,19.97
N24000208,2-LANING WITH PS RAIBAREILI TO ALLAHABAD PPP (BOT)(NATIONAL HIGHWAYS AUTHORITY OF INDIA),Ongoing Not Active,31,47.38,48.51,23.2,26.82
N24000210,NAGPUR-WAINGANGA BRIDGE PPP (BOT)(NATIONAL HIGHWAYS AUTHORITY OF INDIA),Ongoing Not Active,11,0.52,2.48,4.46,3.18
N24000211,LANING WITH PAVED SHOULDER OF MUZAFFARPUR-BARAUNI PPP (BOT)(NATIONAL HIGHWAYS AUTHORITY OF INDIA),Ongoing Not Active,12,6.75,3.39,9.04,8.1
N24000212,HARIDWAR-DEHRADUN (APPROVED LENGTH 69),Ongoing Not Active,30,87.47,103.92,26.22,29.79
N24000213,LANING OF KRISHNAGIRI-TINDIVANAM (APPROVED LENHTH 170 KM) (NATIONAL HIGHWAYS AUTHORITY OF INDIA),Ongoing Not Active,32,91.08,84.21,21.76,22.02
N24000214,FOUR LANNING OF WALAYAR-VADAKKANCHERRY SECTION (NATIONAL HIGHWAYS AUTHORITY OF INDIA),Ongoing Not Active,10,9.94,4.97,6.04,12.01
N24000216,PANVEL-INDAPUR,Ongoing Not Active,20,11.41,12.45,5.7,5.46
N24000218,FOUR LANING OF ORISSA CHATTISHGARH BORDER,Ongoing Not Active,10,21.48,18.51,1.97,1.91
N24000219,Expenditure (Rs. crore) ETAWAH CHAKERI PPP (BOT)(NATIONAL HIGHWAYS AUTHORITY OF INDIA),Ongoing Not Active,29,38.24,37.46,9.59,5.96
N24000220,2 LANING WITH PS AGRA ALIGARH,Ongoing Not Active,10,3.7,2.38,1.75,3.38
N24000221,LANING WITH PS KANPUR KABRAI (NATIONAL HIGHWAYS AUTHORITY OF INDIA),Ongoing Not Active,10,3.26,4.01,8.96,7.56
N24000223,SAMAIKHIALI GANDHIDHAM,Ongoing Not Active,2,,,,
N24000225,LANING OF JETPUR SOMNATH SECTION OF NH 8D LENGTH KM 127.6 (NATIONAL HIGHWAYS AUTHORITY OF INDIA),Ongoing Not Active,12,0.5,2.17,1.66,1.12
N24000226,LANING WITH PAVED SHOLDERS OF MULTAI CHHINDWARA SEONI SEC (NATIONAL HIGHWAYS AUTHORITY OF INDIA),Ongoing Not Active,5,38.82,42.48,2.81,3.24
N24000227,REENGUS SIKAR PPP (ANNUITY)(NATIONAL HIGHWAYS AUTHORITY OF INDIA),Ongoing Not Active,9,5.22,5.06,7.04,6.14
N24000228,WALAJAPET POONAMALEE KM 106.8 TO KM 13.8 (NATIONAL HIGHWAYS AUTHORITY OF INDIA),Ongoing Not Active,10,13.67,22.43,6.15,5.85
N24000229,BARSAT-KRISHNANAGAR (NATIONAL HIGHWAYS AUTHORITY OF INDIA),Ongoing Not Active,14,12.05,15.3,0.67,0.23
N24000231,LANING OF ROHATAK JIND(LENGTH 45 KM) (NATIONAL HIGHWAYS AUTHORITY OF INDIA),Ongoing Not Active,9,0.33,7.18,3.47,4.07
N24000232,FOUR LANING OF KIRATPUR NEAR CHOUK SECTION (73.20 KM TO186.50 KM),Ongoing Not Active,26,18.93,14.36,5.86,2.57
N24000233,LANNING OF MH-KNT BORDER SANGAREDDY SECTION OF NH-9 PPP (BOT)(NATIONAL HIGHWAYS AUTHORITY OF INDIA),Ongoing Not Active,24,114.67,108.53,6.04,7.46
N24000234,VIJAYAWADA MACHILIPATNAM OF NH-9 ON BOT(TOOL) UNDER NHDP-III,Ongoing Not Active,6,1.57,1.24,0.38,0.44
N24000235,YADGIRI-WARANGAL OF NH 202(NEW NH 163) UNDER NHDP-IV,Ongoing Not Active,6,3.2,9.77,0.18,0.4
N24000236,Expenditure (Rs. crore) 4 - LANING OF RAJSAMAND-GANGAPUR-BHILWARA PPP (BOT)(NATIONAL HIGHWAYS AUTHORITY OF INDIA),Ongoing Not Active,5,4.39,11.97,0.15,0.37
N24000237,LANING WITH PS OF JHALAWAR-RAJASTHAN-MP. BORDER (NATIONAL HIGHWAYS AUTHORITY OF INDIA),Ongoing Not Active,3,,,,
N24000238,Expenditure (Rs. crore) 2-LANING WITH PS LAMBIA-JAITRAN-RAIPUR (NATIONAL HIGHWAYS AUTHORITY OF INDIA),Ongoing Not Active,4,28.2,27.45,1.43,1.27
N24000239,WIDENING AND STRENGTHENING TO 2-LANE WITH PS OF NIMBI JODHA-DEGANA-MERTA CITY SECTION (NATIONAL HIGHWAYS AUTHORITY OF INDIA),Ongoing Not Active,5,2.06,1.31,1.42,0.52
N24000240,LANING WITH PS BHILWARA-LODPURA SECTION (NATIONAL HIGHWAYS AUTHORITY OF INDIA),Ongoing Not Active,10,4.87,3.9,2.78,7.28
N24000247,REHABILITATION AND UPGRADATION OF NH-221 FROM KM 121/0 TO 165/00 (OF VIJAYAWADA-JAGDALPUR RUDRAMPUR (MoRTH ),Ongoing Not Active,22,42.68,46.71,39.74,38.56
N24000248,EPC- CORRIDOR APPROACH WORKS - NH (O): WIDENING EXISTING 2 LANE TO 2 LANE WITH PAVED SHOULDERS IN KM (MoRTH ),Ongoing Not Active,30,41.38,44.16,23.16,23.71
N24000249,CONSTRUCTION OF GODAVARI RIVER BRIDGE NEAR VENKATPURAM INCLUDING APPROACH ROAD ON NH-202 UNDER LWE S (PUBLIC WORKS DEPT OF STATE),Ongoing Not Active,12,37.92,40.15,6.06,2.21
N24000250,REHABILATION AND UPGRADATION OF NH-222(61) FOM KM 284 TO 337 (NATIONAL HIGHWAYS DEVELOPMENT PROJECT),Ongoing Not Active,11,6.46,5.22,3.13,2.94
N24000251,FOUR LANNING OF NH-4A(NH-748) FROM KM 118 TO 125 INCL.FOUR LANE KHNDEAPAR BRIDGE EPC(MINISTRY OF ROAD TRANSPORT AND HIGHWAYS (STATE PWDs)),Ongoing Not Active,18,7.73,15.8,3.61,2.02
N24000252,CONSTRUCTION OF MAJOR BRIDGE WITH APPROACHES ACROSS PRANHITA RIVER AT KM 57.300 ON NH-63(16) EPC(MINISTRY OF ROAD TRANSPORT AND HIGHWAYS (STATE PWDs)),Ongoing Not Active,25,40.5,42.25,5.35,1.34
N24000253,CONSTRUCTION OF MAJOR/MINOR BRIDGE AND ROB IN 4 LANNING OF NH-66(17) MUMBAI-GOA ROAD FROM KM 161 TO (MINISTRY OF ROAD TRANSPORT AND HIGHWAYS (STATE PWDs)),Ongoing Not Active,19,14.77,16.81,5.15,4.19
N24000254,REHABILATION AND UPGRADATION OF NH-222(61) FOM KM 342.00 TO 444.00 EPC(MINISTRY OF ROAD TRANSPORT AND HIGHWAYS (STATE PWDs)),Ongoing Not Active,23,32.03,42.23,7.6,4.72
N24000255,REHABILATION AND UPGRADATION OF NH-222(61) FOM KM 161.570 TO 211.00 EPC(NATIONAL HIGHWAYS DEVELOPMENT PROJECT),Ongoing Not Active,11,14.05,10.84,2.97,2.1
N24000257,CONSTRUCTION OF MARGOA WESTERN BYPASS FOR NH-17 (NEW NH-66 ) FROM KM. 26 /200 ( CHAINAGE 00/00) TO K (MINISTRY OF ROAD TRANSPORT AND HIGHWAYS (STATE PWDs)),Ongoing Not Active,25,27.7,30.16,5.41,4.78
N24000258,CONST. OF MISSING LINK BETWEEN KM. 11/680 TO KM. 14/020 AND WIDENING OF EXISTING TWO LANE ROAD EPC(MINISTRY OF ROAD TRANSPORT AND HIGHWAYS (STATE PWDs)),Ongoing Not Active,25,33.04,32.73,5.03,1.55
N24000259,CONST. OF CANACONA BYPASS FROM KM.68/00 (CH.00/00) TO KM. 85/740 (CH. 7/740 ON PANAJI - MANGALORE SE EPC(MINISTRY OF ROAD TRANSPORT AND HIGHWAYS (STATE PWDs)),Ongoing Not Active,22,8.01,13.18,4.52,4.05
N24000260,CONSTRUCTION OF 6.80 KM 2 LANE WITH PAVED SHOULDERS ALAPPUZHA BYPASS ON NH47 NEW NH 66 FROM KM 408.1 EPC(MINISTRY OF ROAD TRANSPORT AND HIGHWAYS (STATE PWDs)),Ongoing Not Active,20,5.81,11.46,5.57,5.2
N24000261,CONSTRUCTION OF 13.0 KM 2 LANE WITH PAVED SHOULDERS KOLLAM BYPASS ON NH47 (NEW NH 66) FROM KM 486/50 EPC(PUBLIC WORKS DEPT OF STATE),Ongoing Not Active,12,7.05,2.94,7.02,8.85
N24000263,REHABILITATION AND UPGRADATION OF NH -67 FROM KM 589/0 TO 641/0 (MYDUKUR TO DORNALA T-JUNCTION ) (PUBLIC WORKS DEPT OF STATE),Ongoing Not Active,10,8.64,7.11,2.32,2.44
N24000265,REHABILITATION AND UPGRADATION OF NH-67 FROM KM 695.000 TO KM 741.950 (ATMAKUR – NELLORE SECTION) IN EPC(PUBLIC WORKS DEPT OF STATE),Ongoing Not Active,11,3.19,10.71,2.51,2.94
N24000267,REHABILITATION AND UPGRADATION OF NH-565 FROM KM 294.00 TO 361.327 (VAGGAMPALLE- DORNALA T-JUNCTION) EPC(PUBLIC WORKS DEPT OF STATE),Ongoing Not Active,11,4.58,4.45,3.56,5.9
N24000268,REHABILITATION UPGRADATION OF NH-67 FROM KM 641.000 TO KM 695.000 (DORNALA T JUNCTION TO ATMAKUR SEC EPC(PUBLIC WORKS DEPT OF STATE),Ongoing Not Active,11,2.65,1.33,2.91,5.26
N24000269,REHABILITATION AND UPGRADATION OF NH -18 FROM KM 57/0 TO KM 108/850 PILERU TO RAYACHOTY SECTION TO T EPC(PUBLIC WORKS DEPT OF STATE),Ongoing Not Active,11,22.11,14.5,1.01,1.02
N24000273,REHABILITATION AND UP-GRADATION OF NH-221 (NEW NH-30) FROM KM 0.0 TO 32.735(IBRAHIMAPATNAM TO CHANDR EPC(MINISTRY OF ROAD TRANSPORT AND HIGHWAYS (STATE PWDs)),Ongoing Not Active,11,6.0,1.16,0.39,0.95
N24000274,FOUR LANING OF 5.122 KM OF NH9 ( NEW NH 65) FROM KM 269.900 ( DESIGN CH0.0 ) TO KM 275-622( DESIGN C(MINISTRY OF ROAD TRANSPORT AND HIGHWAYS (STATE PWDs)),Ongoing Not Active,17,3.84,7.73,5.23,5.65
N24000275,"WIDENING NH-848 FROM KM 16.000 TO 34.000, 39.000 TO 57.000 AND KM 62.000 TO 65/600/JOB NO 992/15-16 (MINISTRY OF ROAD TRANSPORT AND HIGHWAYS (STATE PWDs))",Ongoing Not Active,18,12.23,16.23,1.98,1.78
N24000276,CONSTRUCTION OF HIGH LEVEL BRIDGE ACROSS INDRAVATI RIVER ON NH-63 (ERSTWHILE NH-16) AND CONSTRUCTION ITEM RATE(MINISTRY OF ROAD TRANSPORT AND HIGHWAYS (STATE PWDs)),Ongoing Not Active,17,2.71,2.51,6.21,2.14
N24000277,CONSTRUCTION OF HL BRIDGE ACROSS GADAVARI RIVER AND ITS APPROACHES FOR MISSING LINK BETWEEN SIRONCHA ITEM RATE(MINISTRY OF ROAD TRANSPORT AND HIGHWAYS (STATE PWDs)),Ongoing Not Active,11,30.48,37.45,5.08,2.07
N24000278,REHABILITATION AND UP GRADATION OF NH-43 FROM KM.81.500- KM 130.00 DHAMTARI- KANKER SECTION. EPC(PUBLIC WORKS DEPT OF STATE),Ongoing Not Active,11,12.86,11.85,2.72,3.3
N24000279,REHABILITATION AND UPGRADATION OF NH-43 KM. 180.00 TO 241.00 ( BEDMA-DAHIKONDA) UNDER NHDP-IV EPC(PUBLIC WORKS DEPT OF STATE),Ongoing Not Active,11,5.81,3.89,2.73,3.3
N24000280,REHABILITATION AND UPGRADATION OF NH-43 KM. 241.000 TO 298.000 (DAHIKONDA TO JAGDALPUR) UNDER NHDP-I EPC(PUBLIC WORKS DEPT OF STATE),Ongoing Not Active,11,2.63,3.07,2.69,3.32
N24000281,REHABILITATION AND UP GRADATION OF NH-12A FROM KM191.422- KM 242.300 CHILPI- KAWARDHA SECTION. EPC(MINISTRY OF ROAD TRANSPORT AND HIGHWAYS (STATE PWDs)),Ongoing Not Active,20,15.89,18.15,3.5,2.29
N24000282,Ministry Of Road Transport And Highways (State Pwds) 219 REHABILITATION AND UPGRADATION OF EXISTING NH-565 FROM KM.86.057 TO 133.922 OF NAGARJUNASAGAR DAM T,Ongoing Not Active,26,45.95,35.03,33.34,31.15
N24000283,"CONSTRUCION OF 2 LANE ROAD FROM KM. 28700-292.00, 322.00- 342.00 AND 352.00- 400.00 OF NH 63 (OLD NH- ITEM RATE(PUBLIC WORKS DEPT OF STATE)",Ongoing Not Active,11,20.17,16.8,6.47,4.35
N24000284,REHABILITATION AND UPGRADATION OF EXISTING NH-565 OF FROM KM.154.900 TO 198.694 OF DAVULAPALLY TO EPC(PUBLIC WORKS DEPT OF STATE),Ongoing Not Active,11,19.22,16.51,3.5,5.56
N24000286,REHABILITATION AND UP GRADATION OF NH-12A FROM KM246.849- KM 317.406 KAWARDHA- SIMGA SECTION. EPC(PUBLIC WORKS DEPT OF STATE),Ongoing Not Active,11,3.15,6.21,1.12,1.04
N24000287,REHABILITATION AND UPGRADATION OF NH-111 FROM KM. 82.500 TO 163.400 (KATHGHORA TO SHIVNAGAR SECTION EPC(MINISTRY OF ROAD TRANSPORT AND HIGHWAYS (STATE PWDs)),Ongoing Not Active,17,18.59,19.64,14.39,16.08
N24000288,REHABILITATION AND UPGRADATION OF NH-64 FROM KM.0.00 TO 28.110(ZIRAKPUR TO PATIALA SEC.) TO 4 LANE I EPC(MINISTRY OF ROAD TRANSPORT AND HIGHWAYS (STATE PWDs)),Ongoing Not Active,11,2.41,0.7,0.53,0.98
N24000289,REHABILITATION AND UPGRADATION OF NH-64 FROM KM.28.110 TO 50.000(ZIRAKPUR TO PATIALA SEC.) TO 4 LANE EPC(PUBLIC WORKS DEPT OF STATE),Ongoing Not Active,11,13.55,8.99,1.05,1.02
N24000290,WIDENING AND REHABILITATION OF THE EXISTING PATIALA BYEPASS FROM EXISTING KM.50/0 TO 69/280) ON NH-6 EPC(PUBLIC WORKS DEPT OF STATE),Ongoing Not Active,11,8.17,2.42,1.12,1.03
N24000291,LAINING WITH PAVED SHOULDERS OF SANGRUR TO DOGAL KALAN SEC.OF NH-71(NEW NH-52) FROM KM.181.805 TO EPC(PUBLIC WORKS DEPT OF STATE),Ongoing Not Active,11,10.19,8.58,1.6,1.26
N24000292,LAINING WITH PAVED SHOULDERS OF DOGAL KALAN TO PUNJAB/HARYANA BORDER SEC.OF NH-71(NEW NH-52) FROM EPC(PUBLIC WORKS DEPT OF STATE),Ongoing Not Active,11,0.95,17.35,1.43,1.25
N24000293,REHABILITATION AND UP-GRADATION OF NH-214 (NEW NH-216) FROM KM 0.0 TO 26.150(KATHIPUDI TO START OF K EPC(MINISTRY OF ROAD TRANSPORT AND HIGHWAYS (STATE PWDs)),Ongoing Not Active,11,8.87,11.71,0.37,0.93
N24000294,WIDENING AND STRENGTHENING OF NH-65 TO FOUR LANES WITH PAVED SHOULDERS FROM EXISTING KM 267+500 TO K EPC(MINISTRY OF ROAD TRANSPORT AND HIGHWAYS (STATE PWDs)),Ongoing Not Active,17,4.61,7.55,4.29,7.55
N24000295,WIDENING AND STRENGHENING OF NH-65 TO TWO LANES WITH PAVED SHOULDERS FROM EXISTING EPC(MINISTRY OF ROAD TRANSPORT AND HIGHWAYS (STATE PWDs)),Ongoing Not Active,17,6.48,6.52,4.29,7.55
N24000296,REHABILITATION AND UPGRADING TO 2 LANES-2 LANE WITH PAVED SHOULDERS (MINISTRY OF ROAD TRANSPORT AND HIGHWAYS (STATE PWDs)),Ongoing Not Active,17,0.48,2.76,4.75,4.57
N24000298,Ministry Of Road Transport And Highways WIDENING AND STRENGTHENING OF NH-15 TO TWO LANES WITH PAVED SHOULDER FROM EXISTING KM 173/0 TO KM 24,Ongoing Not Active,17,2.61,2.66,6.97,12.81
N24000300,REHABILITATION AND UPGRADATION OF NH-42 FROM KM 4 to350 TO KM 75 to 600 TO TWO LANE WITH PAVE SOLDOU EPC(PUBLIC WORKS DEPT OF STATE),Ongoing Not Active,11,7.16,5.47,2.59,5.21
N24000302,FOUR LANING OF 5.122 KM OF NH9( NEW NH 65) FROM KM 269.900( DESIGN CH0.0 ) (MINISTRY OF ROAD TRANSPORT AND HIGHWAYS (STATE PWDs)),Ongoing Not Active,17,3.84,7.73,5.23,5.65
N24000305,FOUR LANING OF NUMALIGARH TO JORHAT SECTION FROM KM. 402.500 TO KM. 453.000 (DESIGN KM 403.200 TO KM (NHIDCL ),Ongoing Not Active,24,173.07,164.16,13.15,12.21
N24000306,"Public Works Dept Of State WIDENING TO 2 LANE, RE-ALIGNMENT AND GEOMETRIC IMPROVEMENT FROM KM 11/00 TO KM 114/618 OF NH-44A IN",Ongoing Not Active,23,122.43,161.5,36.82,25.15
N24000307,TWO LANING OF KHONSA - TISSA - LONGDING (NH-52B) (42.50 KM) IN ARUNACHAL PRADESH UNDER ARUNACHAL PRA(MINISTRY OF ROAD TRANSPORT AND HIGHWAYS (STATE PWDs)),Ongoing Not Active,17,4.56,4.15,15.93,13.97
N24000308,CONSTRUCTION OF A NEW 2-LANE HIGHWAY FROM KM 71/00 TO 99/83 IN MIZORAM TO SUPPORT KALADAN MULTI MOD ITEM RATE(MINISTRY OF ROAD TRANSPORT AND HIGHWAYS (STATE PWDs)),Ongoing Not Active,23,9.83,16.81,18.42,12.28
N24000309,TWO LANING OF LALPUL- MANMAO- CHANGLANG ROAD (NH-52B) IN ARUNACHAL PRADESH UNDER ARUNACHAL PRADESH P(MINISTRY OF ROAD TRANSPORT AND HIGHWAYS (STATE PWDs)),Ongoing Not Active,17,7.31,4.45,16.16,13.27
N24000310,KATNI TO UMARIYA SECTION OF NH-78 IN MADYA PRADESH KM 0 TO 68/4 EPC(NATIONAL HIGHWAYS DEVELOPMENT PROJECT),Ongoing Not Active,11,4.64,3.48,2.24,2.67
N24000311,TWO LANING OF GOBOK - SIJON NALLAH (CORRECSPONDING TO EXISTING CH: 27.00 TO KM75.00) IN ARUNACHAL PR ITEM RATE(MINISTRY OF ROAD TRANSPORT AND HIGHWAYS (STATE PWDs)),Ongoing Not Active,17,22.03,3.32,4.47,6.87
N24000312,CONSTRUCTION OF 2-LANE NAYABAZAR - LEGSHIP ROAD IN WEST SIKKIM,Ongoing Not Active,17,59.57,65.99,36.61,36.6
N24000313,CONSTRUCTION OF 2-LANE TARKU DAMTHANG NAMCHI ROAD IN SOUTH SIKKIM,Ongoing Not Active,17,49.75,54.36,22.19,21.62
N24000314,CONSTRUCTION OF 2-LANE MELLI MANPUR NAMCHI ROAD IN SOUTH SIKKIM,Ongoing Not Active,17,19.84,26.57,39.17,39.34
N24000315,"WIDENING OF 2(TWO) LANING OF LONGLENG-CHANTONGYA ROAD, MON-TAMLU-MERANGKONG ROAD, PHEK- PFUTSERO ROA(MINISTRY OF ROAD TRANSPORT AND HIGHWAYS (STATE PWDs))",Ongoing Not Active,17,146.04,154.62,16.15,15.06
N24000316,CONSTRUCTION OF PAVED SHOULDERS IN KM.81/0 TO 203/0 INCLUDING RECONSTRUCTION AND WIDENING OF CULVERT EPC(MINISTRY OF ROAD TRANSPORT AND HIGHWAYS (STATE PWDs)),Ongoing Not Active,19,7.51,9.8,4.67,6.18
N24000317,REHABILITATION AND UPGRADATION OF NH 226 E FROM 0-1 - 66-20 TO 2 LANE WITH PAVED SHOULDERS ON EPC MO EPC(MINISTRY OF ROAD TRANSPORT AND HIGHWAYS (STATE PWDs)),Ongoing Not Active,17,35.46,37.18,4.2,8.16
N24000318,CONSTRUCTION OF PAVED SHOULDERS INCULDING STRENGTHENING OF EXISTING CARRIAGEWAY FROM KM 0-0-51-0 I- EPC(MINISTRY OF ROAD TRANSPORT AND HIGHWAYS (STATE PWDs)),Ongoing Not Active,17,32.1,33.71,4.97,11.23
N24000321,FOUR LANING FROM BISWANATH CHARIALI TO GOHPUR FROM KM 208 TO KM 264.10 OF NH-52 (NATIONAL HIGHWAYS AND INFRASTRUCTURE DEVELOPMENT CORPORATION Ltd.),Ongoing Not Active,16,16.5,13.16,3.4,2.75
N24000323,LANING FROM KALIABOR TINALI TO DOLABARI SECTION FROM KM 0.0 TO KM 17.3 OF NH 37A INCL. ADDITIONAL EPC(NATIONAL HIGHWAYS AND INFRASTRUCTURE DEVELOPMENT CORPORATION Ltd.),Ongoing Not Active,23,185.19,196.71,6.36,6.78
N24000326,National Highways And Infrastructure Development Corporation Ltd. CONSTRUCTION OF 2-LANE ROAD FROM KM 33 TO KM 65.00 OF AKAJAN-LIKABALI-BAME ROAD IN ARUNACHAL PRADESH,Ongoing Not Active,17,16.86,37.65,8.04,8.16
N24000330,CONSTN FOR FOUR LANING OF BABATPUR-VARANASI SECTION OF NH-56 (231) KM 263.00 TO 280.25 (EPC MODE) EPC(MINISTRY OF ROAD TRANSPORT AND HIGHWAYS (STATE PWDs)),Ongoing Not Active,11,4.78,1.93,0.57,0.98
N24000332,REHABILITATION AND UPGRADATION OF END OF AHMEDNAGAR BYPASS TO KHARWANDI KASAR SECTION OF NH- 222 FROM (MoRTH ),Ongoing Not Active,28,114.98,91.0,9.35,8.27
N24000333,WIDENING TO 4 LANE WITH PAVED SHOULDER WITH CC PAVEMENT FROM KM 256/550 TO KM 289/500 ON KOTA-DARAH EPC(MINISTRY OF ROAD TRANSPORT AND HIGHWAYS (STATE PWDs)),Ongoing Not Active,17,46.95,53.08,3.93,3.81
N24000334,Ministry Of Road Transport And Highways (State Pwds) 215 STRENGTHENING AND WIDENING TO TWO LANE WITH PAVED SHOULDERS FROM KM.106.00 TO 153.00 OF NH-218 BIJAP,Ongoing Not Active,29,38.57,42.76,22.3,17.98
N24000335,STRENGTHENING AND WIDENING TO TWO LANE WITH PAVED SHOULDERS FROM KM.56.00 TO 106.00 OF NH-218 BIJAPU(MINISTRY OF ROAD TRANSPORT AND HIGHWAYS (STATE PWDs)),Ongoing Not Active,17,27.12,28.73,3.93,4.34
N24000336,STRENGTHENING WITH PROVISION OF PAVED SHOULDER IN KM. 0.00 TO 46.470 OF NH-96(330) EPC MODE EPC(MINISTRY OF ROAD TRANSPORT AND HIGHWAYS (STATE PWDs)),Ongoing Not Active,11,6.74,6.44,2.29,3.06
N24000337,TWO LANING WITH PAVED SHOULDER BARMER - SANCHOR - GUJARAT BODER ( UP TO GANDHAV BRIDGE) SECTION OF N (NATIONAL HIGHWAYS AUTHORITY OF INDIA),Ongoing Not Active,9,4.08,6.4,1.38,0.72
N24000338,JODHPUR - BARMER SECTION OF PACKAGE -II (NATIONAL HIGHWAYS AUTHORITY OF INDIA),Ongoing Not Active,4,10.6,9.4,0.81,0.64
N24000340,LANING WITH PAVED SHOULDER OF KARAIKUDI - RAMANATHAPURAM SECTION OF NH-210 INCLUDING 500 M ON SH-(NATIONAL HIGHWAYS AUTHORITY OF INDIA),Ongoing Not Active,3,,,,
N24000342,TWO LANE WITH PAVED SHOULDERS OF BIJAPUR - GULBARGA - HOMNABAD - SECTION OF NH-218 ( NEW NH NO -50) (NATIONAL HIGHWAYS AUTHORITY OF INDIA),Ongoing Not Active,15,8.94,14.6,9.29,7.35
N24000343,TWO LANE WITH PAVED SHOULDERS OF CHAS -RAMGARH SECTION OF NH-23 (NATIONAL HIGHWAYS AUTHORITY OF INDIA),Ongoing Not Active,7,2.45,1.94,1.39,1.16
N24000344,TWO LANING WITH PAVED SHOULDER OF KARAUII - DHOLPUR (NATIONAL HIGHWAYS AUTHORITY OF INDIA),Ongoing Not Active,19,4.7,2.05,5.52,8.59
N24000347,FOUR LANING OF HISAR - DABWALI SECTION WITH PS - PACKAGE -I (NATIONAL HIGHWAYS AUTHORITY OF INDIA),Ongoing Not Active,14,173.61,183.35,3.88,3.71
N24000348,JAISALMER - BARMER (NATIONAL HIGHWAYS AUTHORITY OF INDIA),Ongoing Not Active,9,13.52,14.88,1.38,0.72
N24000349,FOUR LANING OF MADURAI - RAMANATHAPURAM (KM 5. TO KM 81) AND TWO LANING WITH PS KM 81 TO KM 120 (NATIONAL HIGHWAYS AUTHORITY OF INDIA),Ongoing Not Active,19,141.59,140.29,6.06,9.13
N24000350,TWO LANING WITH PS OF NAGAPATTINAM - THANJAVUR,Ongoing Not Active,22,28.97,32.88,16.99,16.65
N24000351,JALANDHAR - AMRITSAR (NATIONAL HIGHWAYS AUTHORITY OF INDIA),Ongoing Not Active,9,1.47,2.39,12.64,16.02
N24000352,TWO LANE WITH PAVED SHOULDERS OF JODHPUR - POKARAN SECTION OF NH-114 ( NEW NH NO -50) (NATIONAL HIGHWAYS AUTHORITY OF INDIA),Ongoing Not Active,9,10.41,9.53,1.54,0.83
N24000353,PADI - DAHOD (NATIONAL HIGHWAYS AUTHORITY OF INDIA),Ongoing Not Active,9,0.94,3.05,8.25,7.93
N24000354,JODHPUR - BARMER SECTION OF PACKAGE -I (NATIONAL HIGHWAYS AUTHORITY OF INDIA),Ongoing Not Active,9,2.13,0.89,1.62,0.79
N24000356,FOUR LANING OF VARANASI BYPASS (NATIONAL HIGHWAYS AUTHORITY OF INDIA),Ongoing Not Active,21,97.51,102.07,6.66,5.8
N24000357,PHALODI -JAISALMER SECTION OF NH-15 TO TWO/FOUR LANE WITH PS (NATIONAL HIGHWAYS AUTHORITY OF INDIA),Ongoing Not Active,10,0.83,2.27,2.37,1.82
N24000358,UP/HARYANA BORDER - YAMUNA NAGAR -SAHA- BARWALA - PANCHKULA( PKG - 2) (NATIONAL HIGHWAYS AUTHORITY OF INDIA),Ongoing Not Active,9,4.34,4.02,1.23,0.72
N24000359,THIRUMAYAM - MANAMADURAI SECTION (NATIONAL HIGHWAYS AUTHORITY OF INDIA),Ongoing Not Active,19,0.38,1.98,5.54,4.24
N24000360,LANING WITH PAVED SHOULDERS OF RAEBARELI - BANDA SECTION OF NH-232 (NATIONAL HIGHWAYS AUTHORITY OF INDIA),Ongoing Not Active,21,44.63,41.23,20.33,24.68
N24000361,VADODARA-SURAT SECTION (NATIONAL HIGHWAYS AUTHORITY OF INDIA),Ongoing Not Active,18,9.72,7.43,7.06,9.79
N24000364,2-LANING WITH PS SITARGANJ BAREILY SECTION,Ongoing Not Active,14,7.96,2.0,5.06,4.51
N24000366,LANING OF TALCHAR -DUBARI-CHANDIKHOLE SECTION OF NH- 200 FROM KM 301.89 TO KM 427.85 INCLUDING KM(NATIONAL HIGHWAYS AUTHORITY OF INDIA),Ongoing Not Active,5,25.03,35.5,0.77,0.69
N24000367,2-LANING WITH PAVED SHOULDERS OF TANDA -RAEBARELI (NATIONAL HIGHWAYS AUTHORITY OF INDIA),Ongoing Not Active,19,43.61,35.48,12.37,16.63
N24000368,THANJAVUR - PUDUKOTTAI SECTION OF NH-226,Ongoing Not Active,10,1.08,2.07,7.28,13.6
N24000370,"LANES WITH PAVED SIDE SHOULDERS OF END OF SANGRUR BYPASS TO TAPA SEC,IF NH-64(NEW NH-07) FROM EXI EPC(PUBLIC WORKS DEPT OF STATE)",Ongoing Not Active,11,3.91,0.56,1.21,1.03
N24000371,RUDHAULI TO GHAGRA BRIDGE SECTION OF NH-233 IN UTTAR PRADESH KM 65/870 TO 122/270 EPC(MINISTRY OF ROAD TRANSPORT AND HIGHWAYS (STATE PWDs)),Ongoing Not Active,17,133.72,126.81,4.9,3.2
N24000372,LANES WITH PAVED SIDE SHOULDERS OF TAPA TO BATHINDA SEC.OF NH-64(NEW NH-07) FROM EXISING KM.168/0 EPC(PUBLIC WORKS DEPT OF STATE),Ongoing Not Active,11,10.38,5.82,1.21,1.03
N24000373,LANING OF LALPUL-MANMAO-CHANGLANG ROAD(NH-52B) (NEW NH NO.215)FROM KM 0.00 TO KM 68.30INTHE STATE (MINISTRY OF ROAD TRANSPORT AND HIGHWAYS (STATE PWDs)),Ongoing Not Active,17,11.57,6.86,6.56,2.15
N24000374,LANES WITH PAVED SIDE SHOULDERS OF END OF PATIALA BYPASS TO START OF SANGRUR BYEPASS SEC.OF NH-64( EPC(PUBLIC WORKS DEPT OF STATE),Ongoing Not Active,11,0.55,3.92,1.31,1.22
N24000375,SATANA-BELA SECTION OF NH-75(4L) IN MP (MINISTRY OF ROAD TRANSPORT AND HIGHWAYS (STATE PWDs)),Ongoing Not Active,17,0.53,3.47,7.93,2.35
N24000377,BAHRAICH BYPASS TO RUPAIDHA SECTION NH-28C IN UTTAR PRADESH KM 99 TO150 EPC(MINISTRY OF ROAD TRANSPORT AND HIGHWAYS (STATE PWDs)),Ongoing Not Active,11,4.45,0.49,3.01,1.98
N24000378,Ministry Of Road Transport And Highways (State Pwds) 264 BARELA-MANDLA SECTION OF NH-12A IN MADHYA PRADESH KM 22/8 TO KM 89/6 OF NH- 12A,Ongoing Not Active,25,26.43,28.68,10.16,11.04
N24000380,BHOPAL-BIORA (4L) OF NH-12 IN MP BOT (TOLL)(NATIONAL HIGHWAYS DEVELOPMENT PROJECT),Ongoing Not Active,11,1.86,6.25,28.87,31.02
N24000381,BIORA-RAJASTHAN BORDER (2L) OF NH-12EXT IN MP BOT (TOLL)(NATIONAL HIGHWAYS DEVELOPMENT PROJECT),Ongoing Not Active,11,7.45,6.74,3.66,2.09
N24000383,CONST.OF 4 LANES WITH PAVED SHOUDLERS OF HARIKE BYPASS FROM EXISTING KM.158.350 TO 166.925 OF NH-15( EPC(PUBLIC WORKS DEPT OF STATE),Ongoing Not Active,11,7.64,2.8,1.05,1.02
N24000384,CONST.OF SANGRUR BYPASS(EXISTING KM.106.170 TO 116.950) AND DHANOULA BYPASS(EXISTING KM.138.030 TO K EPC(PUBLIC WORKS DEPT OF STATE),Ongoing Not Active,11,0.63,4.21,1.49,1.25
N24000385,DEVELOPMENT TO FOUR LANE WITH PAVED SHOULDERS OF SHAHKOT-MOGA SECTION OF NH-71 (NEW NH-52) FROM EXIS EPC(MINISTRY OF ROAD TRANSPORT AND HIGHWAYS (STATE PWDs)),Ongoing Not Active,17,49.89,46.52,2.59,1.69
N24000387,FOUR LANING OF ITANAGAR - HOLONGI SECTION OF NH-52A (19.26 KM) IN ARUNACHAL PRADESH UNDER PHASE 'A' ITEM RATE(PUBLIC WORKS DEPT OF STATE),Ongoing Not Active,11,5.27,2.56,5.48,1.98
N24000388,INDO-NEPAL BORDER TO RUDHAULI SECTION OF NH-233 IN UTTAR PRADESH KM 0/0 TO 65/870 EPC(MINISTRY OF ROAD TRANSPORT AND HIGHWAYS (STATE PWDs)),Ongoing Not Active,17,183.83,174.66,17.86,16.99
N24000389,LANING OF LAMBRA-SHAHKOT SECTION OF NH-71 FROM KM 12.00 TO 44.600 EPC(MINISTRY OF ROAD TRANSPORT AND HIGHWAYS (STATE PWDs)),Ongoing Not Active,17,18.12,8.34,2.75,1.8
N24000390,LANING OF SHILLONG NONGSTOIN SECTION OF NH 44 AND NONGSTOIN TURA STATE ROAD UNDER PHASE A OF SA ITEM RATE(PUBLIC WORKS DEPT OF STATE),Ongoing Not Active,11,5.32,15.58,6.59,5.25
N24000392,LANING FROM KANUBARI TO START OF BOGIBEEL BRIDGE APPROACHES OF NH-52B(EXTN) IN ASSAM EPC(MINISTRY OF ROAD TRANSPORT AND HIGHWAYS (STATE PWDs)),Ongoing Not Active,21,43.98,42.48,12.23,11.96
N24000393,ALLAHABAD TO UP/MP BORDER SECTION OF NH-27 IN UTTAR PRADESH EPC(MINISTRY OF ROAD TRANSPORT AND HIGHWAYS (STATE PWDs)),Ongoing Not Active,11,16.61,10.51,1.31,1.47
N24000394,SHAHDOL TO ANUPPUR-MP/CHATTISGARH BORDER SECTION OF NH- 78 IN MADYA PRADESH KM 142/200 TO 245/0 EPC(NATIONAL HIGHWAYS DEVELOPMENT PROJECT),Ongoing Not Active,11,7.99,1.21,2.03,3.13
N24000395,BAMITHA-SATANA (2L+PS) OF NH-75 IN MP (MINISTRY OF ROAD TRANSPORT AND HIGHWAYS (STATE PWDs)),Ongoing Not Active,17,10.84,7.72,2.56,1.74
N24000396,LANING OF OF LUMDING-DIPHU- MANJA ROAD (L=54.37 KM.) HAFLONG JATINGA ROAD (L=7.46 KM.) BASKA BAR(MINISTRY OF ROAD TRANSPORT AND HIGHWAYS (STATE PWDs)),Ongoing Not Active,17,96.09,93.28,16.0,11.34
N24000399,BARABANKI TO JUNCTION WITH MDR 13 NEAR JARWAL SECTION OF NH-28C IN UTTAR PRADESH KM 0 TO 43 EPC(MINISTRY OF ROAD TRANSPORT AND HIGHWAYS (STATE PWDs)),Ongoing Not Active,11,2.67,2.17,2.73,1.79
N24000401,SIDHI TO SINGRAULI SECTION OF NH-75E (4L) IN MP (MINISTRY OF ROAD TRANSPORT AND HIGHWAYS (STATE PWDs)),Ongoing Not Active,17,215.2,202.81,10.94,10.55
N24000403,JUNCTION WITH MDR-13 NEAR JARWAL TO BAHRAICH SECTION OF NH-28C IN UTTAR PRADESH KM 43 TO 93 EPC(MINISTRY OF ROAD TRANSPORT AND HIGHWAYS (STATE PWDs)),Ongoing Not Active,11,4.4,8.09,2.56,1.75
N24000404,DEVELOPMENT TO FOUR LANE WITH PAVED SHOULDERS OF TALLEWAL-BARNALA SECTION OF NH-71 FROM EXISTING KM EPC(PUBLIC WORKS DEPT OF STATE),Ongoing Not Active,11,3.39,8.68,1.02,1.03
N24000405,WIDENING AND STG.OF EXISTING TWO-LANE CARRIAGEWAY TO FOUR LANES WITH PAVED SIDE SHOULDERS OF AMRTISA EPC(PUBLIC WORKS DEPT OF STATE),Ongoing Not Active,11,2.99,4.74,1.17,1.02
N24000407,FOUR LANING OF 5.122 KM OF NH 9 (NEW NH 65) FROM KM 269/900 (DESIGN CH. 0/0) TO KM 275/022 (DESIGN C(MINISTRY OF ROAD TRANSPORT AND HIGHWAYS (STATE PWDs)),Ongoing Not Active,17,10.31,9.71,6.86,11.15
N24000409,STRENGTHENING AND CONSTRUCTION OF PAVED SHOULDERS INCLUDING REHABILITATION/REPAIRING OF BRIDGES FROM ITEM RATE(MINISTRY OF ROAD TRANSPORT AND HIGHWAYS (STATE PWDs)),Ongoing Not Active,11,20.89,14.58,3.74,2.06
N24000410,MANDLA-CHILPI SECTION OF NH-12A IN MADHYA PRADESH KM 89/6 TO KM 192/4 OF NH-12A EPC(NATIONAL HIGHWAYS DEVELOPMENT PROJECT),Ongoing Not Active,11,9.09,6.72,1.81,2.62
N24000411,STRENGTHENING AND WIDENING OF NH-44 FROM KM.173.125 TO KM. 272.241 OF NH-44 AND ALONG THE KARIMGANJ EPC(MINISTRY OF ROAD TRANSPORT AND HIGHWAYS (STATE PWDs)),Ongoing Not Active,16,20.32,26.54,3.81,2.42
N24000412,MANGAWA-MP/UP BORDER SECTION OF NH-27 (4L) IN MP BOT (TOLL)(MINISTRY OF ROAD TRANSPORT AND HIGHWAYS (STATE PWDs)),Ongoing Not Active,24,13.95,9.83,15.8,16.2
N24000413,IMPROVEMENT FROM KM 0/0 TO 68/0 EPC(PUBLIC WORKS DEPT OF STATE),Ongoing Not Active,11,1.95,4.21,3.46,2.71
N24000415,CONSTRUCTION OF A NEW 2-LANE HIGHWAY FROM KM 0.00 (ON NH- 54 NEAR LAWNGTLAI) ITEM RATE(MINISTRY OF ROAD TRANSPORT AND HIGHWAYS (STATE PWDs)),Ongoing Not Active,23,14.93,35.61,22.76,11.36
N24000416,REHABILITATION AND UPGRADATION OF NH-167 FROM KM 70 EPC(PUBLIC WORKS DEPT OF STATE),Ongoing Not Active,11,8.26,7.35,2.62,4.79
N24000417,REHABILITATION AND UP-GRADATION OF NH-149 FROM KM 0.00 TO KM 68.280 (PALLAHARA-PITRI JUNCTION) IN TH EPC(MINISTRY OF ROAD TRANSPORT AND HIGHWAYS (STATE PWDs)),Ongoing Not Active,17,1.21,3.86,5.43,4.07
N24000418,SONOULI TO GORAKHPUR SECTION OF NH-29E IN UTTAR PRADESH KM 0/0 TO 80/0 EPC(MINISTRY OF ROAD TRANSPORT AND HIGHWAYS (STATE PWDs)),Ongoing Not Active,11,2.08,0.92,2.7,1.79
N24000419,Public Works Dept Of State TWO LANING OF HOJ POTIN SECTION OF NH 229 (19.06 KM) IN ARUNACHAL PRADESH UNDER ARUNACHAL PRADESH PA,Ongoing Not Active,11,25.48,27.83,12.91,7.74
N24000420,TWO LANING OF YUPIA - HOJ SECTION (20.40 KM) IN ARUNACHAL PRADESH UNDER ARUNACHAL PRADESH PACKAGE OF ITEM RATE(PUBLIC WORKS DEPT OF STATE),Ongoing Not Active,11,18.25,24.16,12.54,7.74
N24000426,LANE WITH PAVED SHOULDER WITH PROVISION OF CAPACITY AUGMENTATION OF RAJASTHAN BORDER-FATEHPUR-SALA PPP (BOT)(NATIONAL HIGHWAYS AUTHORITY OF INDIA),Ongoing Not Active,21,33.2,37.24,25.02,21.55
N24000427,Expenditure (Rs. crore) 4 LANING OF BAHARAGORA - SINGHARA (NATIONAL HIGHWAYS AUTHORITY OF INDIA),Ongoing Not Active,21,4.36,14.34,3.79,1.94
N24000429,LANING FROM END OF NAGAON BYPASS TO RANGAGARA (KM. 278.60 TO KM. 297.00) OF NH-37ON EPC BASIS (NATIONAL HIGHWAYS AND INFRASTRUCTURE DEVELOPMENT CORPORATION Ltd.),Ongoing Not Active,14,33.33,33.39,2.21,2.1
N24000430,National Highways And Infrastructure Development Corporation Ltd. 4 LANING FROM GOHPUR TO HOLONGI SECTION FROM KM 264.10 OF NH 52 TO KM 20.37 OF NH 52A,Ongoing Not Active,17,1.84,2.06,4.46,3.83
N24000433,DEVELOPMENT OF SIX LANE EASTERN PERIPHERAL EXPRESSWAY ( PKG-VI) (NATIONAL HIGHWAYS AUTHORITY OF INDIA),Ongoing Not Active,9,4.03,4.41,1.9,1.08
N24000434,4 LANING OF BIAORA - DEWAS,Ongoing Not Active,2,,,,
N24000435,CONSTRUCTION OF KARALPHATA INTERCHANGE FROM 3.600 TO KM 6.073 OF NH4B AND FROM 5.300 TO KM 7.422 ( (NATIONAL HIGHWAYS AUTHORITY OF INDIA),Ongoing Not Active,21,109.82,106.99,8.36,8.59
N24000436,DEVELOPMENT OF SIX LANE EASTERN PERIPHERAL EXPRESSWAY ( PKG-V) (NATIONAL HIGHWAYS AUTHORITY OF INDIA),Ongoing Not Active,9,16.45,11.56,1.9,1.08
N24000437,CONSTRUCTION OF ISLAMPUR BY PASS,Ongoing Not Active,21,20.76,21.31,3.78,1.84
N24000439,"September,2021 4 LANING OF FAGNE - MAH-GUJ BORDER ( PKG-3) (NATIONAL HIGHWAYS AUTHORITY OF INDIA)",Ongoing Not Active,18,13.16,18.5,3.34,2.04
N24000440,DEVELOPMENT OF SIX LANE EASTERN PERIPHERAL EXPRESSWAY ( PKG-IV) (NATIONAL HIGHWAYS AUTHORITY OF INDIA),Ongoing Not Active,9,7.26,3.66,1.93,1.08
N24000441,CONSTRUCTION OF GAVANPHATA INTERCHANGE FROM 14.740 TO KM 15.894 ( OLD SH -54) PKG-2 (NATIONAL HIGHWAYS AUTHORITY OF INDIA),Ongoing Not Active,21,27.67,24.77,2.61,2.74
N24000443,LANING OF AMBALA - KAITHAL - PACKAGE -1 (NATIONAL HIGHWAYS AUTHORITY OF INDIA),Ongoing Not Active,20,166.99,181.59,6.47,8.95
N24000444,CONSTRUCTION OF BRIDGE INCLUDING APPROACHES ACROSS RIVER ZUARI ON NH-17 (NH-66) ON PANJIM-MANGALORE (MoRTH ),Ongoing Not Active,27,178.74,176.03,11.76,11.56
N24000445,BIKANER - PHALODI SECTION TO FOUR LANING FROM KM.4.200 TO KM 55.25 AND TWO-LANE PAVED SHOULDER FROM PPP (BOT)(NATIONAL HIGHWAYS AUTHORITY OF INDIA),Ongoing Not Active,21,12.95,12.87,7.71,9.02
N24000446,DEVELOPMENT OF SIX LANE EASTERN PERIPHERAL EXPRESSWAY ( PKG-III) (NATIONAL HIGHWAYS AUTHORITY OF INDIA),Ongoing Not Active,12,1.72,4.53,2.02,2.6
N24000447,BELA(RIWA)-MP/UP BORDER (4L) OF NH-7 IN MP BOT (TOLL)(NATIONAL HIGHWAYS DEVELOPMENT PROJECT),Ongoing Not Active,11,22.76,17.52,4.36,2.09
N24000448,LANING OF AMBALA - KAITHAL - PACKAGE -2 (NATIONAL HIGHWAYS AUTHORITY OF INDIA),Ongoing Not Active,21,21.33,20.0,5.69,6.46
N24000449,LANING OF MUKARBA CHOWK TO PANIPAT PPP (BOT)(NATIONAL HIGHWAYS AUTHORITY OF INDIA),Ongoing Not Active,21,72.36,58.92,8.37,7.61
N24000450,DEVELOPMENT OF SIX LANE EASTERN PERIPHERAL EXPRESSWAY ( PKG-II) (NATIONAL HIGHWAYS AUTHORITY OF INDIA),Ongoing Not Active,12,12.06,7.69,2.53,2.78
N24000451,LANING OF ROAD PORT CONNECTIVITY JNPT PHASE II - CONSTRUCTION OF NH-348 - PKG3 (NATIONAL HIGHWAYS AUTHORITY OF INDIA),Ongoing Not Active,21,10.79,6.66,12.42,10.74
N24000452,LANING OF AGRA - ETAWAH BYPASS (NATIONAL HIGHWAYS AUTHORITY OF INDIA),Ongoing Not Active,17,16.39,10.06,3.38,2.0
N24000453,LANING OF SOLAPUR YEDISHI SECTION OF NH-211 PPP (BOT)(NATIONAL HIGHWAYS AUTHORITY OF INDIA),Ongoing Not Active,21,5.36,4.62,7.75,7.93
N24000454,4-LANING OF SOLAPUR - MAHARASHTRA/ KARNATKA SECTION,Ongoing Not Active,22,13.69,5.89,15.67,16.48
N24000455,LANING OF GOMTI CHAURAHA - UDAIPUR EPC(NATIONAL HIGHWAYS AUTHORITY OF INDIA),Ongoing Not Active,2,,,,
N24000456,4-LANING OF ROHTAK - HISSAR SECTION PPP (BOT)(NATIONAL HIGHWAYS AUTHORITY OF INDIA),Ongoing Not Active,2,,,,
N24000458,4 LANING OF GUNA TO BIAORA,Ongoing Not Active,2,,,,
N24000459,LANING OF KAZHAKKOTTAM TO MUKKOLA SECTION OF NH-47 (NATIONAL HIGHWAYS AUTHORITY OF INDIA),Ongoing Not Active,21,23.81,16.02,4.63,2.0
N24000465,4-LANING OF KASHIPUR-SITARGANJ SECTION (MEGA ),Ongoing Not Active,7,10.12,3.85,6.68,1.03
N24000467,NH 79 OF CHITTORGARH NEEMUCH MP BORDER KM 183 000 TO KM 221 400 BY FOUR LANING WITH PAVED SHOULDER A BOT (TOLL)(MINISTRY OF ROAD TRANSPORT AND HIGHWAYS (STATE PWDs)),Ongoing Not Active,17,52.12,87.72,9.42,6.97
N24000468,FOUR LANING OF REWA - KATNI - JABALPUR - PACKAGE -II (NATIONAL HIGHWAYS AUTHORITY OF INDIA),Ongoing Not Active,20,38.5,47.61,4.49,1.97
N24000469,FOUR LANING OF REWA - KATNI - JABALPUR - PACKAGE -I (NATIONAL HIGHWAYS AUTHORITY OF INDIA),Ongoing Not Active,20,33.48,46.5,4.52,1.9
N24000470,NH 79 CHITTORGARH NEEMUCH MP BORDER FOUR LANING AND NH 113 NIMBAHERA PRATAPGARH TWO LANING BOT (TOLL)(MINISTRY OF ROAD TRANSPORT AND HIGHWAYS (STATE PWDs)),Ongoing Not Active,17,26.0,19.52,9.28,6.7
N24000471,FOUR LANING OF RAMBAN - BANIHAL SECTION OF NH-1A,Ongoing Not Active,21,18.54,18.34,13.71,15.09
N24000472,NAGPUR - KONDHALI (NATIONAL HIGHWAYS AUTHORITY OF INDIA),Ongoing Not Active,12,27.01,20.22,15.67,7.88
N24000473,FOUR LANING OF PATNA TO KOILWAR,Ongoing Not Active,21,13.2,7.64,3.49,1.69
N24000474,JABALPUR-BARELA SECTION OF NH-12A IN MADHYA PRADESH KM 477/6 OF NH-7 TO KM 22/8 OF NH-12A (NATIONAL HIGHWAYS DEVELOPMENT PROJECT),Ongoing Not Active,11,9.73,11.25,2.32,3.08
N24000475,JABALPUR TO HIREN RIVER SECTION OF NH-12 IN MADHYA PRADESH KM 11/400 TO 66/400 (MoRTH),Ongoing Not Active,26,57.74,56.34,5.6,4.48
N24000476,IMPROVEMENT OF AMRITSAR BYPASS BY CONSTRUCTION OF ADDITIONAL STRUCTURE AND SERVICE ROADS ON NH-1 (NATIONAL HIGHWAYS AUTHORITY OF INDIA),Ongoing Not Active,11,4.5,2.32,1.1,1.39
N24000477,GURGAON - KOTPUTLI - JAIPUR (SIX LANE) PPP (BOT)(NATIONAL HIGHWAYS AUTHORITY OF INDIA),Ongoing Not Active,22,41.3,32.76,31.09,31.82
N24000478,Ministry Of Road Transport And Highways (State Pwds) 252 GOHARGANJ TO BHOPAL SECTION OF NH-12 IN MADHYA PRADESH KM 43 TO 93,Ongoing Not Active,22,118.25,120.91,7.25,7.54
N24000479,Expenditure (Rs. crore) FOUR LANING OF PARWANOO -SOLAN (NATIONAL HIGHWAYS AUTHORITY OF INDIA),Ongoing Not Active,22,110.52,103.86,15.23,13.09
N24000481,FOUR LANING OF ORISSA/CHATTISGARH BORDER - AURANG SECTION (NATIONAL HIGHWAYS AUTHORITY OF INDIA),Ongoing Not Active,9,21.27,21.73,9.79,9.75
N24000482,FOUR LANING OF KOILWAR TO BHOJPUR (NATIONAL HIGHWAYS AUTHORITY OF INDIA),Ongoing Not Active,23,4.91,6.46,7.95,7.69
N24000483,FOUR LANNING OF LUDHIYANA- TALWANDI SECTION,Ongoing Not Active,21,6.7,10.04,4.62,2.16
N24000484,FOUR LANING OF KHARAR - KURALI SECTION OF NH-21 (NATIONAL HIGHWAYS AUTHORITY OF INDIA),Ongoing Not Active,9,5.74,4.77,1.13,0.85
N24000485,FOUR LANING WITH PS TALEBANI -SMBALPUR (NATIONAL HIGHWAYS AUTHORITY OF INDIA),Ongoing Not Active,22,15.24,10.72,4.97,3.78
N24000487,FOUR LANING OF KAITHAL - RAJASTHAN BORDER,Ongoing Not Active,9,32.45,39.52,1.56,0.75
N24000488,FOUR LANING OF UDHAMBUR - RAMBAN SECTION OF NH-1A (NHAI ),Ongoing Not Active,29,74.34,96.72,4.7,4.62
N24000489,FOUR LANING OF JABALPUR - LAKHNADON (NATIONAL HIGHWAYS AUTHORITY OF INDIA),Ongoing Not Active,20,7.83,7.53,4.73,4.79
N24000491,FOUR LANING OF SULTANPUR TO VARANASI (PKG-II) (NATIONAL HIGHWAYS AUTHORITY OF INDIA),Ongoing Not Active,21,284.91,306.21,11.42,11.42
N24000492,FOUR LANING OF HISAR - DABWALI SECTION WITH PS - PACKAGE -2 (NATIONAL HIGHWAYS AUTHORITY OF INDIA),Ongoing Not Active,14,165.31,170.35,3.1,3.59
N24000493,FOUR LANING OF SULTANPUR TO VARANASI (PKG-I),Ongoing Not Active,25,171.61,207.18,8.34,9.47
N24000495,FOUR LANING OF SIMGA - SARAGAON (NATIONAL HIGHWAYS AUTHORITY OF INDIA),Ongoing Not Active,21,53.4,51.23,10.97,11.31
N24000498,FOUR LANING OF GHAGHRA BRIDGE TO VARANASI (PKG-III) (NATIONAL HIGHWAYS AUTHORITY OF INDIA),Ongoing Not Active,21,305.07,345.81,10.52,11.12
N24000499,FOUR LANING OF GHAGHRA BRIDGE TO VARANASI (PKG-II),Ongoing Not Active,25,274.34,395.94,9.77,11.67
N24000500,FOUR LANING OF SHIVPURI - GUNA PACKAGE - I PPP (BOT)(NATIONAL HIGHWAYS AUTHORITY OF INDIA),Ongoing Not Active,9,9.47,9.63,1.0,0.76
N24000501,FOUR LANING OF FORBESGANJ - JOGBANI (NATIONAL HIGHWAYS AUTHORITY OF INDIA),Ongoing Not Active,23,5.28,8.06,14.8,14.43
N24000502,FOUR LANING OF SARAGAON - BILASPUR,Ongoing Not Active,19,10.06,5.17,5.08,4.58
N24000503,FOUR LANING OF CHANDIGARH - KHARAR (NATIONAL HIGHWAYS AUTHORITY OF INDIA),Ongoing Not Active,17,140.43,134.69,9.76,13.56
N24000504,FOUR LANING OF REWA - KATNI - JABALPUR - PACKAGE -IV (NATIONAL HIGHWAYS AUTHORITY OF INDIA),Ongoing Not Active,20,2.11,2.24,4.73,4.7
N24000505,FOUR LANING OF BIAORA –DEWAS SECTION OF NH-3 FROM KM 426.100 TO KM 566.450 IN THE STATE OF MADHYA PR PPP (BOT)(NATIONAL HIGHWAYS AUTHORITY OF INDIA),Ongoing Not Active,15,131.15,133.81,4.65,4.66
N24000508,FOUR LANING OF AURANGABAD - YEDISHI PPP (BOT)(NATIONAL HIGHWAYS AUTHORITY OF INDIA),Ongoing Not Active,18,56.28,36.73,14.79,15.4
N24000509,FOUR LANING FROM MPMAHARASHTRA BORDER TO NAGPUR IC KAMPTEE KANOON AND NAGPUR BYPASS (NATIONAL HIGHWAYS AUTHORITY OF INDIA),Ongoing Not Active,19,46.04,14.82,13.78,7.57
N24000511,Ministry Of Road Transport And Highways (State Pwds) WIDNG WITH PS AND STRNG FROM KM.0.00 TO 50.675 OF NH-730A EPC MODE,Ongoing Not Active,22,25.45,26.17,24.75,28.6
N24000512,WIDENING ANDSTRENGTHENING FROM KM.505.00 TO 538.00 OF NH- 730 (EPC MODE) EPC(MINISTRY OF ROAD TRANSPORT AND HIGHWAYS (STATE PWDs)),Ongoing Not Active,11,11.42,8.75,0.61,1.0
N24000514,WIDENING TO 4/6 LANES OF EXISTING NH-17 FROM KM 531/934 (AFTER ZUARI BR.) TO KM 536/250 JN. WITH VER EPC(MINISTRY OF ROAD TRANSPORT AND HIGHWAYS (STATE PWDs)),Ongoing Not Active,24,113.72,128.37,7.82,7.82
N24000516,N.A. 770.90 54 WIDENING TO 4/6/8 LANES OF EXISTING NH-17 FROM KM 522/615 (NEAR GMC) TO KM 530/850 JOINING NEW ZUIAR (MoRTH),Ongoing Not Active,27,161.56,158.56,7.96,6.84
N24000517,TWO LANING WITH PS OF JOWAI -MEHALAYA /ASSAM BORDER SECTION OF NH-44 (NATIONAL HIGHWAYS AUTHORITY OF INDIA),Ongoing Not Active,19,5.44,3.61,4.91,7.65
N24000520,TWO LANING WITH PS OF UNCHA NAGLA - KHANUWARA - ROPPAS - DHOLPUR (NATIONAL HIGHWAYS AUTHORITY OF INDIA),Ongoing Not Active,19,6.76,5.66,3.68,3.06
N24000521,TWO LANING WITH PS OF CHHAPRA -GOPALGANJ (NATIONAL HIGHWAYS AUTHORITY OF INDIA),Ongoing Not Active,21,48.24,31.9,4.07,3.13
N24000523,WIDENING TO 2 LANE AND IMPROVEMENT FROM KM 100/700 TO 186/700 OF VIJAYWADA RANCI ROUTE IN ODISHA EPC(MINISTRY OF ROAD TRANSPORT AND HIGHWAYS (STATE PWDs)),Ongoing Not Active,17,31.75,31.59,7.69,2.96
N24000524,WIDENING STG.OF EXISTING TWO-LANE CARRIAGEWAY TO FOUR LANES WITH PAVED SIDE SHOULDERS OF HARIKE-ZIRA EPC(MINISTRY OF ROAD TRANSPORT AND HIGHWAYS (STATE PWDs)),Ongoing Not Active,17,9.87,15.5,3.26,1.91
N24000526,WIDENING STG.OF EXISTING TWO-LANE CARRIAGEWAY TO FOUR LANES WITH PAVED SIDE SHOULDERS OF FARIDKOT-KO EPC(PUBLIC WORKS DEPT OF STATE),Ongoing Not Active,11,11.46,21.91,0.93,0.99
N24000527,WIDENING TO 2 LANE AND IMPROVEMENT VIJAYWADA RANCI ROUTE FROM KM 377-700 TO 471-900 (BERHMAPUR-TAPTA EPC(MINISTRY OF ROAD TRANSPORT AND HIGHWAYS (STATE PWDs)),Ongoing Not Active,22,21.4,17.49,17.96,16.85
N24000529,WIDENING AND STRENGTHENING FROM KM.505.00 TO 538.00 OF NH- 730 (EPC MODE) EPC(MINISTRY OF ROAD TRANSPORT AND HIGHWAYS (STATE PWDs)),Ongoing Not Active,11,11.42,8.75,0.61,1.0
N24000536,REHABILITATION AND UPGRADING TO 2 LANE WITH PAVED SHOULDERS CONFIGURATION AND STRENGTHENING OF ANISH (MINISTRY OF ROAD TRANSPORT AND HIGHWAYS (STATE PWDs)),Ongoing Not Active,10,3.15,3.67,2.69,2.76
N24000537,Ministry Of Road Transport And Highways REHABILITATION AND UPGRADING TO 2 LANE WITH PAVED SHOULDERS CONFIGURATION AND STRENGTHENING OF ANISH,Ongoing Not Active,17,2.73,9.96,14.19,17.7
N24000538,REHABILITATION AND AUGMENTAION OF NH-222 FROM KM 101.00 TO 161.570 UNDER NHDP-IV ON EPC MODE. JOB NO (PUBLIC WORKS DEPT OF STATE),Ongoing Not Active,10,10.3,9.41,3.99,3.22
N24000539,MEERUT-BULANDSHAHAR (NATIONAL HIGHWAYS AUTHORITY OF INDIA),Ongoing Not Active,20,99.99,92.95,3.38,2.12
N24000540,DELHI-MEERUT EXPRESSWAY PKG-I KM 0 TO 8.360 KM (NATIONAL HIGHWAYS AUTHORITY OF INDIA),Ongoing Not Active,9,7.09,4.16,1.2,0.82
N24000541,DELHI-MEERUT EXPRESSWAY PKG-III 6 LANNING FROM KM 27.740 TO 49.346 KM (NATIONAL HIGHWAYS AUTHORITY OF INDIA),Ongoing Not Active,17,15.79,11.77,2.92,3.25
N24000542,BALANCE WORK OF 4-LANNING FROM KM 153.000 TO KM 175.000 OF NAGPUR- HYDERABAD SECTION NS-62 (NATIONAL HIGHWAYS AUTHORITY OF INDIA),Ongoing Not Active,17,123.87,123.27,3.89,3.46
N24000544,ALIGARH MORADABAD SECTION OF NH-93 FROM KM 85.650 TO KM 232.020 (NATIONAL HIGHWAYS AUTHORITY OF INDIA),Ongoing Not Active,20,4.08,8.17,4.11,2.34
N24000545,FOUR LANNING OF NH-9 FROM VIJAYWADA-MACHLIPATNAM (KM 0.000 TO 63.800) (NATIONAL HIGHWAYS AUTHORITY OF INDIA),Ongoing Not Active,17,5.86,7.44,3.39,2.58
N24000546,LANE WITH PAVED SHOULDERS ON KULLU TO MANALI (KM 272/00 TO 309/345) (NATIONAL HIGHWAYS AUTHORITY OF INDIA),Ongoing Not Active,18,6.99,8.99,3.03,2.57
N24000548,4-LANNING OF MAHULIA BAHARAGORA-JH/WB BORDER SECTION (NATIONAL HIGHWAYS AUTHORITY OF INDIA),Ongoing Not Active,16,56.04,64.1,4.13,3.92
N24000549,4-LANNING OF VARANASI GORAKHPUR SECTION OF NH-29 FROM 88.00 148.00 KM 4-LANNING OF VARANASI GORAKHPU (NHAI),Ongoing Not Active,25,1204.21,1327.76,9.71,11.88
N24000550,JHARPOKHARIA-BARIPADA-BALESHWAR SECTION (NATIONAL HIGHWAYS AUTHORITY OF INDIA),Ongoing Not Active,21,5.61,5.97,4.32,2.96
N24000551,4-LANNING OF VARANASI GORAKHPUR SECTION OF NH-29 FROM 148.00 208.300 KM [PACKAGE-IV] (NHAI ),Ongoing Not Active,26,170.36,239.51,4.64,5.43
N24000553,"Expenditure (Rs. crore) CONSTRUCTION OF ROB –FLYOVER AT RANICHAK, HALDIA (NATIONAL HIGHWAYS AUTHORITY OF INDIA)",Ongoing Not Active,17,9.82,11.9,6.38,11.37
N24000554,4-LANNING EXISTING KM 263.00 TO 328.00] ADDAHOLE TO BANTAWAL (NATIONAL HIGHWAYS AUTHORITY OF INDIA),Ongoing Not Active,19,113.57,115.27,2.13,2.27
N24000555,FOUR LANNING OF TAMIL NADU KERALA BORDER TO VILLUKURI FROM KM. 43.00 TO 70.25 OF NH-47 UNDER NHDP-PH,Ongoing Not Active,21,5.64,6.06,12.93,11.35
N24000556,FOUR LANNING OF RAMPUR- KATHGODAM SECTION OF NH-87 FROM KM 0.000 (KM. 190.000 OF NH-24) TO KM 42.791 (NHAI ),Ongoing Not Active,27,232.96,261.97,18.59,15.44
N24000557,FOUR LANNING OF VILLUKURI TO KANYAKUMARI SECTION FROM KM 70.25 TO 96.714 OF NH-47 AND NAGERCOIL TO K,Ongoing Not Active,21,9.24,2.82,12.46,11.08
N24000559,FOUR LANNING OF RAMPUR- KATHGODAM SECTION OF NH-87 FROM KM 42.791 (DESIGN CHAINAGE 43.446) TO KM 88 (NHAI ),Ongoing Not Active,27,96.37,101.45,9.74,10.01
N24000560,NAGPUR RING ROAD PACKAGE-2 (NHAI ),Ongoing Not Active,28,16.3,18.45,13.03,11.71
N24000561,BALANCE WORK OF 4-LANNING FROM KM 94.000 TO KM 123.000 OF NAGPUR- HYDERABAD SECTION NS-60 (NATIONAL HIGHWAYS AUTHORITY OF INDIA),Ongoing Not Active,10,10.21,6.1,1.46,1.92
N24000564,4-LANNING OF HARIDWAR-NAGINA SECTION OF NH 74 FROM (KM 204.300 OF NH 58) TO KM 73.00 (NHAI ),Ongoing Not Active,28,133.53,198.88,3.87,5.27
N24000566,LANNING OF MUKKOLA JUNCTION TO KERALA/ TAMIL NADU BORDER FROM KM 26.500 TO KM 43.000 OF NH-47 IN T (NATIONAL HIGHWAYS AUTHORITY OF INDIA),Ongoing Not Active,24,54.93,67.42,5.7,4.44
N24000571,SIX-LANING OF KAMREJ-CHALTHAN SECTION OF NH-8 FROM KM 248.100 TO KM 264.350 INCLUDING LONG TERM REME(NATIONAL HIGHWAYS AUTHORITY OF INDIA),Ongoing Not Active,20,18.51,26.79,3.06,1.8
N24000572,CONSTRUCTION OF 4-LANE LADDOWAL BYPASS (NATIONAL HIGHWAYS AUTHORITY OF INDIA),Ongoing Not Active,18,0.95,5.72,2.77,1.92
N24000573,REHABILITATION AND UPGRADING TO 2 LANES/2 LANE WITH PAVED SHOULDERS CONFIGURATION OF ANISABAD-AURANG (MINISTRY OF ROAD TRANSPORT AND HIGHWAYS (STATE PWDs)),Ongoing Not Active,9,4.55,7.11,4.27,2.89
N24000574,"ENGINEERING, PROCUREMENT, AND CONSTRUCTION OF REHABILITATION AND UPGRADING TO 2-LANES/2 -LANE WITH P (MINISTRY OF ROAD TRANSPORT AND HIGHWAYS (STATE PWDs))",Ongoing Not Active,23,48.75,51.92,16.53,18.08
N24000575,REHABILITATION AND UPGRADING TO 2 LANES/2 LANE WITH PAVED SHOULDERS CONFIGURATION AND STRENGTHENING (MINISTRY OF ROAD TRANSPORT AND HIGHWAYS (STATE PWDs)),Ongoing Not Active,16,19.96,17.77,4.36,3.43
N24000577,"ENGINEERING, PROCUREMENT, AND CONSTRUCTION OF REHABILITATION AND UPGRADING TO 2-LANES/2 -LANE WITH P(MINISTRY OF ROAD TRANSPORT AND HIGHWAYS (STATE PWDs))",Ongoing Not Active,15,0.44,0.31,3.11,6.76
N24000580,STRENGTHENING AND WIDENING WORK OF EXISTING 2-LANE TO TWO LANE WITH PAVED SHOULDER AND GEMETRIC IMPR (MINISTRY OF ROAD TRANSPORT AND HIGHWAYS (STATE PWDs)),Ongoing Not Active,16,8.23,9.25,4.42,4.85
N24000581,CONSTRUCTION OF BHAGALPUR BYPASS FROM KM 124/175 TO 140/200 OF NH-80 UNDER EPC MODE (MINISTRY OF ROAD TRANSPORT AND HIGHWAYS (STATE PWDs)),Ongoing Not Active,16,5.78,7.35,4.57,7.45
N24000585,4-LANNING OF NH17 AND NEW NO. NH66 FROM KM 241/300 TO 281/300 UNDER HYBRID ANNUITY MODE (MoRTH ),Ongoing Not Active,27,244.32,251.39,8.29,5.5
N24000586,TWO LANNING WITH PAVED SHOULDER OF SALASAR-NAGAUR PPP (BOT)(NATIONAL HIGHWAYS AUTHORITY OF INDIA),Ongoing Not Active,17,2.66,4.81,1.24,1.43
N24000588,SIX LANE OF GREENFIELD PROPOSED UDAIPUR BYPASS [CONNECTION BETWEEN NH-76 AT EXISTING KM (NATIONAL HIGHWAYS AUTHORITY OF INDIA),Ongoing Not Active,4,20.63,0.7,0.18,0.4
N24000589,FOUR LANNING OF BAR-BILARA-JODHPUR SECTION OF NH-112 (EXISTING KM 0+000TO KM (NATIONAL HIGHWAYS AUTHORITY OF INDIA),Ongoing Not Active,20,1.29,3.77,7.33,7.52
N24000590,BALANCE WORK OF 4 LANING OF GORAKPUR -GOPALGANJ (NATIONAL HIGHWAYS AUTHORITY OF INDIA),Ongoing Not Active,20,7.39,1.99,18.8,19.43
N24000591,LANNING WITH PS DAUSA-LALSOT-KAUTHUN SECTION OF NH-11A (NATIONAL HIGHWAYS AUTHORITY OF INDIA),Ongoing Not Active,17,23.47,24.93,2.65,4.64
N24000593,TWO LANNING WITH PAVED SHOULDER OF MANOHARPUR-DAUSA SECTION OF NH-11A(NEW NH-148) FROM KM 62.100 KM (NATIONAL HIGHWAYS AUTHORITY OF INDIA),Ongoing Not Active,17,5.59,9.17,4.17,4.02
N24000594,TWO/FOUR LANNING WITH PAVED SHOULDERS OF GOVINDPUR (RAIGANJ)-CHAS- WEST BENGAL BORDER SECTION OF NH,Ongoing Not Active,20,5.01,8.85,3.42,2.35
N24000597,UP/HARYANA BORDER - YAMUNA NAGAR -SAHA- BARWALA - PANCHKULA ( PKG - 1) (NATIONAL HIGHWAYS AUTHORITY OF INDIA),Ongoing Not Active,7,4.14,16.63,0.88,0.5
N24000598,4-LANING OF HOSKOTE-DOBBASPET,Ongoing Not Active,9,10.9,16.93,2.23,1.27
N24000599,LANNING OF LUCKNOW-SULTANPUR SECTION OF NH-56 FROM KM 11.500 (NATIONAL HIGHWAYS AUTHORITY OF INDIA),Ongoing Not Active,17,42.86,48.06,3.85,3.35
N24000600,LANING FROM KHARAR TO LUDHIYANA FROM KM 10.185 (DESIGN CHAINAGE) TO KM 86.199(DESIGN CHAINAGE) (NATIONAL HIGHWAYS AUTHORITY OF INDIA),Ongoing Not Active,19,125.85,141.85,7.49,7.56
N24000602,FOUR LANNING OF HUBLI-HOSPET SECTION OF NH-63 FROM KM. 129.249 PHASE-IVB (NATIONAL HIGHWAYS AUTHORITY OF INDIA),Ongoing Not Active,19,6.37,110.46,6.91,6.82
N24000603,HOSPET-BELLARY- KARNATAKA AP BORDER (NHAI ),Ongoing Not Active,26,145.96,157.96,18.81,16.33
N24000606,TWO LANNING WITH FORMATION OF FOUR LANE OF PROPOSED SHIMLA BYPASS,Ongoing Not Active,20,2.43,18.51,2.93,1.75
N24000607,FOUR LANING OF BARHI-HAZARIBAGH NH-33 (NATIONAL HIGHWAYS AUTHORITY OF INDIA),Ongoing Not Active,19,13.33,15.13,10.73,11.02
N24000608,CONSTRUCTION OF FOUR LANING OF UP/HARYANA NH-73 (NATIONAL HIGHWAYS AUTHORITY OF INDIA),Ongoing Not Active,15,6.91,4.5,5.32,10.03
N24000609,DEVELOPMENT OF SIX LANE EASTERN PERIPHERAL EXPRESSWAY ( PKG-I)_NEW (NATIONAL HIGHWAYS AUTHORITY OF INDIA),Ongoing Not Active,10,439.29,386.04,1.6,1.14
N24000610,"Ministry Of Road Transport And Highways REHABILIATION OF 4-LANE 5.575 KM LONG,4-LANE MG SETU OVER GANGA RIVER ON NH-19 FROM KM 212.72 TO KM",Ongoing Not Active,20,97.6,87.45,20.36,19.9
N24000617,CONSTRUCTION OF 2-LANE ROAD FROM EXISTING KM. 37.500 OF HUNLI-ANINI ROAD (NEAR ITHUN BRIDGE) TO KM. (NATIONAL HIGHWAYS AND INFRASTRUCTURE DEVELOPMENT CORPORATION Ltd.),Ongoing Not Active,15,1.98,2.32,4.3,7.33
N24000618,FUNDED )CONSTRUCTION OF 2-LANE HUNLI-ANINI ROAD FROM KM 53.500 TO KM 92.500 IN THE STATE OF ARUNACH(NATIONAL HIGHWAYS AND INFRASTRUCTURE DEVELOPMENT CORPORATION Ltd.),Ongoing Not Active,15,4.88,5.03,2.88,2.54
N24000620,FOUR LANNING OF CHICHRA-KHARAGPUR SECTION OF NH-6 FROM KM 185.150 TO KM 134.400 INCLUDING REHABILITA (NATIONAL HIGHWAYS AUTHORITY OF INDIA),Ongoing Not Active,19,3.17,3.15,10.51,10.74
N24000622,TWO/FOUR LANNING OF BRT TIGER RESERVE BOUNDARY TO BANGALORE SECTION OF NH- 209(EXISTING CHAINAGE FROM (NHAI ),Ongoing Not Active,24,417.06,400.07,26.78,24.0
N24000623,SIX LANNING OF CHITTORGARH-UDAIPUR SECTION OF NH-76 FROM DESIGN CHAINAGE KM. 214.870 TO KM 308.370 I (NATIONAL HIGHWAYS AUTHORITY OF INDIA),Ongoing Not Active,16,9.49,10.7,2.69,1.87
N24000624,SIX LANNING FROM KM 287.400 TO KM 401.200 SECTION OF NH- 8 IN THE STATE OF RAJASTHAN AND GUJARAT(APP (NATIONAL HIGHWAYS AUTHORITY OF INDIA),Ongoing Not Active,17,44.82,43.27,2.6,1.85
N24000625,CONSTRUCTION OF FLYOVER/UNDERPASS FOR IMPROVEMENT OF EXISTING JUNCTIONS AT IFFCO CHOWK AT KM. 28.211 (NATIONAL HIGHWAYS AUTHORITY OF INDIA),Ongoing Not Active,15,91.95,93.01,3.1,2.9
N24000627,4-LANNING OF CHIKHLI TO TARSOD (FROM KM 360-422.700) (NATIONAL HIGHWAYS AUTHORITY OF INDIA),Ongoing Not Active,19,1.34,27.22,3.36,4.29
N24000628,4-LANNING OF TARSOD-FAGNE(FROM KM 422.700-510.00),Ongoing Not Active,22,196.72,171.06,7.41,8.11
N24000630,4-LANNING OF KODEBAD-DHAMTARI SECTION OF NH-43 (FROM KM. 43.400 TO KM. 82.209) IN THE STATE OF CHHAT (NATIONAL HIGHWAYS AUTHORITY OF INDIA),Ongoing Not Active,22,51.65,52.23,13.37,11.84
N24000631,SIX LANNING FROM EXISTING KM 494.410(DESIGN CHAINAGE 540.595) TO EXISTING KM 509.550(DESIGN CHAINAGE (NATIONAL HIGHWAYS AUTHORITY OF INDIA),Ongoing Not Active,19,27.31,35.92,21.49,22.2
N24000632,VIJAYAWADA-GUNDUGOLANU SECTION,Ongoing Not Active,16,34.74,31.28,5.21,3.7
N24000633,"REHABILITAITON AND UPGRADATION TO FOUR LANING OF BINJHABAHAL TO TELEBANI SECTION, KM 414.000 TO KM 4 (NATIONAL HIGHWAYS AUTHORITY OF INDIA)",Ongoing Not Active,19,22.35,26.26,3.37,2.08
N24000634,FOUR LANNING OF TAKOLI-KULLU SECTION OF NH-21 (KM 242+000 TO KM 272+000),Ongoing Not Active,19,54.2,26.24,8.84,8.25
N24000635,2-LANE WITH PAVED SHOULDERS OF GADU-PORBANDER SECTION (NATIONAL HIGHWAYS AUTHORITY OF INDIA),Ongoing Not Active,18,4.48,2.37,2.88,1.91
N24000636,6-LANNING OF KISHANGARH TO GULABPURA SECTION OF NH-79A AND NH-79 IN THE STATE OF RAJASATHAN(PACKAGE- (NATIONAL HIGHWAYS AUTHORITY OF INDIA),Ongoing Not Active,18,18.72,11.72,3.13,2.05
N24000637,CONSTRUCTION OF GORAKHPUR BYPASS FROM EXISTING KM 79.670 OF NH-29E TO EXISTING KM 251.700 OF NH-28 T (NATIONAL HIGHWAYS AUTHORITY OF INDIA),Ongoing Not Active,16,1.41,4.15,2.28,1.5
N24000638,LANING OF KASHIPUR-SITARGANJ SECTION KM. 175.000 TO KM. 252.20 (NATIONAL HIGHWAYS AUTHORITY OF INDIA),Ongoing Not Active,19,73.2,91.44,8.77,10.22
N24000639,WIDENING AND STRENFTHENING OF EXISITNG SL IL TO 2 LANE CARRIAGEWAY WITH PAVED SHOULDER INCLUDING GEO (MINISTRY OF ROAD TRANSPORT AND HIGHWAYS (STATE PWDs)),Ongoing Not Active,19,11.95,13.63,11.94,10.56
N24000640,Ministry Of Road Transport And Highways WIDENING AND STRENGTHENING OF EXISTING SINGLE INTERMEDIATE LANE CARRIAGEWAY TO 2 LANE CARRIAGE WAY W,Ongoing Not Active,14,124.71,126.73,15.38,18.18
N24000641,WIDENING AND STRENGTHENING OF EXISTING SL IL DL TO 2 LANE CARRIAGEWAY WITH PAVED SHOULDER FROM KM (MINISTRY OF ROAD TRANSPORT AND HIGHWAYS (STATE PWDs)),Ongoing Not Active,14,48.03,47.16,4.28,3.81
N24000642,WIDENING TO 2 LANE CARRIAGEWAY WITH PAVED SHOULDERS AND STRENGTHENING FROM KM 162.010 TO KM 224.900 (MINISTRY OF ROAD TRANSPORT AND HIGHWAYS (STATE PWDs)),Ongoing Not Active,8,9.98,8.0,4.23,3.64
N24000643,IMPROVEMENT FROM KM 0 TO KM 68.0 (KANAKTORA TO JHARSUGUDA SECTION) TO 2 LANE CARRIAGEWAY WITH PAVED (MINISTRY OF ROAD TRANSPORT AND HIGHWAYS (STATE PWDs)),Ongoing Not Active,8,2.15,5.52,3.9,1.62
N24000644,REHABILITATION AND UPGRADATION OF NH-149 FROM KM 0.00 TO KM 68.280 (PALLAHARA TO PITRI JUNCTION) IN (MINISTRY OF ROAD TRANSPORT AND HIGHWAYS (STATE PWDs)),Ongoing Not Active,14,1.16,1.55,4.89,3.7
N24000645,Ministry Of Road Transport And Highways REHABILITATION AND UPGRADING TO 2 LANE WITH PAVED SHOULDER CONFIGURATION AND STRENGTHENING OF NAUPAR,Ongoing Not Active,19,19.44,18.9,17.09,16.51
N24000646,Ministry Of Road Transport And Highways WIDENING OF EXISTING IL DL TO 2-LANE WITH 1.5 M WIDE PAVED SHOULDER FROM KM 0.0 TO KM 45.750 (BOLANG,Ongoing Not Active,14,29.04,28.3,3.18,4.15
N24000647,WIDENING AND STRENFTHENING OF EXISITNG SL IL TO 2 LANE CARRIAGEWAY WITH PAVED SHOULDER FROM KM 256.8 (MINISTRY OF ROAD TRANSPORT AND HIGHWAYS (STATE PWDs)),Ongoing Not Active,8,26.43,24.3,3.08,1.3
N24000648,CONSTRUCTION OF NH-28 4-LANE BYPASS STARTING FROM KM 17.600 OF MDR-77C AND TERMINATING AT KM 15.650 (NATIONAL HIGHWAYS AUTHORITY OF INDIA),Ongoing Not Active,16,19.3,14.48,2.08,1.45
N24000649,SIX LANNING FROM KM. 401.200 TO 494.410 OF NH-8 ON HYBRID ANNUITY MODE UNDER NHDP- V(PKG VI)REG. (NHAI ),Ongoing Not Active,25,185.82,169.2,10.9,9.36
N24000650,CONSTRUCTION OF FLYOVER FROM LIBERTY CINEMA TO MENTAL HOSPITAL ON NAGPUR OBEDULLAGANJ ROAD IN THE ST(NATIONAL HIGHWAYS AUTHORITY OF INDIA),Ongoing Not Active,14,9.31,5.71,2.99,6.26
N24000652,FOUR LANNING OF VIKRAVANDI- SETHIYAHOPU FROM KM 0.000 TO KM 60.250(DESIGN CHAINAGE KM 0.000 TO KM 65. (NHAI ),Ongoing Not Active,23,114.02,114.7,11.0,8.9
N24000653,FOUR LANNING OF JHANSI-KHAJURAHO SECTION(PKG-I) FROM KM 0.00 TO KM 76.3(EXISTING KM 106.300 OF NH-2 (NATIONAL HIGHWAYS AUTHORITY OF INDIA),Ongoing Not Active,18,39.56,114.3,6.92,6.89
N24000654,FOUR LANNING OF JHANSI-KHAJURAHO SECTION(PKG-II) OF NH- 75/76 FROM DESIGN CHAINAGE KM 76.3(EXISTING C (NATIONAL HIGHWAYS AUTHORITY OF INDIA),Ongoing Not Active,18,36.4,118.07,10.75,9.99
N24000656,4-LANNING OF BODHRE-DHULE SECTION(KM 390.000 TO 452.800) (NHAI ),Ongoing Not Active,25,187.2,183.77,14.17,12.69
N24000657,4-LANNING OF WARDHA- BUTIBORI SECTION(KM 465.500 TO 524.690),Ongoing Not Active,15,17.65,26.43,3.13,3.17
N24000659,4-LANNING OF WARANGA- MAHAGAON SECTION(KM 253.7000 TO 320.580) (NHAI ),Ongoing Not Active,25,71.19,73.13,12.49,12.32
N24000660,DEVELOPMENT OF MULTILANE CARRIAGEWAY FROM KANHAN TO AUTOMATIVE SQUARE (KM 704.200 TO KM 723.000) (NATIONAL HIGHWAYS AUTHORITY OF INDIA),Ongoing Not Active,16,22.79,24.02,6.25,7.59
N24000661,4-LANNING OF MAHAGAON-YAVATMAL SECTION(KM 320.580 TO 400.575),Ongoing Not Active,15,30.88,39.22,3.18,4.39
N24000663,DEVELOPMENT OF DELHI MEERUT EXPRESSWAY FROM KM.0.000 TO KM 27.500 INCLUDING 6/8 LANNING OF NH-24 FRO (NATIONAL HIGHWAYS AUTHORITY OF INDIA),Ongoing Not Active,16,17.92,14.12,2.37,4.24
N24000664,LANNING OF PUNJAB HARYANA BORDER-JIND SECTION OF NH-71 FROM KM 238.695 TO KM 307.00 ON DBFOT TOLL (NATIONAL HIGHWAYS AUTHORITY OF INDIA),Ongoing Not Active,13,45.83,49.03,4.52,4.78
N24000665,TWO-LANNING WITH PAVED SHOULDER OF MAHSHKUNT- SAHARSA-PURNEA SECTION FROM EXISTING KM.89.020 (DESIGN (NHAI ),Ongoing Not Active,25,50.22,52.84,6.07,6.28
N24000666,CONSTRUCTION OF ROAD APPROACHES TO RAIL-CUM-ROAD BRIDGE ACROSS RIVER GANGA AT MUNGER GHAT NEAR MUNGE (NATIONAL HIGHWAYS AUTHORITY OF INDIA),Ongoing Not Active,18,11.27,9.83,6.48,5.69
N24000667,REHABILITATION AND UPGRADATION OF NH-4 FROM NALAGAMPALLI TO AP/KARNATAKA BORDER (NATIONAL HIGHWAYS AUTHORITY OF INDIA),Ongoing Not Active,10,35.74,47.83,4.03,3.75
N24000668,SIX LANNING OF RANASTALAM-ANANDAPURAM SECTION OF NH-16 FROM KM 634.000 TO KM 681.000 (NATIONAL HIGHWAYS AUTHORITY OF INDIA),Ongoing Not Active,17,43.16,51.57,5.78,5.99
N24000669,LANING OF PISKA MORE TO PALMA SECTION(FROM KM 2.9 TO KM 26.00) (NATIONAL HIGHWAYS AUTHORITY OF INDIA),Ongoing Not Active,12,23.01,15.92,1.26,1.81
N24000670,LANING OF KUTCHERY CHOWK TO BIJU PARA SECTION (FROM KM 0.00 TO KM.34.00) (NATIONAL HIGHWAYS AUTHORITY OF INDIA),Ongoing Not Active,12,9.24,3.99,1.19,1.5
N24000671,REHABILITATION AND UPGRADATION BY 4-LANING OF SINGHARA TO BINJHABAHAL SECTION FROM KM 311.000 TO KM (NATIONAL HIGHWAYS AUTHORITY OF INDIA),Ongoing Not Active,18,129.21,130.87,7.41,9.14
N24000672,6-LANNING OF HANDIA-VARANASI SECTION OF NH-2 FROM KM 713.146 TO KM 785.544 IN THE STATE OF UTTAR PRA (NATIONAL HIGHWAYS AUTHORITY OF INDIA),Ongoing Not Active,16,135.15,153.08,1.99,1.74
N24000673,SIX LANING AND STRENGTHENING OF KM 340+000 TO KM 403+400 OF HUBLI-HAVERI SECTION OF NH-48 (OLD NH-4)(NATIONAL HIGHWAYS AUTHORITY OF INDIA),Ongoing Not Active,3,,,,
N24000674,SIX LANING OF DAVANGERE-HAVERI FROM KM 260+000 TO KM 338+923 OF NH-48(OLD NH-4) STATE OF KARNATAKA (NATIONAL HIGHWAYS AUTHORITY OF INDIA),Ongoing Not Active,17,115.66,117.4,6.51,6.94
N24000675,SIX LANING OF CHITRADURGA-DAVANGERE INCLUDING CHITRADURGA BYPASS(KM 189+000 TO KM 260+000 OF NH-48(O (NATIONAL HIGHWAYS AUTHORITY OF INDIA),Ongoing Not Active,18,150.32,142.86,6.66,7.06
N24000676,National Highways And Infrastructure Development Corporation Ltd. CONSTRUCTION OF 2-LANE OF HUNLI-ANINI ROAD FROM KM. 106.20 TO KM. 120,Ongoing Not Active,13,26.91,36.38,4.5,5.38
N24000677,National Highways And Infrastructure Development Corporation Ltd. CONSTRUCTION OF MEKA ROING HUNLI FROM EXISTING KM16 OF ROING HUNLI ROAD TO KM 21.500 OF HUNLI AN,Ongoing Not Active,13,14.0,13.81,4.37,3.25
N24000681,TWO LANING OF EXISTING KHUPA HAYULIANG HAWAI ROAD ON EPC BASIS FROM DESIGN KM. 0.000 (KHUPA) TO KM. (NATIONAL HIGHWAYS AND INFRASTRUCTURE DEVELOPMENT CORPORATION Ltd.),Ongoing Not Active,13,18.17,18.22,3.79,4.38
N24000682,TWO LANING OF JORAM KOLORIANG ROAD (NH 713) ON EPC BASIS FROM DESIGN KM. 44+000 TO KM. 59+363 [EXIS(NATIONAL HIGHWAYS AND INFRASTRUCTURE DEVELOPMENT CORPORATION Ltd.),Ongoing Not Active,12,12.42,12.84,2.23,1.4
N24000683,TWO LANING OF JORAM KOLORIANG ROAD (NH 713) ON EPC BASIS FROM DESIGN KM. 138+000 TO KM. 154+036 [EX (NHIDCL ),Ongoing Not Active,25,13.19,18.0,4.08,5.38
N24000686,FOUR LANING OF DIMAPUR KOHIMA ROAD FROM DESIGN KM 123.840 TO KM 138.775 (EXISTING KM 124.100 TO KM 1 (NHIDCL ),Ongoing Not Active,24,27.51,34.62,5.2,4.71
N24000687,FOUR LANING OF DIMAPUR KOHIMA ROAD FROM DESIGN KM 138.775 TO KM 152.490 (EXISTING KM 140.000 TO KM 1 (NATIONAL HIGHWAYS AND INFRASTRUCTURE DEVELOPMENT CORPORATION Ltd.),Ongoing Not Active,21,3.64,3.33,19.04,19.36
N24000689,CONSTRUCTION OF FOUR/ SIX LANING FROM KM 132.375 TO KM 158.058 (TOTAL NEW ALIGNMENT LENGTH OF 20.683(NATIONAL HIGHWAYS AND INFRASTRUCTURE DEVELOPMENT CORPORATION Ltd.),Ongoing Not Active,13,13.68,10.44,3.5,4.34
N24000691,SIX-LANNING OF GREENFIELD PROPOSED UDAIPUR BYPASS PKG-IV (NHAI),Ongoing Not Active,22,84.59,69.09,13.12,11.14
N24000692,4-LANNING OF END OF PANDOH BYPASS TAKOLI IN H.P (NHAI),Ongoing Not Active,21,138.99,130.91,11.48,11.62
N24000694,FOUR LANING OF VILLUKURI KANNIYAKUMAR ROAD OF KM 70.250 TO 96.700 AND NAGERCOIL TO KAVALKINARU OF NH,Ongoing Not Active,17,10.92,6.49,25.92,22.36
N24000696,SIX LANNING OF AUNTA- SIMARIA(GANGA BRIDGE WITH APPROACH ROADS) SECTION OF NH-31 (NHAI ),Ongoing Not Active,23,3.68,19.5,1.1,3.11
N24000697,FOUR LANNING OF CHOLOPURAM- THANJAVUR (NHAI ),Ongoing Not Active,23,58.33,76.91,12.37,10.28
N24000699,REHABILITATION AND UP-GRADATION OF BIRAMITRAPUR TO Projects(NATIONAL HIGHWAYS AUTHORITY OF INDIA),Ongoing Not Active,18,91.22,94.53,12.66,11.81
N24000700,FOUR LANNING OF AP/TN BORDER TO NALAGAMPALLI VILLAGE(KM Projects(NATIONAL HIGHWAYS AUTHORITY OF INDIA),Ongoing Not Active,9,65.28,81.53,2.72,1.86
N24000701,JUNAGADH BYPASS,Ongoing Not Active,20,50.3,53.24,10.3,12.51
N24000703,FOUR LANNING OF DARAH JHALWAR TEENDHAR FROM KM 29.000 TO HIGHWAYS AUTHORITY OF INDIA),Ongoing Not Active,16,70.26,70.4,14.37,15.72
N24000707,4-LANNING OF OTTANCHATRAM BYPASS,Ongoing Not Active,14,9.2,5.83,6.49,9.03
N24000711,FOUR LANING OF DANGIAWAS (KM 96.595 TO NH- 112) TO JAJIWAL (KM 283.500 OF NH 65 NAGAUR ROAD) SECTIO (NHAI),Ongoing Not Active,20,137.35,142.46,10.88,8.1
N24000712,DESIGN AND CONSTRUCTION OF DELHI-MEERUT EXPRESSWAY FROM DASNA TO MEERUT FROM 27.740 OF NH-24 TO KM (NATIONAL HIGHWAYS AUTHORITY OF INDIA),Ongoing Not Active,15,94.6,114.63,2.26,2.01
N24000713,SIX LANING OF PIMPALGAON-NASHIK-GONDE SECTION OF NH-3 FROM KM 380.000 TO 440.000 IN THE STATE OF MAH (NATIONAL HIGHWAYS AUTHORITY OF INDIA),Ongoing Not Active,15,19.98,24.85,2.76,3.56
N24000714,CONSTRUCTION OF NEW LINK (NH-133B) FROM KM 0/00 (KM 200/87 OF SAHIBANJ BYPASS) IN JHARKHAND TO KM 15 (NHAI ),Ongoing Not Active,23,301.31,293.0,6.41,4.97
N24000716,REHABILITATION AND UPGRADATION OF FOUR LANING OF NH-23 (NEW NH NO. 143) FROM KM. 240.250 I.E. BRAHMA (NATIONAL HIGHWAYS AUTHORITY OF INDIA),Ongoing Not Active,16,138.49,171.9,5.32,5.13
N24000718,LANING OF EXISTING 2-LANE (I) NANDIGAMA BYPASS FROM KM 220.700 TO KM 226.600 (DESIGN CHAINAGE FROM (NATIONAL HIGHWAYS AUTHORITY OF INDIA),Ongoing Not Active,16,1.95,5.96,13.95,14.61
N24000720,CAPACITY AUGMENTATION OF THE EXISTING 4 LANE STRETCH FROM ICHHAPURAM TO NARASANNAPETA IN THE STATE O,Ongoing Not Active,15,17.48,13.57,1.3,1.11
N24000721,ADDITIONAL FACILITY FOR 4-LANE DIVIDED HIGHWAY OF KM 52.250 TO KM 130.560 OF NH-58 (MEERUT-MUZAFFARN (NATIONAL HIGHWAYS AUTHORITY OF INDIA),Ongoing Not Active,15,12.3,9.63,1.31,1.46
N24000722,CONSTRUCTION OF NH-24 4-LANE BYPASS STARTING FROM KM 479.500 OF NH-24 AND TERMINATING AT KM 17.600 O (NATIONAL HIGHWAYS AUTHORITY OF INDIA),Ongoing Not Active,17,15.76,12.69,10.31,10.84
N24000724,SIX LANING OF AURANGABAD TO BIHAR - JHARKHAND BORDER (CHORDAHA) SECTION,Ongoing Not Active,19,51.86,45.08,4.17,2.7
N24000725,FOUR LANING OF BARHI - KODERMA SECTION OF NH - 31 (NHAI ),Ongoing Not Active,21,12.52,9.46,8.43,6.78
N24000727,FOUR LANING OF DELINKED STRETCH OF SEONI – MP/MH BORDER OF NH-7 (LENGTH 28.70 KM) FROM KM 624.480 TO (NATIONAL HIGHWAYS AUTHORITY OF INDIA),Ongoing Not Active,11,3.96,8.23,1.24,1.28
N24000728,FOUR LANNING WORK FROM HIRAN RIVER TO SINDOOR RIVER FROM KM 66.00 TO KM 130.00 SECTION OF NH-12 UNDE,Ongoing Not Active,15,1.37,11.85,1.57,1.47
N24000729,4-LANING FROM AURANGABAD TO KARODI (KM 290.200 TO 320.104) (NATIONAL HIGHWAYS AUTHORITY OF INDIA),Ongoing Not Active,12,18.72,16.04,1.53,1.77
N24000730,LANING FROM KARODI TO TELWADI (KM 320.104 TO 375.000) (NATIONAL HIGHWAYS AUTHORITY OF INDIA),Ongoing Not Active,15,13.94,15.75,1.92,1.9
N24000732,REHABILITATION AND UP-GRADATION OF EXISTING 2-LANE TO 4 LANE OF RIMULI (KM 163.0) TO KOIDA (KM 206.2 (NATIONAL HIGHWAYS AUTHORITY OF INDIA),Ongoing Not Active,15,36.05,34.82,3.16,3.26
N24000733,REHABILITATION AND UP-GRADATION OF EXISTING 2-LANE TO 4 LANE OF DUBURI (KM 388.376) TO CHANDIKHOLE ( (NHAI ),Ongoing Not Active,22,24.18,19.34,2.94,3.59
N24000735,REHABILITATION AND UP GRADATION OF EXISTING 2-LANE TO 4- LANE STANDARDS TO END OF KAMAKHYANAGAR BYPAS (NATIONAL HIGHWAYS AUTHORITY OF INDIA),Ongoing Not Active,15,4.61,1.74,2.62,2.45
N24000736,REHABILITATION AND UPGRADATION OF CUTTACK- ANGUL SECTION TO 4 LANE (KM 60.20) TO (KM 112.0) PKG II ON (NHAI ),Ongoing Not Active,22,105.32,103.38,3.8,3.6
N24000737,REHABILITATION AND UP-GRADATION OF SIX- LANING OF CHANDIKHOLE - BHADRAK SECTION FROM KM. 62.000 TO KM,Ongoing Not Active,15,25.56,28.78,2.81,2.64
N24000740,VARANASI RING ROAD PKG - I (NATIONAL HIGHWAYS AUTHORITY OF INDIA),Ongoing Not Active,13,19.21,22.95,1.02,1.02
N24000745,"LANE WITH HARD SHOLDER , REHABILITATION AND UP GRADATION OF SECTION FROM KM 242.0 TO KM 298.0 OF N (NHIDCL )",Ongoing Not Active,22,81.88,80.62,15.75,15.21
N24000749,REHABILITATION AND UP GRADATION OF SECTION FROM KM 206.00 TO KM 242.00 (NIMBUTALA TO AUSTIN CREEK) O (NHIDCL ),Ongoing Not Active,22,67.29,70.92,18.56,16.07
N24000751,laning of Khammam-Ashwaraopet section bf NH-36588 (NATIONAL HIGHWAYS AUTHORITY OF INDIA),Ongoing Not Active,14,452.09,252.6,5.34,10.49
N24000754,National Highways And Infrastructure Development Corporation Ltd. CONSTRUCTION OF TWO LANE WITH HARD SHOULDERS OF CHAKABAMA- ZUNHEBOTO ROAD FROM EXISTING KM 00.000 TO,Ongoing Not Active,15,6.13,3.33,5.48,4.95
N24000756,CONSTRUCTION OF TWO LANE WITH HARD SHOULDERS OF CHAKABAMA- ZUNHEBOTO ROAD FROM EXISTING KM 52.370 TO (NHIDCL ),Ongoing Not Active,21,43.77,44.44,5.41,3.92
N24000757,CONSTRUCTION OF TWO LANE WITH HARD SHOULDERS OF CHAKABAMA-ZUNHEBOTO ROAD FROM EXISTING KM 79.040 TO (NATIONAL HIGHWAYS AND INFRASTRUCTURE DEVELOPMENT CORPORATION Ltd.),Ongoing Not Active,18,22.28,16.87,15.62,17.41
N24000758,CONSTRUCTION OF TWO LANE WITH HARD SHOULDERS OF CHAKABAMA-ZUNHEBOTO ROAD FROM EXISTING KM100.345 TO (NATIONAL HIGHWAYS AND INFRASTRUCTURE DEVELOPMENT CORPORATION Ltd.),Ongoing Not Active,17,29.01,30.95,17.71,18.82
N24000759,CONSTRUCTION OF TWO-LANE WITH HARD SHOULDERS OF PFUTSERO PHEK ROAD FROM EXISTING KM 00.000 TO KM19.9 (NATIONAL HIGHWAYS AND INFRASTRUCTURE DEVELOPMENT CORPORATION Ltd.),Ongoing Not Active,14,3.83,4.67,14.67,18.31
N24000761,CONSTRUCTION OF TWO LANE WITH HARD SHOULDERS OF PFUTSERO-PHEK ROAD FROM EXISTING KM 40.090 TO KM65. (NATIONAL HIGHWAYS AND INFRASTRUCTURE DEVELOPMENT CORPORATION Ltd.),Ongoing Not Active,14,9.19,8.77,14.77,18.19
N24000762,CONSTRUCTION OF TWO LANE WITH HARD SHOULDERS OF MERANGKONG-TAMLU-MON ROAD FROM EXISTING KM 00.000 TO (NATIONAL HIGHWAYS AND INFRASTRUCTURE DEVELOPMENT CORPORATION Ltd.),Ongoing Not Active,14,7.66,8.21,3.54,2.39
N24000764,CONSTRUCTION OF TWO LANE WITH HARD SHOULDERS OF MERANGKONG-TAMLU-MON ROAD FROM EXISTING KM 41.065 TO (NATIONAL HIGHWAYS AND INFRASTRUCTURE DEVELOPMENT CORPORATION Ltd.),Ongoing Not Active,18,28.43,29.24,12.64,16.04
N24000766,National Highways And Infrastructure Development Corporation Ltd. CONSTRUCTION/UPGRADATION OF ALTERNATIVE HIGHWA TO GANGTOK IN SIKKIM VIA BAGRAKOT-CHUIKHIM-NIMBONG-KA,Ongoing Not Active,9,10.7,8.64,3.4,2.42
N24000767,CONSTRUCTION OF 2-LANE WITH PAVED SHOULDER INCLUDING GEOMETRIC IMPROVEMENT FROM KM 0.000 TO KM 16.00 (NHIDCL ),Ongoing Not Active,21,31.27,29.65,6.93,4.62
N24000770,CONSTRUCTION OF MECHI BRIDGE AND APPROACHES ON INDIA- NEPAL BORDER LINKING KAKARVITTA AND PANITNAKI I (NATIONAL HIGHWAYS AND INFRASTRUCTURE DEVELOPMENT CORPORATION Ltd.),Ongoing Not Active,8,27.59,26.84,2.99,1.29
N24000771,WIDENING TO 2-LANE WITH GEOMETRIC IMPROVEMENTS OF TURA DALU ROAD UNDER JICA FUNDING FROM KM 85.000 T (NHIDCL ),Ongoing Not Active,21,27.57,28.95,5.83,6.56
N24000782,REHABILITATION AND UPGRADATION OF 2 LANE WITH PAVED SHOULDER FROM EXISTING KM. 195.175 TO KM. 220.00 (MoRTH ),Ongoing Not Active,21,20.75,19.36,3.63,1.96
N24000785,FOUR LANING OF TRICHY TO KALLAGAM SECTION ON NH-227 IN THE STATE OF TAMIL NADU,Ongoing Not Active,14,95.45,104.79,7.39,7.36
N24000786,FOR REHABILITATION AND UPGRADATION FROM 2-LANE TO 4-LANE OF VARANASI - DEGAMAPUR (PKG-1) UNDER NHDP (NATIONAL HIGHWAYS AUTHORITY OF INDIA),Ongoing Not Active,13,18.0,43.09,1.85,1.25
N24000789,"SIX LANING OF NIDAGATTA-MYSORE SECTION, KM 74.20 TO KM 135.304 OF NH-275, IN THE STATE OF KARNATAKA",Ongoing Not Active,14,106.43,81.36,2.89,2.77
N24000790,REHABILITATION AND UP GRADATION TO FOUR LANING OF NH-31D FROM KM 113.200 TO KM 154.854 (PACKAGE IIA),Ongoing Not Active,14,114.6,129.92,4.67,4.54
N24000791,FOUR LANING OF EXISTING TWO LANE WITH PS FROM TALWANDI BHAI TO FEROZPUR IN THE STATE OF PUNJAB (NATIONAL HIGHWAYS AUTHORITY OF INDIA),Ongoing Not Active,11,25.35,23.55,1.86,1.41
N24000793,FOUR LANING OF ALIGARH - KANPUR SECTION PKG-II FROM BHADWAS - KALYANPUR. (NATIONAL HIGHWAYS AUTHORITY OF INDIA),Ongoing Not Active,12,1.29,13.94,2.13,1.9
N24000794,UPGRADATION TO 2 LANE WITH PAVED SHOULDER/4 LANE OF GAGARIA - BAORI KALAN - SERWA - BAKHASAR SECTION (NATIONAL HIGHWAYS AUTHORITY OF INDIA),Ongoing Not Active,11,12.24,5.55,1.61,1.84
N24000796,CONSTRUCTION OF NH-24 EXTENSION 4- LANE BYPASS STARTING FROM BEHTA ROAD AND TERMINATING AT SITAPUR RO (NHAI ),Ongoing Not Active,20,73.05,82.66,9.4,7.03
N24000797,CONSTRUCTION/ UP-GRADATION OF 2LANE WITH PAVED SHOULDER OF NH FROM RAISINGHNAGAR-POOGAL (DESIGN CH. (NATIONAL HIGHWAYS AUTHORITY OF INDIA),Ongoing Not Active,10,6.97,9.69,1.38,1.24
N24000801,SIX LANING OF SHAMLA JI TO MOTACHILODHA FROM KM 401.200 TO KM 494.410 (LENGTH 93.210 KM) SECTION OF (NATIONAL HIGHWAYS AUTHORITY OF INDIA),Ongoing Not Active,14,85.45,81.84,12.46,11.35
N24000802,REHABILITATION AND UP-GRADATION FROM 2 LANE TO 4 LANE OF NH STRETCH UNDER NHDP IV B FOR LALGANJ-HANU (NATIONAL HIGHWAYS AUTHORITY OF INDIA),Ongoing Not Active,13,157.15,153.49,1.78,1.24
N24000803,REHABILITATION AND UP-GRADATION FROM 2 LANE TO 4 LANE OF NH STRETCH UNDER NHDP-IVB FOR DAGAMAGPUR-LA (NATIONAL HIGHWAYS AUTHORITY OF INDIA),Ongoing Not Active,13,155.65,146.36,1.82,1.33
N24000804,FOUR LANING OF NH 161 FROM MANGLOOR (DESIGN KM 135.751 EXISTING KM 140.873) (DESIGN LENGTH 48.963 K (NATIONAL HIGHWAYS AUTHORITY OF INDIA),Ongoing Not Active,14,1.03,10.04,3.1,2.99
N24000806,CONSTRUCTION OF 4 LANE NH-29 BYPASS PHASE-II CONNECTING NH-29 WITH NH-2 AS PART OF VARANASI RING ROA (NATIONAL HIGHWAYS AUTHORITY OF INDIA),Ongoing Not Active,13,150.06,158.33,1.76,1.67
N24000808,FOUR LANE CONNECTIVITY TO VISAKHAPATNAM PORT ROAD FROM KM. 0.000 TO KM.12.700 (DESIGN LENGTH=12.70 K(NATIONAL HIGHWAYS AUTHORITY OF INDIA),Ongoing Not Active,13,1.55,4.61,1.14,1.04
N24000810,REHABILITATION AND UPGRADATION OF GIDDALUR-VINUKONDA SECTION OF NH-544D FROM DESIGN KM 212.983 (EXIS (NATIONAL HIGHWAYS AUTHORITY OF INDIA),Ongoing Not Active,13,11.0,16.19,2.09,1.54
N24000812,CAPICITY AUGMENTATION OF THE EXISTING 4 LANE STRETCH FROM ICHAPURAM TO NARASANNAPETA FROM KM 470.415 (NATIONAL HIGHWAYS AUTHORITY OF INDIA),Ongoing Not Active,13,11.97,2.13,1.72,1.7
N24000813,DEVELOPMENT OF NEWLY DECLARED NH-527C FROM MAJHAULI TO CHAROUT SECTION TO 2 LANE WITH PAVED SHOULDER (NHAI ),Ongoing Not Active,21,34.8,32.88,5.13,6.33
N24000814,LANE WITH PAVED SHOULDER CONFIGURATION OF BILASPUR- PATHRAPALI (KM.0+000 TO KM. 53+300) SECTION OF (NATIONAL HIGHWAYS AUTHORITY OF INDIA),Ongoing Not Active,13,7636.38,7681.05,1.67,1.45
N24000822,FOUR LANING OF NH 161 FROM RAMSANPALLE (DESIGN KM 39.980 EXISTING KM 44.757) TO MANGLOOR (DESIGN KM (NATIONAL HIGHWAYS AUTHORITY OF INDIA),Ongoing Not Active,13,16.0,20.98,3.05,2.94
N24000823,FOUR LANING OF NH-52 FROM END OF BISWANATH CHARIALI BY- PASS (KM 208.00) TO GOHPUR (KM 265.50) (TOTAL (NATIONAL HIGHWAYS AND INFRASTRUCTURE DEVELOPMENT CORPORATION Ltd.),Ongoing Not Active,16,8.84,21.04,6.44,2.76
N24000824,FOUR LANING OF NH 161 FROM KANDI (DESIGN KM 0.000) (KM 498.250 OF NH 65) TO RAMSANPALLE (DESIGN KM 3 (NATIONAL HIGHWAYS AUTHORITY OF INDIA),Ongoing Not Active,13,47.92,58.69,1.5,1.45
N24000825,FOUR LANING OF NH-363 FROM REPALLEWADA (DESIGN KM 40.000/EXISTING KM 288.510) TO TELANGANA/MAHARASHT (NATIONAL HIGHWAYS AUTHORITY OF INDIA),Ongoing Not Active,16,109.72,103.05,9.56,11.24
N24000826,FOUR LANINIG OF CHETTIKULAM TO NATHAM SECTION OF NH-785 FROM CHETTIKULUM (KM 7.300) TO NATHAM (KM. 3 (NHAI ),Ongoing Not Active,20,156.45,162.0,6.49,6.13
N24000827,FOUR LANING OF MADURAI- CHETTIKULAM SECTION OF NH- 785 FROM MADURAI (KM 0/000) TO CHETTICULAM (7/300) (NHAI ),Ongoing Not Active,18,303.31,285.71,9.23,8.52
N24000828,TWO LANING WITH PAVED SHOULDER OF MEENSURUTTI (KM. 98.433) TO CHIDAMBARM (KM. 129.965.) SECTION OF N (NATIONAL HIGHWAYS AUTHORITY OF INDIA),Ongoing Not Active,17,91.32,85.53,2.6,1.99
N24000832,FOUR LANING OF VILUPPURAM - PUDUCHERRY SECTION OF NH 45 A (NEW NH 32) FROM KM 0.000 TO KM 29.000 (DE,Ongoing Not Active,13,47.36,53.47,1.79,1.99
N24000833,CONSTRUCTION OF EIGHT LANE VADODARA KIM EXPRESSWAY FROM KM 279.00 TO 292.00 (ANKLESHWAR TO MANUBAR S (NATIONAL HIGHWAYS AUTHORITY OF INDIA),Ongoing Not Active,13,40.69,35.82,1.59,1.59
N24000834,CONSTRUCTION OF EIGHT LANE VADODARA KIM EXPRESSWAY FROM KM 254.430 TO KM 279.000 (KIM TO ANKLESHWAR (NHAI ),Ongoing Not Active,20,58.27,58.92,4.28,4.85
N24000835,CONSTRUCTION OF 8 LANE DWARKA EXPRESSWAY (NH- 248BB PACKAGE IV FROM RAIL OVER BRIDGE (ROB) TILL END P (NHAI ),Ongoing Not Active,19,439.59,422.35,8.54,9.1
N24000836,REHABILITATION AND UP-GRADATION FROM 2 LANE WITH PAVED SHOULDER FOR BHIWANI-MUNDAL-JIND ROAD FROM DE (NATIONAL HIGHWAYS AUTHORITY OF INDIA),Ongoing Not Active,11,7.54,2.07,1.45,1.44
N24000837,REHABILITATION AND UP-GRADATION FROM 2 LANE WITH PAVED SHOULDER FOR JIND - KARNAL SECTION FROMEXISTI (NATIONAL HIGHWAYS AUTHORITY OF INDIA),Ongoing Not Active,9,12.64,7.8,1.23,0.99
N24000838,UPGRADATION TO 2 LANE WITH PAVED SHOULDER/4 LANE OF KHAJUWALA-POOGAL SECTION AND POOGLE -DANTOUR-JA (NATIONAL HIGHWAYS AUTHORITY OF INDIA),Ongoing Not Active,10,6.11,10.44,1.56,1.22
N24000839,SIX LANING AND STRENGTHENING OF NEW NH-248A FROM EXISTING KM 11+682 TO EXISTING KM 24+400 IN THE STA (NATIONAL HIGHWAYS AUTHORITY OF INDIA),Ongoing Not Active,13,135.53,129.63,2.89,2.87
N24000841,SIX LANING AND STREGTHENING OF NH-248A FROM EXISTING KM 2.740 (RAJIV CHOWK) TO KM 11.682 (PACKAGE-I) (NATIONAL HIGHWAYS AUTHORITY OF INDIA),Ongoing Not Active,13,45.38,44.68,2.87,2.88
N24000842,REHABILITATION AND AUGMENTATION OF NEW NH 354 (OLD-SH-25) OF SECTION RAMDAS TO GURDASPUR FROM DESIGN EPC(NATIONAL HIGHWAYS AUTHORITY OF INDIA),Ongoing Not Active,11,15.34,11.62,1.44,1.24
N24000843,REHABILITATION AND AUGMENTATION OF NEW NH 354 (OLD-SH-21) OF SECTION KHEMKARAN TOWN TO START OF AMRI EPC(NATIONAL HIGHWAYS AUTHORITY OF INDIA),Ongoing Not Active,11,12.16,8.75,1.44,1.17
N24000844,SIX LANNING OF NH-5 (NEW NH-16) FROM TANGI TO BHUBANESHWAR (KM 355.000 TO KM 414.000) EPC(NATIONAL HIGHWAYS AUTHORITY OF INDIA),Ongoing Not Active,15,12.16,13.45,6.65,7.3
N24000845,SIX / FOUR LANING OF NH 5 (NEW NH 16) FROM PUINTOLA TO TANGI (KM. 284.000 TO KM. 355.000) EPC(NATIONAL HIGHWAYS AUTHORITY OF INDIA),Ongoing Not Active,2,,,,
N24000846,REHABILITATION AND UPGRADATION TO 2-LANE WITH PAVED SHOULDER FROM JIND-GOHANA ROAD FROM DESIGN CHAIN (NATIONAL HIGHWAYS AUTHORITY OF INDIA),Ongoing Not Active,11,10.16,7.99,1.44,1.51
N24000848,REHABILITATION AND UPGRADATION OF JHAJJAR-LOHARU SECTION FROM KM 130.770 TO KM 228.630 (DESIGN CHAIN (NATIONAL HIGHWAYS AUTHORITY OF INDIA),Ongoing Not Active,11,22.15,14.89,1.46,1.35
N24000850,"REDESIGNING, REHABILITATION AND UPGRADATION TO FOUR LANE CONFIGURATION STRENGTHENING OF ROHNA/HASS (NATIONAL HIGHWAYS AUTHORITY OF INDIA)",Ongoing Not Active,9,1.05,8.79,1.28,0.85
N24000854,4-LANING OF LOHA - WARANGA SECTION OF NH-361 FROM KM. 187.800 TO KM. 244.369 (DESIGN LENGTH 56.569 K (NHAI ),Ongoing Not Active,18,19.04,19.44,4.07,4.83
N24000859,WIDENING AND UP-GRADATION TO 2-LANE WITH PAVED SHOULDER CONFIGURATION AND GEOMETRIC IMPROVEMENTS FRO (NHIDCL ),Ongoing Not Active,18,57.44,70.05,3.65,4.79
N24000867,WIDENING AND UPGRADATION TO 2 LANE WITH PAVED SHOULDER CONFIGURATION AND GEOMETRIC IMPROVEMENT FROM (NATIONAL HIGHWAYS AND INFRASTRUCTURE DEVELOPMENT CORPORATION Ltd.),Ongoing Not Active,10,6.0,7.38,22.49,21.91
N24000870,UPGRADATION OF REWA-SIRMOUR ROAD TO 2L + PS (MoRTH),Ongoing Not Active,16,38.45,29.54,11.67,17.88
N24000871,"PROPOSED DEVELOPMENT FOR ROAD CORRIDOR COMPONENT OF AH-02 INVOLVING NH-327B, NH-31C, NH-31 NH-10 O (MINISTRY OF ROAD TRANSPORT AND HIGHWAYS (STATE PWDs))",Ongoing Not Active,7,18.96,12.57,16.01,16.58
N24000872,UPGRADATION OF MORENA-PORSA ROAD TO 2L + PS (MINISTRY OF ROAD TRANSPORT AND HIGHWAYS (STATE PWDs)),Ongoing Not Active,13,17.94,19.25,4.07,2.37
N24000873,"PROPOSED DEVELOPMENT FOR ROAD CORRIDOR COMPONENT OF AH-48 INVOLVING NH-717, NH-31, NH-31C, NH-317A O (MINISTRY OF ROAD TRANSPORT AND HIGHWAYS (STATE PWDs))",Ongoing Not Active,7,10.8,3.16,16.29,16.82
N24000876,REHABILITATION AND UPGRADATION TO 2-LANE WITH PAVED SHOULDER CONFIGURATION OF NANDAKUMAR-CONTAI-CHAN (MINISTRY OF ROAD TRANSPORT AND HIGHWAYS (STATE PWDs)),Ongoing Not Active,13,3.32,5.03,2.38,1.17
N24000877,R AND U OF KHUTAR -LAKHIMPUR SECTION (KM 82.00 TO KM140.00) OF NH-730 TO 2L WITH PS (MINISTRY OF ROAD TRANSPORT AND HIGHWAYS (STATE PWDs)),Ongoing Not Active,12,14.32,13.99,5.88,5.96
N24000878,REHABILITATION AND UPGRADATION OF INTERMEDIATE LANE FLEXIBLE PAVEMENT TO 2 LANE PAVED SHOULDER RIGID (MINISTRY OF ROAD TRANSPORT AND HIGHWAYS (STATE PWDs)),Ongoing Not Active,7,4.82,3.0,1.39,0.17
N24000879,UPGRADATION OF NH-31C WITH A MINIMUM OF 2-LANE WITH PAVED SHOULDER CONFIGURATION STARTING FROM KM 10 (MINISTRY OF ROAD TRANSPORT AND HIGHWAYS (STATE PWDs)),Ongoing Not Active,7,14.03,12.83,4.99,4.23
N24000881,UPGRADATION OF PACHORE- SHUJALPUR ROAD TO 2L + PS (MINISTRY OF ROAD TRANSPORT AND HIGHWAYS (STATE PWDs)),Ongoing Not Active,14,22.55,21.63,10.0,6.6
N24000882,UPGRADATION OF NH-512 WITH A MINIMUM 2-LANE WITH PAVED SHOULDER CONFIGURATION STARTING FROM CH 82.4 (MINISTRY OF ROAD TRANSPORT AND HIGHWAYS (STATE PWDs)),Ongoing Not Active,10,12.06,10.92,2.38,3.2
N24000883,"DEVELOPMENT OF 4-LANING SECTION OF NH-31 FROM KM 551.36 (GHOSHPUKUR) TO KM 563.26 (BIHAR MORE, BAGDO (MoRTH)",Ongoing Not Active,16,10.95,8.23,2.57,3.58
N24000884,LANING OF BAMEETHA TO SATNA SECTION OF NH-75 FROM KM. 57+400 TO KM. 155+000 IN THE STATE OF MP (MINISTRY OF ROAD TRANSPORT AND HIGHWAYS (STATE PWDs)),Ongoing Not Active,7,12.74,10.88,0.79,1.04
N24000886,Public Works Dept Of State 274 CONSTRUCTION OF ROAD FROM KM. 1 TO KM. 49/4 OF NH-26A IN THE STATE OF MADHYA PRADESH,Ongoing Not Active,15,9.98,10.47,9.04,4.3
N24000888,UPGRADATION OF PAWAI-SALEHA-JASSO-NAGOD ROAD TO 2L + PS,Ongoing Not Active,14,11.64,10.63,6.06,1.63
N24000889,REHABILITATION AND UPGRADATION OF PUNDIBARI TO BAXIRHAT (WB/ASSAM BORDER) SECTION OF NH-31 FROM KM 7 (MINISTRY OF ROAD TRANSPORT AND HIGHWAYS (STATE PWDs)),Ongoing Not Active,10,0.21,3.98,9.16,8.71
N24000890,UPGRADATION OF PORSA-BHIND ROAD TO 2L + PS,Ongoing Not Active,12,28.44,29.07,11.71,10.7
N24000891,Ministry Of Road Transport And Highways (State Pwds) 224 UPGRADATION OF DABOH-UP BORDER ROAD TO 2L + PS,Ongoing Not Active,15,7.69,5.87,3.94,3.29
N24000893,UPGRADATION OF BIAORA-MAKSUDANGARH ROAD TO 2L + PS,Ongoing Not Active,12,0.03,1.29,4.85,3.0
N24000894,UPGRADATION OF MAKSUDANGARH-SIRONJ ROAD TO 2L + PS (MINISTRY OF ROAD TRANSPORT AND HIGHWAYS (STATE PWDs)),Ongoing Not Active,14,4.14,1.55,4.78,5.05
N24000895,REHABILITATION AND UP-GRADATION TO 2LPS 81 TO 175 (MINISTRY OF ROAD TRANSPORT AND HIGHWAYS (STATE PWDs)),Ongoing Not Active,7,7.42,7.29,1.42,1.34
N24000896,WIDENING TO 2 LANE PS WITH RECONSTRUCTION OF BRIDGES CULVERT IN KM. 182 TO 266 OF NH-59A (MINISTRY OF ROAD TRANSPORT AND HIGHWAYS (STATE PWDs)),Ongoing Not Active,11,1.93,4.36,2.28,2.79
N24000898,REHABILITATION AND UPGRADATION OF SINDOOR RIVER TO START OF BARELI BYPASS SECTION OF NH-12 FROM EXIS,Ongoing Not Active,12,9.23,9.54,3.89,3.86
N24000899,REHABILITATION AND UPGRADATION OF BARELI TO GOHARGANJ SECTION OF NH-12 FROM EXISTING KM 193/0 TO KM,Ongoing Not Active,12,16.32,12.25,4.13,2.7
N24000905,REHABILITATION AND UP-GRADATION TO 2-LANE WITH PAVED SHOULDER OF ABOHAR-SITOGUNNO-DABWALI ROAD OF NH (MINISTRY OF ROAD TRANSPORT AND HIGHWAYS (STATE PWDs)),Ongoing Not Active,7,4.28,7.58,0.77,0.69
N24000906,REHABILITATION AND UP-GRADATION TO 2 LANE WITH PAVED SHOULDER OF MUDKI-JAWAHAR SINGH WALA SECTION OF (MINISTRY OF ROAD TRANSPORT AND HIGHWAYS (STATE PWDs)),Ongoing Not Active,7,19.6,12.55,1.84,2.88
N24000908,CONSTN. OF 4 LANING IN KM.69.00 TO 100.00 DESIGN RD 94.600 TO 125.920 PACKAGE IV (EPC) (MINISTRY OF ROAD TRANSPORT AND HIGHWAYS (STATE PWDs)),Ongoing Not Active,7,2.38,0.08,3.26,1.41
N24000909,JALANDHAR- HOSHIARPUR SECTION OF NH-70 [NEW NH NO. 3] FROM EXISTING KM 11.400 TO KM 49.200 (MoRTH ),Ongoing Not Active,19,218.66,202.22,18.86,16.97
N24000910,REHABILITATION AND UP GRADATION TO 2 LANE WITH PAVED SHOULDER OF NH- 703A FROM MAKHU (DESIGN CH 0 000 (MoRTH ),Ongoing Not Active,19,28.78,30.1,3.13,4.39
N24000911,WIDENING TO 2LPS FROM 181/0 TO 239/28 (BHAWANIPATNA TO KOKSARA) OF NH-26. (MINISTRY OF ROAD TRANSPORT AND HIGHWAYS (STATE PWDs)),Ongoing Not Active,7,24.37,20.43,4.9,2.04
N24000912,WIDENING TO 2LPS FROM 0/0 TO 119/0 OF NH-157 IN THE STATE OF ODISHA. (MoRTH ),Ongoing Not Active,18,16.11,26.94,29.28,22.79
N24000913,WIDENING TO 2LPS FROM 50/0 TO 140/9 OF NH-57 (SONEPUR TO MADHAPUR) IN THE STATE OF ODISHA (MINISTRY OF ROAD TRANSPORT AND HIGHWAYS (STATE PWDs)),Ongoing Not Active,14,7.0,6.56,9.62,7.93
N24000915,WIDENING TO 2LPS FROM 58/00 TO 116/10 OF NH-153B (NAKTIDEUL TO BOUDH) IN THE STATE OF ODISHA (MINISTRY OF ROAD TRANSPORT AND HIGHWAYS (STATE PWDs)),Ongoing Not Active,13,23.7,25.82,14.38,12.87
N24000916,WIDENING TO 2LPS FROM 173/37 TO 229/40 OF NH-59 IN THE STATE OF ODISHA (MINISTRY OF ROAD TRANSPORT AND HIGHWAYS (STATE PWDs)),Ongoing Not Active,13,12.1,11.09,5.98,3.8
N24000921,UPGRADATION TO 2 LANE WITH PAVED SHOULDER WITH RIGID PAVEMETS FROM 37/400 TO KM 66/700 ON NH 848 ON EPC(MINISTRY OF ROAD TRANSPORT AND HIGHWAYS (STATE PWDs)),Ongoing Not Active,5,10.43,8.43,4.89,1.63
N24000925,CONSTRUCTION OF MISSING LINKS (SINGLE LANE) IN LAKHPAT GADULI HAJIPIR ODMA KHAVDA DHOLAVIRA MAUVANA (MoRTH ),Ongoing Not Active,18,20.71,31.4,1.63,2.34
N24000927,REHABILITATION AND UPGRADATION TO 2 LANE WITH PAVED SHOULDER OF MOGA (DESIGN CH 0.000) TO MAKHU (DES(MINISTRY OF ROAD TRANSPORT AND HIGHWAYS (STATE PWDs)),Ongoing Not Active,7,10.71,8.59,1.46,0.71
N24000931,REHABILITATION AND UPGRADATION OF EXISTING NH- 167 FROM KM 14.900 TO KM 70.00 (DESIGN CH.14.900 TO 69 (MoRTH ),Ongoing Not Active,18,32.1,45.31,24.38,21.66
N24000933,CONSTRUCTION OF 4-LANE BYPASS TO VIJAYANAGARAM TOWN ON NH43 (NEW NH26) FROM 537/6 TO 552/0 (RAIPUR-V (MoRTH),Ongoing Not Active,15,69.59,63.04,26.28,25.72
N24000934,REHABILITATION AND UPGRADATION OF NH326A FROM KM 0/0 TO 41/979 (EXCLUDING KM 2/255 TO 3/372 AND KM 3 (MoRTH),Ongoing Not Active,15,43.27,37.51,19.37,18.62
N24000936,REHABILITATION AND UPGRADATION OF NH-42 FROM 76/000 TO KM 102/130 (DESIGN CH. 76/000 TO 99.971 EXCLU (MINISTRY OF ROAD TRANSPORT AND HIGHWAYS (STATE PWDs)),Ongoing Not Active,7,2.01,0.96,3.38,1.66
N24000942,REHABILITATION AND UPGRADATION OF HARPALPUR -SUGIRA FROM KM 89.600 TO KM 133.520 OF NH-76 TO 2-LANE (MINISTRY OF ROAD TRANSPORT AND HIGHWAYS (STATE PWDs)),Ongoing Not Active,7,14.53,9.38,1.54,1.02
N24000947,CONSTRUCTION OF 2 LANING OF EXISTING HUNLI-ANINI ROAD ON EPC BASIS FROM DESIGN KM 37.500 TO KM (NATIONAL HIGHWAYS AND INFRASTRUCTURE DEVELOPMENT CORPORATION Ltd.),Ongoing Not Active,5,8.32,5.02,1.8,0.75
N24000952,UP-GRADATION TO TWO LANE WITH PAVED SHOULDER FOR SECTION FROM KM 58.000 TO KM 91.600 (BALOTRA TO SAN (MINISTRY OF ROAD TRANSPORT AND HIGHWAYS (STATE PWDs)),Ongoing Not Active,4,3.01,1.32,3.14,1.71
N24000953,CONSTRUCTION OF NAGAUR BYPASS FROM EXISTING KM 166/260 TO KM 180/500 OF NH-65 ON EPC MODE. (MINISTRY OF ROAD TRANSPORT AND HIGHWAYS (STATE PWDs)),Ongoing Not Active,4,19.95,20.4,3.67,2.04
N24000954,NAGAUR-BIKANER OF NH-11 (2L+PS) UNDER PPP. (MINISTRY OF ROAD TRANSPORT AND HIGHWAYS (STATE PWDs)),Ongoing Not Active,4,17.8,17.3,7.34,3.43
N24000955,CITTORGARH-NEEMACH (4L) OF NH-79 AND NIMBAHARA PRATAPGARH (2L+PS) OF NH-113 UNDER PPP. (MINISTRY OF ROAD TRANSPORT AND HIGHWAYS (STATE PWDs)),Ongoing Not Active,4,9.6,5.45,6.96,3.5
N24000956,DEVELOPMENT AND OPERATION OF BIKANER- SURATGARH SECTION OF NH-15 BY 2L+PS IN THE STATE OF RAJASTHAN (MINISTRY OF ROAD TRANSPORT AND HIGHWAYS (STATE PWDs)),Ongoing Not Active,4,20.2,31.85,9.77,3.86
N24000958,UPGRADATION TO 2 LANE WITH PAVED SHOULDER FROM KM . 0/0 TO 43/900 OF KUNDAL-NAYA KHEDA-JHADOL-SOM- (MINISTRY OF ROAD TRANSPORT AND HIGHWAYS (STATE PWDs)),Ongoing Not Active,14,30.4,28.26,13.02,10.49
N24000960,CONSTRUCTION OF 4 LANING BY CC PAVEMENT ON KOTA-DARAH OF NH-12 FROM 256/550 TO 289/550 UNDER EPC. (MINISTRY OF ROAD TRANSPORT AND HIGHWAYS (STATE PWDs)),Ongoing Not Active,4,1.69,3.02,3.76,1.89
N24000961,UP-GRADATION TO 2 LANE WITH PAVED SHOULDER FOR SECTION FROM KM 118.900 TO KM 156.955 BALOTRA TOSANDE (MINISTRY OF ROAD TRANSPORT AND HIGHWAYS (STATE PWDs)),Ongoing Not Active,4,21.56,20.01,3.17,1.72
N24000962,REHABILITATION AND UP-GRADATION TO 2 LANE WITH PS 131 TO 189 OF NH-86 (MINISTRY OF ROAD TRANSPORT AND HIGHWAYS (STATE PWDs)),Ongoing Not Active,7,14.61,12.36,3.44,5.93
N24000965,REHABILITATION AND UPGRADATION OF DHINDI- DIGAMARRU SECTION FROM KM126/510 TO KM135/740 OF NH214(NH21 (MoRTH),Ongoing Not Active,15,59.66,58.88,22.75,19.91
N24000966,REHABILITATION UPGRADATION OF NH214(NH216) FROM KM41.161 TO KM59.800(GURJANAPALLI TO POLEKURU SECT (MoRTH),Ongoing Not Active,15,68.03,61.2,19.92,18.35
N24000970,REHABILITAITON AND UPGRADATION OF REPALLE TO EEPPURPALEM SECTION FROM KM 128/927 TO KM 195/000 OF NH (MoRTH),Ongoing Not Active,15,139.48,136.33,13.24,11.68
N24000974,TWO-LANING OF JORAM – KOLORIANG ROAD (NH-713) ON EPC BASIS FROM EXISTING KM 104.850 TO KM 122.600 (D(NATIONAL HIGHWAYS AND INFRASTRUCTURE DEVELOPMENT CORPORATION Ltd.),Ongoing Not Active,6,9.19,7.02,1.17,0.9
N24000975,TWO-LANING OF JORAM – KOLORIANG ROAD (NH-713) ON EPC BASIS FROM EXISTING KM 122.600 TO KM 138.000 (D(NATIONAL HIGHWAYS AND INFRASTRUCTURE DEVELOPMENT CORPORATION Ltd.),Ongoing Not Active,6,20.59,16.51,1.17,0.9
N24000980,WIDEINING TO TWO/FOUR LANE WITH PAVED SHOULDERS FROM EXISTING KM 182.120 TO KM 227.600 OF NH-167 ON (MoRTH ),Ongoing Not Active,18,57.76,62.22,28.83,25.99
N24000992,REHABILITATION AND UPGRADATION OF HYDERABAD OUTER RING ROAD TO MEDAK SECTION OF NH-765D FROM EXISTIN,Ongoing Not Active,12,6.03,4.57,1.92,1.88
N24000998,WIDENING AND STRENGTHENING/ RECONSTRUCTION OF EXISTING PAVEMENT TO FOUR ALNE WITH PAVED SHOULDERS FR (MoRTH ),Ongoing Not Active,18,32.43,33.7,4.21,4.81
N24000999,WIDENING TO 2 LANE WITH PAVED SHOULDER FROM KM 0.00 TO 40.00 ON EPC MODE ON NH 2C (MINISTRY OF ROAD TRANSPORT AND HIGHWAYS (STATE PWDs)),Ongoing Not Active,7,8.85,9.68,1.92,0.95
N24001000,STRENGTHENING AND WIDENING TO 2 LANE WITH PAVED SHOULDER FROM KM 103.865 TO 142.050 (GAYA-GOH) OF NH (MINISTRY OF ROAD TRANSPORT AND HIGHWAYS (STATE PWDs)),Ongoing Not Active,14,53.73,50.11,2.69,1.93
N24001001,WANDS OF EXISTING SINGLE LANE TO DOUBLE LANE CARRIAGEWAY IN KM 0 TO 40 OF NH-104 IN BIHAR UNDER EPC (MINISTRY OF ROAD TRANSPORT AND HIGHWAYS (STATE PWDs)),Ongoing Not Active,7,11.0,10.43,38.91,43.89
N24001003,12/2023} 545.64 (N.A.) {545.64} 232.64 93.68 926 AKOLA TO AKOT (MoRTH ),Ongoing Not Active,18,45.93,36.68,18.03,14.75
N24001004,PATRADEVI TO KARASWADA 4L (MINISTRY OF ROAD TRANSPORT AND HIGHWAYS (STATE PWDs)),Ongoing Not Active,15,3.21,3.44,7.59,6.98
N24001005,KARASWADA TO BAMBOLIM (MINISTRY OF ROAD TRANSPORT AND HIGHWAYS (STATE PWDs)),Ongoing Not Active,15,6.7,67.16,6.57,7.14
N24001006,AKOT TO ANJANGAON (MINISTRY OF ROAD TRANSPORT AND HIGHWAYS (STATE PWDs)),Ongoing Not Active,13,8.84,6.94,8.76,9.79
N24001009,KHAMGAON TO SHEGAON (MINISTRY OF ROAD TRANSPORT AND HIGHWAYS (STATE PWDs)),Ongoing Not Active,13,11.93,12.42,4.63,3.83
N24001010,SHEGAON TO DEORI PHATA (MINISTRY OF ROAD TRANSPORT AND HIGHWAYS (STATE PWDs)),Ongoing Not Active,13,3.27,3.65,8.74,9.0
N24001011,MEHKAR TO CHIKALI (MINISTRY OF ROAD TRANSPORT AND HIGHWAYS (STATE PWDs)),Ongoing Not Active,12,4.59,7.15,3.3,1.75
N24001012,CHIKALI TO KHAMGAON (MINISTRY OF ROAD TRANSPORT AND HIGHWAYS (STATE PWDs)),Ongoing Not Active,12,1.1,4.72,3.76,2.56
N24001014,NANDGAON TO MORSHI (MINISTRY OF ROAD TRANSPORT AND HIGHWAYS (STATE PWDs)),Ongoing Not Active,13,3.47,4.62,11.09,12.17
N24001015,MORSHI TO ACHALPUR (MINISTRY OF ROAD TRANSPORT AND HIGHWAYS (STATE PWDs)),Ongoing Not Active,13,2.35,2.51,9.11,9.98
N24001016,MORSHI TO MAH/MP BORDER (MINISTRY OF ROAD TRANSPORT AND HIGHWAYS (STATE PWDs)),Ongoing Not Active,13,12.8,14.94,10.24,11.79
N24001019,Ministry Of Road Transport And Highways 251 KATOL TO WARUD,Ongoing Not Active,13,97.83,98.0,10.96,12.04
N24001022,12/2023} 396.91 (397) {396.91} 289.79 98.69 931 WADI TO ASOLA (MoRTH ),Ongoing Not Active,18,6.01,15.35,1.95,2.4
N24001023,NAGAJ TO VAIJAPUR (MINISTRY OF ROAD TRANSPORT AND HIGHWAYS (STATE PWDs)),Ongoing Not Active,14,4.1,3.83,7.64,8.31
N24001024,Ministry Of Road Transport And Highways (State Pwds) 264 MANGAON TO DIGHI PORT,Ongoing Not Active,13,14.98,14.04,4.89,4.46
N24001026,12/2023} 363.82 (364) {363.82} 154.65 93.15 932 WAKAN PALI KHOPOLI (MoRTH ),Ongoing Not Active,16,91.03,78.23,26.02,22.0
N24001027,10/2023} 376.19 (N.A.) {376.19} 118.74 99.15 933 SHAHPUR PATGAON SECTION I (MoRTH ),Ongoing Not Active,18,36.08,43.67,14.64,12.28
N24001028,PATGAON KHOPOLI SECTION I (MINISTRY OF ROAD TRANSPORT AND HIGHWAYS (STATE PWDs)),Ongoing Not Active,13,18.99,16.52,5.86,5.59
N24001029,3/2024} 150.79 (N.A.) {150.79} 81.14 70.66 934 AHMADPUR TO PIMPLA (MoRTH ),Ongoing Not Active,16,79.94,68.53,18.58,15.71
N24001030,PIMPLA TO MANJARSUMBHA (MoRTH ),Ongoing Not Active,16,163.2,152.42,24.82,20.17
N24001031,MANJUSUMBA TO CHUMBALI (MINISTRY OF ROAD TRANSPORT AND HIGHWAYS (STATE PWDs)),Ongoing Not Active,12,7.29,8.8,4.47,5.65
N24001032,DEORI TO AMGAON (MINISTRY OF ROAD TRANSPORT AND HIGHWAYS (STATE PWDs)),Ongoing Not Active,13,7.53,3.07,6.3,5.49
N24001033,MANTHA TALUKAS BORDER TO PARTUR (MINISTRY OF ROAD TRANSPORT AND HIGHWAYS (STATE PWDs)),Ongoing Not Active,14,8.06,9.02,3.41,3.18
N24001034,PARTUR TO MAJALGAON (MINISTRY OF ROAD TRANSPORT AND HIGHWAYS (STATE PWDs)),Ongoing Not Active,14,4.98,9.09,5.3,5.03
N24001035,MANSAR TO SALAIKHURD (MoRTH),Ongoing Not Active,16,78.9,74.63,17.36,16.41
N24001036,Ministry Of Road Transport And Highways MAJALGAON TO KAIJ,Ongoing Not Active,7,1.79,7.2,3.17,1.08
N24001037,KAIJ TO KUSALAM (MINISTRY OF ROAD TRANSPORT AND HIGHWAYS (STATE PWDs)),Ongoing Not Active,12,3.87,6.13,2.89,3.12
N24001038,MAHAD TO RAIGAD FORT (MINISTRY OF ROAD TRANSPORT AND HIGHWAYS (STATE PWDs)),Ongoing Not Active,14,5.62,3.19,4.38,3.53
N24001039,11/2023} 418.36 (N.A.) {418.36} 263.13 98.86 937 JINTUR TO PARBHANI (MoRTH ),Ongoing Not Active,18,35.24,42.11,6.26,4.76
N24001040,12/2023} 356.66 (N.A.) {356.66} 209.48 80.48 938 JAHIRABAD TO LATUR (MoRTH ),Ongoing Not Active,16,101.2,87.64,16.79,12.96
N24001042,12/2023} 211.34 (N.A.) {211.34} 136.33 99.9 940 SALAIKHURD TO TIRORA (MoRTH ),Ongoing Not Active,16,9.25,14.68,4.33,5.3
N24001043,12/2023} 415.25 (415.25) {415.25} 274.02 7.99 941 NILAJPHATA TO BHANDARA (MoRTH ),Ongoing Not Active,16,4.22,10.74,8.82,8.55
N24001044,KALMAB TO RALEGAON (MINISTRY OF ROAD TRANSPORT AND HIGHWAYS (STATE PWDs)),Ongoing Not Active,12,8.78,11.54,2.41,1.42
N24001045,JALGAON TO BHADGAON (MINISTRY OF ROAD TRANSPORT AND HIGHWAYS (STATE PWDs)),Ongoing Not Active,12,5.03,4.99,8.75,8.8
N24001046,RALEGAON TO RAMTIRTH (MoRTH ),Ongoing Not Active,18,16.43,17.47,14.43,13.99
N24001047,BHADGAON TO CHALISGAON (MINISTRY OF ROAD TRANSPORT AND HIGHWAYS (STATE PWDs)),Ongoing Not Active,12,3.62,3.49,8.69,8.83
N24001049,KARAD TO VITA (MINISTRY OF ROAD TRANSPORT AND HIGHWAYS (STATE PWDs)),Ongoing Not Active,13,37.12,40.37,5.13,4.74
N24001050,VITA TO NAGAJ (MoRTH ),Ongoing Not Active,18,6.98,12.58,5.03,4.54
N24001051,NALDURG TO AKKALKOT (MINISTRY OF ROAD TRANSPORT AND HIGHWAYS (STATE PWDs)),Ongoing Not Active,14,2.5,1.1,5.91,6.57
N24001052,SANGOLA TO JATH (MINISTRY OF ROAD TRANSPORT AND HIGHWAYS (STATE PWDs)),Ongoing Not Active,13,5.91,3.96,3.47,3.38
N24001053,KARAD TO TAGAON (MINISTRY OF ROAD TRANSPORT AND HIGHWAYS (STATE PWDs)),Ongoing Not Active,13,4.44,2.35,4.0,4.04
N24001054,TASGAON TO SHIRDHON (MINISTRY OF ROAD TRANSPORT AND HIGHWAYS (STATE PWDs)),Ongoing Not Active,12,10.51,15.07,15.81,15.68
N24001055,HELWAK TO KARAD (MINISTRY OF ROAD TRANSPORT AND HIGHWAYS (STATE PWDs)),Ongoing Not Active,14,2.24,4.29,5.1,5.63
N24001056,TEMBHURNI PANDHARPUR MANGALWEDHA MARWADE UMDI (MINISTRY OF ROAD TRANSPORT AND HIGHWAYS (STATE PWDs)),Ongoing Not Active,13,0.15,4.63,4.94,4.56
N24001058,10/2023} 407.19 (407) {407.19} 323.02 89.97 946 KARWANDI TO RAJURI (MoRTH ),Ongoing Not Active,18,11.76,16.37,1.04,2.35
N24001059,SHIVUR TO YEOLA (MINISTRY OF ROAD TRANSPORT AND HIGHWAYS (STATE PWDs)),Ongoing Not Active,13,18.15,14.33,1.37,1.68
N24001060,3/2024} 276.95 (277) {276.95} 160.94 92.06 947 PALPHATA TO PHULAMBARI (MoRTH ),Ongoing Not Active,18,9.62,16.82,7.35,8.13
N24001061,CHIKALI TO DHAD (MoRTH),Ongoing Not Active,16,10.36,12.6,2.53,3.02
N24001063,WADIGODRI TO DHANGRIPIMPRI (MINISTRY OF ROAD TRANSPORT AND HIGHWAYS (STATE PWDs)),Ongoing Not Active,14,8.21,7.32,8.14,8.32
N24001064,DHANGIPIMPRI TO JALNA AND AMBAD CHOWK TO MANTH CHOWK (MINISTRY OF ROAD TRANSPORT AND HIGHWAYS (STATE PWDs)),Ongoing Not Active,14,10.64,12.08,9.32,9.73
N24001065,3/2024} 336.21 (336) {336.21} 236.11 99.82 950 PARBHANI TO GANGKHED (MoRTH ),Ongoing Not Active,16,4.12,7.51,1.86,3.36
N24001066,LATUR TO PANGAON (MINISTRY OF ROAD TRANSPORT AND HIGHWAYS (STATE PWDs)),Ongoing Not Active,13,1.13,2.28,9.14,9.68
N24001067,OMREGA TO AUSA (MINISTRY OF ROAD TRANSPORT AND HIGHWAYS (STATE PWDs)),Ongoing Not Active,12,1.77,12.05,3.09,4.18
N24001068,WASHIM TO DASTAPUR (MINISTRY OF ROAD TRANSPORT AND HIGHWAYS (STATE PWDs)),Ongoing Not Active,12,20.55,17.94,9.8,9.63
N24001069,NANDED TO JALKOT (MoRTH ),Ongoing Not Active,18,13.8,14.92,14.34,20.19
N24001070,DASTAPUR TO KARANJA (MINISTRY OF ROAD TRANSPORT AND HIGHWAYS (STATE PWDs)),Ongoing Not Active,12,13.67,11.28,1.83,1.97
N24001072,KHERDA TO NAGZARI (MINISTRY OF ROAD TRANSPORT AND HIGHWAYS (STATE PWDs)),Ongoing Not Active,12,18.36,14.17,1.65,1.84
N24001074,KHAMGAON TO DEULGAON SAKARSHA (MINISTRY OF ROAD TRANSPORT AND HIGHWAYS (STATE PWDs)),Ongoing Not Active,14,17.19,13.64,13.16,13.14
N24001075,8/2020} 301.38 (301) {301.38} 240.32 96.32 953 OSMANNAGAR TO KUNDRAL (MoRTH ),Ongoing Not Active,16,17.37,15.5,3.79,4.45
N24001076,DEULGAON SAKARSHA TO MEHKAR (MINISTRY OF ROAD TRANSPORT AND HIGHWAYS (STATE PWDs)),Ongoing Not Active,12,9.17,9.71,3.32,3.43
N24001077,KUNDRAL TO WAZAR (MINISTRY OF ROAD TRANSPORT AND HIGHWAYS (STATE PWDs)),Ongoing Not Active,12,15.2,15.65,3.01,2.84
N24001078,12/2023} 344.25 (344) {344.25} 194.72 95.63 954 PUNE TO MALE VILLAGE (MoRTH ),Ongoing Not Active,18,20.74,16.9,13.73,10.48
N24001079,12/2023} 228.31 (N.A.) {228.31} 100.97 93.83 955 ARDHAPUR TO HIMAYATNAGAR (MoRTH ),Ongoing Not Active,18,13.08,14.94,1.87,3.07
N24001080,MALE VILLAGE TO PUNE RAIGARH DISTRICT BORDER (MoRTH ),Ongoing Not Active,18,32.08,24.48,13.92,10.85
N24001081,HIMAYATNAGAR TO PHULSAWANGI (MoRTH ),Ongoing Not Active,18,7.9,9.96,2.02,2.81
N24001083,CHIKLI TO TAKARKHED (MINISTRY OF ROAD TRANSPORT AND HIGHWAYS (STATE PWDs)),Ongoing Not Active,13,11.22,9.18,7.6,8.16
N24001084,PAHUR TO BODHWAD (MINISTRY OF ROAD TRANSPORT AND HIGHWAYS (STATE PWDs)),Ongoing Not Active,12,12.81,6.28,4.2,4.22
N24001085,TAKARKHED TO JALNA (MINISTRY OF ROAD TRANSPORT AND HIGHWAYS (STATE PWDs)),Ongoing Not Active,12,0.23,4.44,8.16,8.37
N24001086,BODHWAD TO STATE BORDER (MINISTRY OF ROAD TRANSPORT AND HIGHWAYS (STATE PWDs)),Ongoing Not Active,13,17.66,14.09,4.06,3.28
N24001087,MANGRUPHIR TO MAHAN (MINISTRY OF ROAD TRANSPORT AND HIGHWAYS (STATE PWDs)),Ongoing Not Active,12,11.08,8.44,3.7,3.81
N24001088,JALGAON TO NANDURA (MINISTRY OF ROAD TRANSPORT AND HIGHWAYS (STATE PWDs)),Ongoing Not Active,14,14.4,11.72,9.34,9.72
N24001090,KOLDE TO KHETIYA (MoRTH ),Ongoing Not Active,18,97.4,87.29,15.36,12.68
N24001091,REHABILITATION AND UPGRADATION OF NH 200 FROM KM 241.553 TO 312.600 MASANIAKALA TO RENGAPALI ODISHA (MINISTRY OF ROAD TRANSPORT AND HIGHWAYS (STATE PWDs)),Ongoing Not Active,10,0.28,11.44,1.1,1.34
N24001093,ARNI TO NAIGAINBANDI (MINISTRY OF ROAD TRANSPORT AND HIGHWAYS (STATE PWDs)),Ongoing Not Active,13,6.2,4.51,3.37,3.08
N24001094,NAIGAONBANDI TO MANGRULPIR (MINISTRY OF ROAD TRANSPORT AND HIGHWAYS (STATE PWDs)),Ongoing Not Active,13,9.45,6.08,4.2,4.16
N24001095,SATARA MURVAD PILLOV PANDHARPUR (MoRTH ),Ongoing Not Active,18,25.74,30.41,4.29,2.46
N24001096,TALEGAON TO GONAPUR (MINISTRY OF ROAD TRANSPORT AND HIGHWAYS (STATE PWDs)),Ongoing Not Active,13,0.96,1.41,4.7,4.5
N24001098,WARDHA TO HINGAGHAT (MINISTRY OF ROAD TRANSPORT AND HIGHWAYS (STATE PWDs)),Ongoing Not Active,13,8.06,9.59,13.9,13.09
N24001100,AHMEDNAGAR TO BARAMATI (MINISTRY OF ROAD TRANSPORT AND HIGHWAYS (STATE PWDs)),Ongoing Not Active,12,3.27,6.31,6.74,6.34
N24001101,KURUDWADI TO PANDHARPUR (MoRTH ),Ongoing Not Active,18,31.53,29.0,13.86,12.18
N24001103,SARAD VANI PIMPALGAON (MINISTRY OF ROAD TRANSPORT AND HIGHWAYS (STATE PWDs)),Ongoing Not Active,13,4.98,2.36,7.95,8.74
N24001104,MALEWADA TO CHIMUR (MINISTRY OF ROAD TRANSPORT AND HIGHWAYS (STATE PWDs)),Ongoing Not Active,14,29.14,29.41,15.85,14.65
N24001108,CHALISGAON TO NANDGAON (MINISTRY OF ROAD TRANSPORT AND HIGHWAYS (STATE PWDs)),Ongoing Not Active,12,8.04,8.52,1.52,1.21
N24001109,KUSUMBA TO MALEGAON (MINISTRY OF ROAD TRANSPORT AND HIGHWAYS (STATE PWDs)),Ongoing Not Active,12,9.6,5.97,5.99,6.26
N24001110,BAMNI TO NAVAEGAON (MINISTRY OF ROAD TRANSPORT AND HIGHWAYS (STATE PWDs)),Ongoing Not Active,12,8.83,4.66,9.9,9.26
N24001111,KOLHA TO NASRATPUR (MoRTH ),Ongoing Not Active,18,5.61,9.14,2.94,4.19
N24001113,3/2024} 406.54 (407) {406.54} 274.3 80.7 971 BARASGAON TO RAHATEE (MoRTH ),Ongoing Not Active,16,5.34,13.08,3.45,4.68
N24001114,INDAPUR TO VADPALE (MoRTH ),Ongoing Not Active,18,137.9,252.19,0.67,1.71
N24001115,VADPALE TO BHOGAN KHURD (MINISTRY OF ROAD TRANSPORT AND HIGHWAYS (STATE PWDs)),Ongoing Not Active,13,46.72,89.92,8.95,8.1
N24001116,GADCHIROLI TO MUL (MINISTRY OF ROAD TRANSPORT AND HIGHWAYS (STATE PWDs)),Ongoing Not Active,13,3.77,5.03,4.16,3.99
N24001117,MUL TO CHANDRAPUR (MINISTRY OF ROAD TRANSPORT AND HIGHWAYS (STATE PWDs)),Ongoing Not Active,13,26.73,26.67,6.63,6.52
N24001118,SAKOLI TO BHANDARA (MINISTRY OF ROAD TRANSPORT AND HIGHWAYS (STATE PWDs)),Ongoing Not Active,13,8.76,6.68,11.87,10.99
N24001119,NAGBHID TO ARMORI (MINISTRY OF ROAD TRANSPORT AND HIGHWAYS (STATE PWDs)),Ongoing Not Active,12,6.46,6.54,3.94,2.61
N24001120,Ministry Of Road Transport And Highways (State Pwds) 257 AKKALKOT TO DHUDHNI,Ongoing Not Active,7,14.38,13.52,3.39,1.48
N24001121,NASHIK TO PETH (MINISTRY OF ROAD TRANSPORT AND HIGHWAYS (STATE PWDs)),Ongoing Not Active,12,9.65,13.74,0.25,1.86
N24001124,12/2023} 381.77 (N.A.) {381.77} 199.48 83.93 975 AURANGABAD TO SILLOD (MoRTH ),Ongoing Not Active,18,42.58,42.28,0.69,2.13
N24001125,12/2023} 456.32 (541.93) {456.32} 355.54 94.07 976 SILLOD TO FARDAPUR (MoRTH ),Ongoing Not Active,18,29.44,40.02,0.89,2.27
N24001126,12/2023} 337.46 (432.98) {337.46} 335.3 91.56 977 FARDAPUR TO JALGAON (MoRTH ),Ongoing Not Active,16,54.45,52.18,18.03,22.08
N24001127,KUMBHARI PHTA TO DEULGAON RAJA (MoRTH ),Ongoing Not Active,18,60.09,48.42,15.1,12.71
N24001128,BHOKAR TO SARSAM (MINISTRY OF ROAD TRANSPORT AND HIGHWAYS (STATE PWDs)),Ongoing Not Active,13,8.47,7.27,4.06,3.32
N24001131,REHABILITATION AND UPGRADATION OF BALRAMPUR-TULSIPUR FROM KM 323.745 TO KM 351.000 OF NH-730 TO 2-L (MINISTRY OF ROAD TRANSPORT AND HIGHWAYS (STATE PWDs)),Ongoing Not Active,7,11.13,10.84,0.07,2.16
N24001133,Ministry Of Road Transport And Highways (State Pwds) PARSHURAM GHAT TO ARAWALI,Ongoing Not Active,13,424.22,520.36,9.71,8.31
N24001135,WAKED TO TALEGAON (MINISTRY OF ROAD TRANSPORT AND HIGHWAYS (STATE PWDs)),Ongoing Not Active,13,31.0,92.07,14.61,12.72
N24001136,TALGAON TO KALMATH (MINISTRY OF ROAD TRANSPORT AND HIGHWAYS (STATE PWDs)),Ongoing Not Active,12,215.8,262.75,9.31,9.23
N24001139,REHABILITATION AND UPGRADATION OF MAU-JASRA FROM KM 326.000 TO KM 379.555 OF NH-76 TO 2-LANE WITH PA (MINISTRY OF ROAD TRANSPORT AND HIGHWAYS (STATE PWDs)),Ongoing Not Active,7,14.37,11.76,1.71,0.82
N24001140,Ministry Of Road Transport And Highways (State Pwds) REHABILITATION AND UPGRADATION OF KABRAI-BANDA FROM KM 178.00 TO KM 215.00 OF NH-76 TO 2-LANE WITH P,Ongoing Not Active,9,12.85,11.27,2.29,1.58
N24001141,REHABILITATION AND UPGRADATION OF KALUPUR-LALTA FROM KM 285.00 TO KM 326.00 OF NH-76 TO 2-LANE WITH (MINISTRY OF ROAD TRANSPORT AND HIGHWAYS (STATE PWDs)),Ongoing Not Active,12,9.21,5.07,5.28,8.82
N24001143,REHABILITATION AND UPGRADATION OF PILIBHIT TO PURANPUR SECTION FROM KM 0.00 TO KM 38.00 OF NH-730 TO (MINISTRY OF ROAD TRANSPORT AND HIGHWAYS (STATE PWDs)),Ongoing Not Active,7,15.87,11.42,3.33,1.53
N24001144,REHABILITATION AND UPGRADATION OF NH-233 FROM KM 65.870 TO KM 122.270 IN THE STATE OF UTTAR PRADESH(MINISTRY OF ROAD TRANSPORT AND HIGHWAYS (STATE PWDs)),Ongoing Not Active,7,25.53,21.66,46.35,45.6
N24001145,WIDENING AND STRENGTHENING OF NH-730A FROM KM 0.00 TO KM 50.675 IN THE STATE OF UTTAR PRADESH (MINISTRY OF ROAD TRANSPORT AND HIGHWAYS (STATE PWDs)),Ongoing Not Active,7,24.66,20.72,4.35,4.11
N24001146,REHABILITATION AND UPGRADATION OF TULSIPUR -BARHANI SECTION FROM KM 351.000 TO KM 385.000 OF NH-730 (MINISTRY OF ROAD TRANSPORT AND HIGHWAYS (STATE PWDs)),Ongoing Not Active,9,8.96,4.49,0.84,1.2
N24001147,REHABILITATION AND UPGRADATION OF ALLAHABAD -MIRZAPUR FROM KM 400.878 TO KM 450.000 OF NH-76E TO 2- (MINISTRY OF ROAD TRANSPORT AND HIGHWAYS (STATE PWDs)),Ongoing Not Active,7,6.08,11.95,3.18,1.49
N24001148,REHABILITATION AND UPGRADATION OF PRATAPGARH-ALLAHABAD BYPASS ROAD AND JUNCTION SECTION OF NH-96 F (MINISTRY OF ROAD TRANSPORT AND HIGHWAYS (STATE PWDs)),Ongoing Not Active,7,10.06,10.29,3.24,1.8
N24001149,RISOD TO HINGOLI (MINISTRY OF ROAD TRANSPORT AND HIGHWAYS (STATE PWDs)),Ongoing Not Active,13,7.59,3.91,8.59,8.22
N24001150,WARDHA TO ARVI (MoRTH),Ongoing Not Active,16,38.11,31.16,16.13,13.01
N24001151,BALANCE WORK FOR REHABILITATION AND UPGRADATION OF SATNA-BELA SECTION OF NH-75 FROM KM. 155.0 TO KM. (MINISTRY OF ROAD TRANSPORT AND HIGHWAYS,Ongoing Not Active,15,56.5,48.73,13.26,9.42
N24001152,"STRENGTHENING WITH PAVED SHOULDER FROM KM 30/0 TO KM 46/0, KM 54/0 TO KM 61/0, KM 69/0 TO KM 80/0 AN (MINISTRY OF ROAD TRANSPORT AND HIGHWAYS (STATE PWDs))",Ongoing Not Active,12,49.15,67.88,0.81,0.75
N24001153,CONSTRUCTION OF SILCHAR BYPASS ON NH-53 IN ASSAM (MINISTRY OF ROAD TRANSPORT AND HIGHWAYS (STATE PWDs)),Ongoing Not Active,7,16.43,10.14,8.1,1.66
N24001154,WIDENING TO 2 LANE WITH PAVED SHOULDERS FROM KM 54.37 TO 101.400 OF NH-50 UNDER EPC MODE IN THE STAT(MINISTRY OF ROAD TRANSPORT AND HIGHWAYS (STATE PWDs)),Ongoing Not Active,7,2.77,2.02,3.13,1.41
N24001155,WIDENING TO TWO LANE WITH PAVED SHOULDERS FROM KM.125.626 TO 155 OF NH -167 HAGARI JADECHERLA SECT (MINISTRY OF ROAD TRANSPORT AND HIGHWAYS (STATE PWDs)),Ongoing Not Active,7,17.64,13.19,3.77,7.37
N24001157,IMPROVEMENTS AND RECONSTRUCTION TO TWO LANE WITH PAVED SHOULDERS FROM KM 243.20 TO KM 290.20 OF NH (MoRTH ),Ongoing Not Active,18,21.1,24.67,26.5,21.57
N24001163,WIDENING TO 2 LANE WITH PAVED SHOULDERS FROM KM 79.65 TO 118.47 OF NH-150 UNDER EPC MODE IN THE STAT (MINISTRY OF ROAD TRANSPORT AND HIGHWAYS (STATE PWDs)),Ongoing Not Active,9,8.04,9.56,4.99,2.77
N24001166,WIDENING TWO LANE WITH PAVED SHOULDERS FROM FROM KM.56.00 TO 106.00 OF NH- 218 (218-KNT-2014-15-775) (MoRTH ),Ongoing Not Active,18,21.04,31.2,33.4,25.78
N24001167,WIDENING TWO LANE WITH PAVED SHOULDERS FROM FROM KM.106.00 TO 153.00 OF NH-218 (218-KNT-2014-15-776)(MINISTRY OF ROAD TRANSPORT AND HIGHWAYS (STATE PWDs)),Ongoing Not Active,7,23.76,19.82,5.28,2.06
N24001170,REHABILITATION AND UP GRADATION OF CHITRADURGA TO SHIMOGA SECTION OF NH-13 FROM KM.422.000 TO KM.(MINISTRY OF ROAD TRANSPORT AND HIGHWAYS (STATE PWDs)),Ongoing Not Active,7,13.84,14.92,5.4,2.33
N24001174,STRENGTHENING OF EXISTING TWO LANE I/C PAVED SHOULDER FROM MAO - SENAPATI FROM KM 212.325 TO KM 260. (MINISTRY OF ROAD TRANSPORT AND HIGHWAYS (STATE PWDs)),Ongoing Not Active,7,9.68,4.71,1.87,1.1
N24001175,STRENGTHENING AND WIDENING TO TWO LANE WITH PAVED SHOULDER OF NH-61 FROM KM 40.00 TO KM 72.40 UNDER (MINISTRY OF ROAD TRANSPORT AND HIGHWAYS (STATE PWDs)),Ongoing Not Active,11,26.07,20.38,2.87,2.48
N24001176,STRENGTHENING AND WIDENING TO TWO LANE WITH PAVED SHOULDER OF NH-61 FROM KM 40.00 TO KM 72.40 UNDER (MINISTRY OF ROAD TRANSPORT AND HIGHWAYS (STATE PWDs)),Ongoing Not Active,11,24.48,17.04,2.87,2.27
N24001177,WIDENING TO 2-LANE WITH PAVED SHOULDER IN/C. GEOMETRIC IMPROVEMENT FROM KM 318.00 TO KM 339.940 ON C,Ongoing Not Active,11,21.79,15.27,4.03,3.3
N24001178,IMPROVEMENT OF CITY PORTION OF KOHIMA AND DIMAPUR CITY OF NH-39 IN THE STATE OF NAGALAND UNDER EPC M (MINISTRY OF ROAD TRANSPORT AND HIGHWAYS (STATE PWDs)),Ongoing Not Active,10,16.38,22.28,5.09,5.75
N24001181,CONSTRUCTION OF A NEW 2-LANE HIGHWAY FROM KM 38/00 TO 71/00 IN MIZORAM TO SUPPORT KALADAN MULTI MOD (MINISTRY OF ROAD TRANSPORT AND HIGHWAYS (STATE PWDs)),Ongoing Not Active,13,14.41,25.99,12.68,13.26
N24001182,CONSTRUCTION OF 2-LANE WITH PAVED SHOULDER OF FLEXIBLE PAVEMENT FROM KM 42.80 TO KM 60.30 ON NH NO.1 (MINISTRY OF ROAD TRANSPORT AND HIGHWAYS (STATE PWDs)),Ongoing Not Active,5,13.35,21.88,1.92,1.13
N24001183,REHABILITATION & UPGRADATION OF NH-67 FROM KM 641.000 TO KM 695.000 (DORNALA T JUNCTION TO ATMAKUR S (MINISTRY OF ROAD TRANSPORT AND HIGHWAYS (STATE PWDs)),Ongoing Not Active,6,2.65,1.33,5.09,8.26
N24001184,National Highways And Infrastructure Development Corporation Ltd. IMPROVEMENT OF JUNCTION AT DHAULA KUAN ON NH-8,Ongoing Not Active,6,4.14,4.72,2.25,0.83
N24001188,ISMAILABAD-NARNAUL PKG-7 (NATIONAL HIGHWAYS AUTHORITY OF INDIA),Ongoing Not Active,10,38.15,40.63,1.57,1.4
N24001189,ISMAILABAD-NARNAUL PKG-8 (NATIONAL HIGHWAYS AUTHORITY OF INDIA),Ongoing Not Active,10,2.2,6.61,1.38,1.25
N24001190,ISMAILABAD-NARNAUL PKG-2 (NATIONAL HIGHWAYS AUTHORITY OF INDIA),Ongoing Not Active,10,81.14,86.43,1.43,1.31
N24001191,ISMAILABAD-NARNAUL PKG-3 (NATIONAL HIGHWAYS AUTHORITY OF INDIA),Ongoing Not Active,10,42.78,78.68,1.52,1.36
N24001192,ISMAILABAD-NARNAUL PKG-4 (NATIONAL HIGHWAYS AUTHORITY OF INDIA),Ongoing Not Active,10,37.11,85.39,1.52,1.36
N24001193,ISMAILABAD-NARNAUL PKG-1 (NATIONAL HIGHWAYS AUTHORITY OF INDIA),Ongoing Not Active,10,50.68,111.42,1.57,1.37
N24001194,WIDENING OF EXISTING ROAD TO 2 LANE NH STANDARDS ALONG WITH IMPROVEMENT AND REALIGNMENT FROM NECHIPU (MINISTRY OF ROAD TRANSPORT AND HIGHWAYS (STATE PWDs)),Ongoing Not Active,13,397.6,374.51,7.54,4.54
N24001195,LANING OF NH 415 FROM DESIGN CHAINAGE 29/500 TO 40/400 (ITANAGAR TO BANDARDEWA SECTION) IN THE ST (MINISTRY OF ROAD TRANSPORT AND HIGHWAYS (STATE PWDs)),Ongoing Not Active,10,13.85,8.63,3.34,2.1
N24001196,National Highways And Infrastructure Development Corporation Ltd. OUR LANNNING OF DOLABARI TO JAMUGURI SECTION FROM KM 17.300 OF NH 37A TO KM 182.00 OF NH52 IN THE ST,Ongoing Not Active,13,346.73,338.81,17.06,17.97
N24001198,CONSTRUCTION TO TWO LANE WITH PAVED SHOULDERS WITH FLEXIBLE PAVEMENT ON KHALGHAT TO SARWARDEWLA ROAD (MINISTRY OF ROAD TRANSPORT AND HIGHWAYS (STATE PWDs)),Ongoing Not Active,13,0.63,2.65,20.19,20.33
N24001199,CONSTRUCTION OF EIGHT LANE ACCESS CONTROLLED EXPRESSWAY CARRIAGEWAY FROM BARDAWADI VILLAGE TO MANDSA (NATIONAL HIGHWAYS AUTHORITY OF INDIA),Ongoing Not Active,14,1.39,1.32,2.92,2.52
N24001202,Ministry Of Road Transport And Highways (State Pwds) REHABILITATION AND UPGRADATION OF BARAICH -SHRAWAST FROM KM 248.400 TO KM 310.000 OF NH-730 TO 2-LA,Ongoing Not Active,6,3.78,6.41,3.24,1.8
N24001203,REHABILITATION AND UPGRADATION OF ALLAHABAD -MIRZAPUR SECTION FROM KM 450.000 TO KM 486.770 (EXCEPT (MINISTRY OF ROAD TRANSPORT AND HIGHWAYS (STATE PWDs)),Ongoing Not Active,8,14.44,11.83,2.53,1.13
N24001204,REHABILITATION AND UPGRADATION OF SULTANPUR BYPASS SECTION OF NH-96 FROM KM 60.000 TO KM 90.865 TO (MINISTRY OF ROAD TRANSPORT AND HIGHWAYS (STATE PWDs)),Ongoing Not Active,8,14.15,9.0,3.41,1.24
N24001205,R AND U FROM KM 385.00 TO KM 420.000 TO 2- LANE WITH PS (EXCLUDING ROB AND ITS APPROACHES AT KM.404 (MINISTRY OF ROAD TRANSPORT AND HIGHWAYS (STATE PWDs)),Ongoing Not Active,6,11.35,8.78,2.49,4.06
N24001206,REHABILITATION AND UPGRADATION OF EXISTING PAVEMENT TO 2 LANE WITH PS FROM KM 537.000 TO KM 564.750 (MINISTRY OF ROAD TRANSPORT AND HIGHWAYS (STATE PWDs)),Ongoing Not Active,11,6.7,8.04,16.52,13.16
N24001207,REHABILITATION AND UPGRADATION OF RAMNAGAR TO SISWA BABU SECTION FROM KM 484.000 TO KM 505.120 OF (MINISTRY OF ROAD TRANSPORT AND HIGHWAYS (STATE PWDs)),Ongoing Not Active,10,16.03,15.1,6.44,10.39
N24001208,FOUR LANING WIDENING AND STRENGTHENING OF NH-29E FROM KM 81.420 TO 99.00 SONAULI - GORAKHPUR ROAD (J (MINISTRY OF ROAD TRANSPORT AND HIGHWAYS (STATE PWDs)),Ongoing Not Active,10,15.1,19.06,3.25,3.29
N24001209,R AND U OF LAKHIMPUR - SISIYA SECTION (KM140.00 TO 188.800) OF NH-730 TO 2L WITH PS (MINISTRY OF ROAD TRANSPORT AND HIGHWAYS (STATE PWDs)),Ongoing Not Active,11,10.44,6.84,5.74,1.93
N24001211,IMPROVEMENT AND UP-GRADATION OF EXISITING CARRIAGEWAY TO TWO LANE WITH PAVED SHOULDER FROM KM 0.00 T,Ongoing Not Active,11,38.98,36.43,15.6,15.13
N24001212,8/1/2023 168.98 8 CONSTRUCTION OF EIGHT LANE ACCESS CONTROLLED EXPRESSWAY CARRIAGEWAY FROM BANI VILLAGE TO BARDAWADI V (NHAI),Ongoing Not Active,15,129.19,144.53,10.0,7.5
N24001213,CONSTRUCTION OF EIGHT LANE ACCESS CONTROLLED EXPRESSWAY CARRIAGEWAY FROM JODMI VILLAGE TO BANI VILLA,Ongoing Not Active,14,355.27,337.5,5.92,5.65
N24001214,CONSTRUCTION OF EIGHT LANE ACCESS CONTROLLED EXPRESSWAY CARRIAGEWAY FROM RAJASTHAN/MP BORDER TO JODM (NHAI ),Ongoing Not Active,15,445.77,452.98,7.82,5.96
N24001220,REHABILITATION AND UPGRADATION OF NH 200 FROM KM 127.500 TO 178.944 DARRIGHAT TO BANARI SECTION (MINISTRY OF ROAD TRANSPORT AND HIGHWAYS (STATE PWDs)),Ongoing Not Active,5,0.24,0.88,9.73,8.08
N24001222,REHABILITATION AND UPGRADATION OF NH 78 FROM KM 469.000 TO 531.000 PATTHALGAON TO KUNKURI (MoRTH ),Ongoing Not Active,17,50.36,45.94,35.89,27.1
N24001223,WIDENING OF SL TO 2 L KM. 107-184.80 SUKUMA TO KONTA ON NH 221 (MINISTRY OF ROAD TRANSPORT AND HIGHWAYS (STATE PWDs)),Ongoing Not Active,6,5.23,0.56,48.34,50.47
N24001224,REHABILITATION AND UPGRADATION OF NH 78 FROM KM 531.250 TO KM 597.946 KUNKURI TO CG JH BORDER SECTIO (MINISTRY OF ROAD TRANSPORT AND HIGHWAYS,Ongoing Not Active,13,3.3,5.1,8.37,5.18
N24001225,Ministry Of Road Transport And Highways (State Pwds) WIDENING OF SL TO 2 L KM. 287.0 TO 292.0 322.0 TO 342.0 AND KM 352.0 TO 400.0 OF NH16 INCLUDING 1,Ongoing Not Active,6,102.15,99.91,5.84,1.39
N24001226,Ministry Of Road Transport And Highways (State Pwds) REHABILITATION AND UPGRADATION OF NH 216 FROM KM 3.800 TO 90.460 RAIGARH TO SARAIPALLI SECTION,Ongoing Not Active,13,76.0,68.75,32.65,44.48
N24001229,UPGRADATION AND WIDENING OF MP BORDER TO SURAJPUR SECTION NH 43 FROM KM. 245 TO 331 (MINISTRY OF ROAD TRANSPORT AND HIGHWAYS (STATE PWDs)),Ongoing Not Active,8,3.31,3.26,2.57,1.72
N24001230,IMPROVEMENT AND UP-GRADATION OF EXISTING CARRIAGEWAY TO TWO LANE WITH PAVED SHOULDER FROM KM 0.00 KM(MINISTRY OF ROAD TRANSPORT AND HIGHWAYS (STATE PWDs)),Ongoing Not Active,5,2.13,8.98,2.68,3.36
N24001233,PACKAGE-23 CONSTRUCTION OF DELHI-VADODARA EIGHT LANE ACCESS- CONTROLLED EXPRESSWAY FROM BAWDI VILLAG,Ongoing Not Active,11,98.33,110.29,18.52,14.8
N24001236,WIDENING FROM 2 LANE TO 4 LANE AND STRENTHENING THE EXISTING CARRIAGE WAY FROM KM 36/0 -80/0 OF SALE (MINISTRY OF ROAD TRANSPORT AND HIGHWAYS (STATE PWDs)),Ongoing Not Active,9,12.21,12.09,8.48,10.24
N24001237,WIDENING TO 4 LANE / 4 LANE WITH PAVED SHOULDERS WITH STRENGTHENING OF EXISTING CARRIAGEWAY IN KM 0/ (MINISTRY OF ROAD TRANSPORT AND HIGHWAYS (STATE PWDs)),Ongoing Not Active,3,,,,
N24001238,CONSTRUCTION OF FLYOVER FROM KM 604/252 TO 607/060 (MARTHANDAM JUNCTION) AND FROM KM 630/116 TO 631/ (MINISTRY OF ROAD TRANSPORT AND HIGHWAYS (STATE PWDs)),Ongoing Not Active,3,,,,
N24001239,WIDENING AND STRENGTHENING FROM 2 LANE TO 2 LANE WITH PAVED SHOULDER IN AN AGGREGATE LENGTH OF 38 KM (MINISTRY OF ROAD TRANSPORT AND HIGHWAYS (STATE PWDs)),Ongoing Not Active,7,12.88,14.45,3.24,1.68
N24001240,NAGAUR-BIKANER SECTION FROM KM 177.00 TO KM 267.325 ON NH- 89 (MINISTRY OF ROAD TRANSPORT AND HIGHWAYS (STATE PWDs)),Ongoing Not Active,5,5.89,4.72,1.37,0.98
N24001241,UP-GRADATION TO TWO LANING WITH PAVED SHOULDER OF AJMER- NAGAUR SECTION BY EXECUTING BALANCE WORK FRO (MoRTH ),Ongoing Not Active,13,7.84,5.89,10.68,8.0
N24001242,REHABILATION AND UPGRADATION TO 2 LANE WITH PAVED SHPULDERS CONFIGURATION OF BEAWAR-ASIND SECTION (K (MINISTRY OF ROAD TRANSPORT AND HIGHWAYS (STATE PWDs)),Ongoing Not Active,10,4.7,3.39,3.4,2.94
N24001243,"BALANCE WORK FOR ""IMPROVEMENT OF EXISTING SINGLE INTERMEDIATE LANE ROAD OF NH-44 TO BE 2-LANE ROAD W (MINISTRY OF ROAD TRANSPORT AND HIGHWAYS (STATE PWDs))",Ongoing Not Active,8,22.82,20.4,10.88,8.96
N24001244,CONSTRUCTION OF 2-LANING WITH HARD SHOULDERS OF ARROWA- KHUPA-HAYULIANG SECTION OF NH- 113 FROM CH.68. (NHIDCL ),Ongoing Not Active,13,59.09,63.78,4.29,4.69
N24001247,2-LANING FROM MANU-SIMLUNG ( PKG I) EPC(NATIONAL HIGHWAYS AND INFRASTRUCTURE DEVELOPMENT CORPORATION Ltd.),Ongoing Not Active,10,8.21,5.3,0.57,0.51
N24001250,WIDENING/IMPROVEMENT TO 4-LANE WITH PAVED SHOULDER FROM KM 66.00 TO KM 81.00 (DESIGN CHAINAGE 65.923 EPC(NATIONAL HIGHWAYS AND INFRASTRUCTURE DEVELOPMENT CORPORATION Ltd.),Ongoing Not Active,7,4.39,4.5,2.81,3.38
N24001253,"CONSTRUCTION, OPERATION AND MAINTENANCE OF Z-MORH TUNNEL INCLUDING APPROACHES ON NH-01 SRINAGAR-SONA (NHIDCL )",Ongoing Not Active,11,92.67,94.23,7.74,5.41
N24001259,UPGRADATION OF EXISTING ROAD TO 2- LANE WITH PAVED SHOULDER FROM KOHIMA TO MAO FROM KM 185.540 TO KM (NHIDCL ),Ongoing Not Active,13,124.6,117.07,8.09,6.99
N24001260,CONSTRUCTION OF 2-LANE WITH HARD SHOULDER OF PEREN- DIMAPUR SECTION ON NH129A FROM DESIGN KM109.494 T EPC(NATIONAL HIGHWAYS AND INFRASTRUCTURE DEVELOPMENT CORPORATION Ltd.),Ongoing Not Active,9,4.09,2.09,1.81,1.49
N24001265,REHABILITATION AND UPGRADATION OF ROAD FROM DESIGN KM 0.00 TO KM 11.800 OF KAILASHAHAR-KURTI BRIDGE EPC(NATIONAL HIGHWAYS AND INFRASTRUCTURE DEVELOPMENT CORPORATION Ltd.),Ongoing Not Active,9,22.94,27.28,0.65,1.37
N24001271,2-LANING OF CHURACHANDPUR TUIVAI SECTION OF NH-102B (PKG- 2B) (NHIDCL ),Ongoing Not Active,13,117.75,119.71,5.45,3.66
N24001272,2-LANING OF CHURACHANDPUR TUIVAI SECTION OF NH-102B (PKG- 4A) (NHIDCL ),Ongoing Not Active,13,7.55,10.33,3.65,3.7
N24001273,2-LANING OF CHURACHANDPUR TUIVAI SECTION OF NH-102B (PKG- 4B) (NHIDCL ),Ongoing Not Active,13,54.11,61.75,5.4,4.39
N24001275,IMPROVEMENT/UPGRADATION OF EXISTING 2-LANE TO 4-LANE DIVIDED HIGHWAY FROM DAILI TO KURAOPOKPI SECTIO (NHIDCL ),Ongoing Not Active,12,68.03,71.95,13.6,14.9
N24001276,IMPROVEMENT/UPGRADATION OF EXISTING 2-LANE TO 4-LANE DIVIDED HIGHWAY FROM KURAOPOKPI TO SEKMAI SECTI (NHIDCL ),Ongoing Not Active,12,9.49,10.18,16.65,17.36
N24001280,LANING OF KOHIMA - JESSAMI SECTION (PACKAGE I) (NHIDCL ),Ongoing Not Active,11,63.46,63.47,7.86,4.93
N24001284,LANING OF KOHIMA - JESSAMI SECTION (PACKAGE III) (NHIDCL ),Ongoing Not Active,11,5.97,9.27,2.34,2.59
N24001289,CONSTRUCTION OF 2 LANE ROAD OF POTIN TO PANGIN SECTION OF NH 13 FROM KM 0.00 TO KM 44.35 (PACKAGE 1) EPC(MINISTRY OF ROAD TRANSPORT AND HIGHWAYS (STATE PWDs)),Ongoing Not Active,8,79.11,85.28,1.29,4.45
N24001290,CONSTRUCTION OF 2 LANE ROAD OF POTIN TO PANGIN SECTION OF NH 13 FROM KM 44.35 TO KM 77.95 (PACKAGE 2 EPC(MINISTRY OF ROAD TRANSPORT AND HIGHWAYS (STATE PWDs)),Ongoing Not Active,7,7.06,4.73,0.85,1.05
N24001294,CONSTRUCTION OF 2 LANE ROAD OF POTIN TO PANGIN SECTION OF NH 13 FROM KM 247.05 TO KM 284.92 (PACKAGE EPC(MINISTRY OF ROAD TRANSPORT AND HIGHWAYS,Ongoing Not Active,10,54.35,64.17,8.8,11.75
N24001295,CONSTRUCTION OF 2 LANE ROAD OF POTIN TO PANGIN SECTION OF NH 13 FROM KM 284.92 TO KM 314.25 (PACKAGE EPC(MINISTRY OF ROAD TRANSPORT AND HIGHWAYS (STATE PWDs)),Ongoing Not Active,7,8.91,2.92,1.17,1.11
N24001296,CONSTRUCTION OF 2 LANE ROAD OF POTIN TO PANGIN SECTION OF NH 13 FROM KM 314.25 TO KM 351.383 (PACKAG EPC(MINISTRY OF ROAD TRANSPORT AND HIGHWAYS (STATE PWDs)),Ongoing Not Active,9,106.82,108.03,1.29,7.36
N24001299,SIX LANING OF EXISTING 4-LANE ROAD FROM KALAPARRU (DESIGN KM 1050.680) TO CHINNA AVUTUPALLI (DESIGN EPC(NATIONAL HIGHWAYS AUTHORITY OF INDIA),Ongoing Not Active,6,204.35,191.13,13.5,12.0
N24001300,6-LANING OF VIJAYAWADA BYPASS FROM CHINNA AVUTUPALLI (DESIGN CH.0+000) TO GOLLAPUDI (DESIGN CH. 30+0 (NHAI ),Ongoing Not Active,11,72.7,83.74,4.73,6.01
N24001302,PREPATION OF FEASIBILITY/DPR OF CONSTRUCTION OF NEW 4-LANE ELEVATED ROAD FROM CHENNAI PORT TO MADURA,Ongoing Not Active,6,597.59,601.94,2.57,1.13
N24001303,BALANCE WORK OF 4- LANING OF PATNA- GAYA-DOBHI SECTION (KM. 0.00 TO KM. 127.217) OF NH-83 IN THE STAT (NHAI ),Ongoing Not Active,13,7.99,12.01,5.77,7.45
N24001304,BALANCE WORK OF 4- LANING OF PATNA-GAYA-DOBHI SECTION (KM. 39.00 TO KM. 83.00) OF NH-83 IN THE STATE (NHAI ),Ongoing Not Active,13,18.72,37.03,1.73,4.05
N24001306,TWO / FOUR LANING OF RAEBARELI - JAGDISHPUR SECTION OF NH-330A FROM KM. 0.000 TO KM. 47.800 (DESIGN (NHAI ),Ongoing Not Active,13,18.88,23.53,4.14,3.77
N24001307,WIDENING TO 2-LANE WITH PAVED SHOULDER IN/C GEOMETRIC IMPROVEMENT FROM KM 397.00 TO KM 422.00 ( 25 K EPC(MINISTRY OF ROAD TRANSPORT AND HIGHWAYS (STATE PWDs)),Ongoing Not Active,8,19.44,19.1,3.19,1.15
N24001308,KAILASHAHAR TO KHOWAI PKG-5 EPC(NATIONAL HIGHWAYS AND INFRASTRUCTURE DEVELOPMENT CORPORATION Ltd.),Ongoing Not Active,8,5.6,1.0,0.36,1.33
N24001310,KAILASHAHAR TO KHOWAI PKG-3 EPC(NATIONAL HIGHWAYS AND INFRASTRUCTURE DEVELOPMENT CORPORATION Ltd.),Ongoing Not Active,8,19.44,12.29,1.49,3.73
N24001315,3/2027} 450.65 (N.A.) {450.65} 361.48 91.24 134 TADADEGE - HENKAR (NHIDCL ),Ongoing Not Active,10,204.45,188.46,3.83,4.33
N24001316,9/2024} 550.45 (N.A.) {550.45} 113.92 44.01 135 LADDA - BASAI (NHIDCL ),Ongoing Not Active,11,200.87,198.39,8.41,6.84
N24001320,3/2025} 445.96 (N.A.) {445.96} 108.64 45.72 136 DOGINALA - GAU (NHIDCL ),Ongoing Not Active,11,61.08,68.53,9.26,7.8
N24001322,CONSTRUCTION OF 2-LANE ROAD WITH PAVED SHOULDER (GREENFIELD ALIGNMENT) OF EXISTING STRETCH BETWEEN L (NHIDCL ),Ongoing Not Active,12,18.93,15.05,2.78,3.94
N24001324,KHELLANI-KHANABAL PKG-6 EPC(NATIONAL HIGHWAYS AND INFRASTRUCTURE DEVELOPMENT CORPORATION Ltd.),Ongoing Not Active,7,23.93,23.33,5.16,6.63
N24001325,CONSTRUCTION OF 2-LANE SPECIFICATION ROAD WITH PAVED SHOULDER AS REALIGNMENT (GREENFIELD ALIGNMENT) (NHIDCL ),Ongoing Not Active,12,19.11,16.01,3.22,4.42
N24001328,JIA BHARALI BRIDGE ALONG WITH ITS APPROACH ROAD EPC(NATIONAL HIGHWAYS AND INFRASTRUCTURE DEVELOPMENT CORPORATION Ltd.),Ongoing Not Active,8,9.3,8.09,0.53,1.16
N24001329,LANING OF KHOWAI -AGARTALA SECTION FROM DESIGN KM 6.500 TO KM 19.300 OF NH-208A PKG-1 EPC(NATIONAL HIGHWAYS AND INFRASTRUCTURE DEVELOPMENT CORPORATION Ltd.),Ongoing Not Active,8,10.36,12.26,2.22,3.99
N24001342,DONIPAWA TO ASHAJIPORA BYPASS PKG-7 (NHIDCL ),Ongoing Not Active,10,22.21,15.75,6.28,7.08
N24001343,3/2025} 480.33 (N.A.) {640} 344.56 57.45 776 KARGIL-ZANSKR PACKAGE-1 (NHIDCL ),Ongoing Not Active,11,91.8,72.01,0.83,2.33
N24001348,11/2024} 381.01 (N.A.) {381.01} 148.8 59.09 779 KARGIL-ZANSKR PACKAGE-8 (NHIDCL ),Ongoing Not Active,11,35.0,38.84,4.39,6.05
N24001353,8/2024} 259.31 (N.A.) {259.31} 144.94 99.7 109 IMPHAL - KHONGSANG PKG-2 (NHIDCL ),Ongoing Not Active,11,99.49,86.27,6.46,6.04
N24001361,12/2025} 816.79 (786.60) {786.60} 278.65 35.5 1413 RISHI BORDER- ROLEP- MENLA PKG- 2A (NHIDCL ),Ongoing Not Active,11,76.78,83.21,2.48,2.96
N24001364,DABOKA KATHKATI PACKAGE-2 EPC(NATIONAL HIGHWAYS AND INFRASTRUCTURE DEVELOPMENT CORPORATION Ltd.),Ongoing Not Active,7,3.02,1.57,4.5,4.46
N24001365,DABOKA KATHKATI PACKAGE-4 EPC(NATIONAL HIGHWAYS AND INFRASTRUCTURE DEVELOPMENT CORPORATION Ltd.),Ongoing Not Active,7,2.77,4.2,2.99,2.49
N24001367,TULUNGIA-JOGIGHOPA-PAIKAN PKG-5 EPC(NATIONAL HIGHWAYS AND INFRASTRUCTURE DEVELOPMENT CORPORATION Ltd.),Ongoing Not Active,8,93.8,99.52,6.24,3.64
N24001372,BALANCE WORK 2-LANING OF LALPUL MANMAO CHANGLANG ROAD (NH- 215) ON EPC MODE IN THE STATE OF ARUNACH (MoRTH ),Ongoing Not Active,11,58.69,53.47,1.48,2.57
N24001373,BALANCE WORK OF 2-LANING OF LONGDING– TISSA- KHONSA ROAD (NH-215) ON EPC MODE IN THE STATE OF ARUNAC EPC(MINISTRY OF ROAD TRANSPORT AND HIGHWAYS (STATE PWDs)),Ongoing Not Active,7,16.22,12.31,1.56,0.74
N24001384,REHABILITATION AND UP GRADATION OF NH-544E FROM KM 56/803 TO KM 99/179 OF MADAKASIRA TO SIRA SECTION (MoRTH),Ongoing Not Active,9,45.89,33.06,16.16,12.07
N24001385,WIDENING AND STRENGTHENING TO TWO LANE WITH PAVED SHOULDERS FROM KM 491/000 TO KM 525/200 OF RAIPUR (MoRTH),Ongoing Not Active,9,59.32,51.18,8.14,6.11
N24001386,REHABILITATION AND UPGRADATION TO 2-LANE WITH PAVED SHOULDERS CONFIGURATION OF PADERU- GONDIGUDA SECT (MoRTH ),Ongoing Not Active,12,7.27,13.05,4.77,5.55
N24001389,CHANGTONGYA TO LONGLENG ROAD PKG-2 (NHIDCL ),Ongoing Not Active,11,66.28,70.82,5.73,5.4
N24001401,5/2025} 211.70 (N.A.) {211.70} 35.16 34.86 1058 IMPHAL - KHONGSANG PKG-3 (NHIDCL ),Ongoing Not Active,11,76.4,70.18,3.2,4.3
N24001405,2/2025} 198.77 (N.A.) {198.77} 110.09 85.12 1070 CHURACHANPUR TUIVAI PKG-3 (NHIDCL ),Ongoing Not Active,11,72.7,82.75,2.79,3.56
N24001407,9/2025} 258.52 (N.A.) {258.52} 62.78 55.43 1197 PEREN-DIMAPUR PKG-5 (NHIDCL ),Ongoing Not Active,10,23.35,24.82,1.46,1.73
N24001409,4L+PS OF RAS-BEAWAR SECTION (KM 0.00 TO KM 30.00) OF NH-158 (GNHCP) WORLD BANK. PKG-I. (MoRTH),Ongoing Not Active,9,85.58,73.24,4.09,4.26
N24001410,4L+PS OF BEAWAR-ASIND SECTION (KM 30.00 TO KM 74.00) OF NH- 158 (GNHCP) WORLD BANK. PKG-II EPC(MINISTRY OF ROAD TRANSPORT AND HIGHWAYS,Ongoing Not Active,8,5.68,3.43,2.91,3.04
N24001412,4L+PS OF NH -58 FROM BEAWAR- GOMTI (OLD CH KM 108.600 TO KM 144 KM 158.419 TO KM 173.300 PKG-II. (MoRTH ),Ongoing Not Active,9,59.51,45.72,4.53,4.47
N24001413,2L+PS FROM KM 148/170 TO 211 /100 (DEVAL- DUNGARPUR-HIRATA - VARDA-SAGWARA) SECTION OF NH-927A. PKG- (MoRTH),Ongoing Not Active,9,8.09,5.89,1.97,1.78
N24001423,CONSTRUCTION OF BYPASS FOR PROVIDING INTER CONNECTIVITY AMONG (NHS) AROUND THE PRATAPGARH CITY (PRAT (MoRTH ),Ongoing Not Active,8,39.87,27.85,11.61,10.35
N24001426,4L OF ADDAHOLE TO BANTWAL CROSS SECTION (NHAI ),Ongoing Not Active,10,35.02,38.62,2.24,2.47
N24001428,FOUR LANING OF VILUPPURAM TO PUDHUCHERRY (DESIGN CH. KM. 00/000 TO KM. 29/000) SECTION OF NH-45A ON (NHAI ),Ongoing Not Active,9,56.85,37.36,1.61,6.16
N24001429,FOUR LANING OF PUDUCHERRY (KM.29/000) TO POONDIYANKUPPAM (KM.67/000) SECTION OF NH-45A ON HAM UNDER (NHAI ),Ongoing Not Active,9,14.79,71.04,3.56,9.05
N24001430,FOUR LANING OF POONDIYANKUPPAM (KM.67/000) TO SATTANATHAPOURAM (KM.123/800) SECTION OF NH-45A ON HAM (NHAI ),Ongoing Not Active,9,83.72,98.54,5.73,9.61
N24001431,FOUR LANING OF SATTANATHAPURAM (KM.123/800) TO NAGAPATTINAM (KM.179/555) SECTION OF NH-45A ON HAM UN (NHAI ),Ongoing Not Active,9,155.46,186.5,3.89,4.34
N24001432,"6L FLYOVER AT BORAGAON, GORCHUK, LOKHRA AND BASISTHA JUNCTION ON GUWAHATI BYPASS SECTION FROM KM 146 (NHAI )",Ongoing Not Active,8,8.21,4.61,1.71,2.23
N24001433,REHABILITATION OF SECTION FROM KM 298.00 TO KM 330.662 PKG-8,Ongoing Not Active,2,,,,
N24001435,4-LANING OF DERGAON TOWN EPC(NATIONAL HIGHWAYS AND INFRASTRUCTURE DEVELOPMENT CORPORATION Ltd.),Ongoing Not Active,6,16.27,10.03,8.6,5.77
N24001448,UPGRADATION OF ADHALGAON- JAMKHED SECTION OF NH-548 D FROM KM 132/600 TO KM 195/375 TO TWO LANE WITH (MoRTH ),Ongoing Not Active,9,5.37,12.03,3.25,4.49
N24001453,10/2024} 467.41 (N.A.) {467.41} 235.67 90.03 1074 IMPHAL - KHONGSANG PKG-4 (NHIDCL ),Ongoing Not Active,9,207.24,201.2,3.15,3.09
N24001458,MOPA AIRPORT (MoRTH),Ongoing Not Active,6,31.83,19.32,19.65,16.01
N24001459,CONSTRUCTION OF 1 ROB CUM FLYOVER FROM KM 136.200 TO 137.800 AND 2 FLYOVERS EPC(MINISTRY OF ROAD TRANSPORT AND HIGHWAYS (STATE PWDs)),Ongoing Not Active,4,7.09,5.17,1.08,1.02
N24001464,PROJECTS- REHABILITATION AND UPGRADATION OF NH- 731A FROM KM 0.00 TO KM.35.00 (MoRTH ),Ongoing Not Active,8,5.88,10.32,2.42,3.86
N24001468,REPANPALLI TO SIRONCHA (MoRTH ),Ongoing Not Active,8,1.51,16.68,1.08,3.13
N24001472,BALANCE WORKS OF FOUR LANING FROM RAMBAN KM 151.00 TO BANIHAL KM 187.00 OF NH-1A (NOW NH-44) WITH VA (NHAI ),Ongoing Not Active,8,26.12,36.27,2.76,5.26
N24001478,"WIDENING AND STRENGTHENING FROM KM.15.000 TO KM, 58.600 (BHADEWARA -DRAMANDGANJ SECTION) OF NATIONAL (MoRTH)",Ongoing Not Active,5,7.28,5.15,1.27,0.81
N24001485,INTEGRATED STRUCTURE WITH DEVELOPMENT OF OTHER ALLIED STRUCTURES ON BOTH SIDES OF CHANDNI CHOWK JUNC (NHAI),Ongoing Not Active,5,29.22,8.86,14.5,14.16
N24001487,BALANCE WORK UNDER PHASE-I FOR 4L OF KHED SINNER SECTION COMPRISING OF THE STRETCHES (I) KHED BYPASS EPC(NATIONAL HIGHWAYS AUTHORITY OF INDIA),Ongoing Not Active,3,19.6,16.92,1.48,1.08
N24001488,DHARAMPURI-LONAND FROM KM. 117.00 TO 166.40 (PKG-IV) ON MOHOL-ALANDI SECTION (NHAI ),Ongoing Not Active,7,42.84,54.19,2.93,3.04
N24001489,4L OF EXISTING 2/4L STRETCH FROM LONAND TO DIVE GHAT (KM 166.400 TO KM 220.900 ) OF MOHOL ? ALANDI S (NHAI),Ongoing Not Active,4,158.26,162.07,1.32,1.15
N24001497,AHMEDNAGAR BYPASS,Ongoing Not Active,4,16.9,12.34,0.82,1.15
N24001498,4L OF AHMEDNAGAR - MIRAJGAON - KARMALA - TEMBHURNI (PKG-I) [AHMEDNAGAR TO GHOGARGAON] FROM KM. 0.00 PPP BOT (Hybrid Annuity)(NATIONAL HIGHWAYS AUTHORITY OF INDIA),Ongoing Not Active,3,29.42,19.75,0.55,0.78
N24001499,4L OF AHMEDNAGAR - MIRAJGAON - KARMALA - TEMBHURNI (PKG-II) [GHOGARGAON TO AHMEDNAGAR- SOLPAUR DISTR PPP BOT (Hybrid Annuity)(NATIONAL HIGHWAYS AUTHORITY OF INDIA),Ongoing Not Active,3,3.08,3.65,1.55,1.59
N24001501,PATAS-VASUNDE PHATA - BARAMATI BYPASS (NHAI ),Ongoing Not Active,6,1.32,2.45,3.39,3.46
N24001503,4L OF INDAPUR TO TONDLE (PKG-III) FROM KM.84.550 TO KM. 131.00 OF NH- 965G (SAINT TUKARAM MARG) (NHAI ),Ongoing Not Active,7,31.88,34.88,0.24,2.19
N24001505,VADODARA MUMBAI EXPRESSWAY (PHASE II - PKG XII) [KM. 50.700 TO KM. 77.000] (MASVAN - GANJAD) (NHAI ),Ongoing Not Active,7,356.35,341.46,0.61,2.1
N24001513,CONSTRUCTION OF FOUR LANE PINJORE BYPASS FROM KM 0.00 TO 7.70 ON EPC MODE,Ongoing Not Active,4,19.16,15.79,6.01,4.68
N24001514,"FOUR LANING OF EXISTING 2 LANE SECTION FROM MALOUT (DESIGN KM 44.500, EXISTING KM 80.200 OF NH-07) V (NHAI )",Ongoing Not Active,5,12.04,5.14,5.27,3.45
N24001516,DELHI VADODARA GREENFIELD ALIGNMENT SECTION OF NH 148N PACKAGE 27 (NHAI ),Ongoing Not Active,7,91.74,106.1,7.01,8.45
N24001517,DELHI VADODARA GREENFIELD ALIGNMENT SECTION OF NH 148N PACKAGE 29 EPC(NATIONAL HIGHWAYS AUTHORITY OF INDIA),Ongoing Not Active,2,,,,
N24001524,6L OF ACCESS-CONTROLLED HIGHWAY FROM MOHAND TO DAAT KALI TUNNEL OF GANESHPUR DEHRADUN SECTION FROM (NHAI ),Ongoing Not Active,7,32.95,66.27,3.27,5.01
N24001529,LANE DIVIDED CARRIAGEWAY OF BARMER BYPASS OF NH-15 (NEW NH- 68) IN THE STATE OF RAJASTHAN ON EPC M (MoRTH ),Ongoing Not Active,7,22.57,124.72,6.82,4.78
N24001533,CONSTRUCTION OF 4-LANE GREEN FIELD DELHI-AMRITSAR- KATRA EXPRESSWAY (NE-05) FROM JUSSUR KHERI ON KMP (NHAI ),Ongoing Not Active,7,94.05,81.56,1.07,5.53
N24001534,CONSTRUCTION OF FOUR-LANE GREENFIELD DELHI-AMRITSAR- KATRA EXPRESSWAY FROM JUNCTION WITH ROHTAK-PANIP (NHAI ),Ongoing Not Active,7,95.82,103.0,2.44,1.81
N24001535,4-LANING OF GOHANA-SONIPAT (PKG- 2) SECTION FROM KM 40.601 TO KM 78.837 (LENGTH = 38.236KM) OF NH-352 (NHAI ),Ongoing Not Active,7,110.22,100.15,3.26,5.64
N24001538,"12/2026} 4,454.17 (12,274.06) {19,517.70} 14,707.39 79.3 91 IMPHAL - KHONGSANG PKG-5 (NHIDCL )",Ongoing Not Active,7,106.13,93.75,3.91,5.61
N24001541,RANIKOR- MAHESHKHOLA- BAGHMARA PKG-2 (NHIDCL ),Ongoing Not Active,7,26.78,20.66,0.72,1.41
N24001542,9/2025} 656.00 (N.A.) {656.00} 308.81 65.6 210 2 LANING FROM MANU-SIMLUNG PKG-2 (NHIDCL ),Ongoing Not Active,7,143.45,136.62,3.13,1.42
N24001549,SHRIRAMPUR (KM. 0.000) TO KOCHUGAON (KM. 30.000) OF BIJNI TO ASSAM./WEST BENGAL BORDER SECTION OF NH (NHAI ),Ongoing Not Active,5,37.26,52.49,24.08,17.73
N24001559,2L PS SRIGANGANAGAR TO RAISINGHNAGAR (DESIGN CHAINAGE - 0.500 KM TO DESIGN CHAINAGE 101.000 KM) (PACK (NHAI ),Ongoing Not Active,7,125.84,118.45,1.3,0.82
N24001560,SANGARIYA (NEAR CHAUTALA)- RASISAR (NEAR BIKANER) (PHASE-I) (AJ/SR-PACKAGE-2) (NHAI ),Ongoing Not Active,4,554.32,483.47,1.45,0.59
N24001561,DEOGARH (NEAR DHANDHANIYA)- RAJASTHAN/GUJARAT BORDER (PHASE- I) (AJ/DRGB-PACKAGE-8) (NHAI ),Ongoing Not Active,6,94.73,113.95,0.21,1.0
N24001562,SANGARIYA (NEAR CHAUTALA)- RASISAR (NEAR BIKANER) (PHASE-I) (AJ/SR-PACKAGE-1) (NHAI ),Ongoing Not Active,4,511.37,441.31,1.45,0.99
N24001566,DELHI-VADODARA GREENFIELD ALIGNMENT (NH-148N) (PKG-11) (CH. 319.400 TO CH. 331.030) [HARDEOGANJ VILL (NHAI ),Ongoing Not Active,6,9.36,53.54,12.62,12.78
N24001569,DELHI-VADODARA GREENFIELD ALIGNMENT (NH-148N) (PKG-12) (CH. 331.030 TO CH. 359.170) [MAJOR BRIDGE ON (NHAI ),Ongoing Not Active,6,59.61,50.14,2.28,1.45
N24001571,DELHI-VADODARA GREENFIELD ALIGNMENT (NH- 148N) (PKG-13) (CH. 359.170 TO CH. 388.420) [JUNCTION WITH S (NHAI ),Ongoing Not Active,6,13.33,17.22,0.87,1.35
N24001572,DELHI-VADODARA GREENFIELD ALIGNMENT (NH-148N) (PKG-16) (CH. 427.300 TO CH.452.420) [MAJOR BRIDGE OVE (NHAI ),Ongoing Not Active,4,484.75,388.59,4.94,2.61
N24001574,DEOGARH (NEAR DHANDHANIYA)-RAJASTHAN/GUJARAT BORDER (PHASE-I) (AJ/DRGB-PACKAGE-3) EPC(NATIONAL HIGHWAYS AUTHORITY OF INDIA),Ongoing Not Active,2,,,,
N24001575,DEOGARH (NEAR DHANDHANIYA)-RAJASTHAN/GUJARAT BORDER (PHASE-I) (AJ/DRGB-PACKAGE-4) EPC(NATIONAL HIGHWAYS AUTHORITY OF INDIA),Ongoing Not Active,2,,,,
N24001576,RASISAR (NEAR BIKANER)-DEOGARH (NEAR DHANDHANIYA) (PHASE- I) (AJ/RD-PACKAGE-1) EPC(NATIONAL HIGHWAYS AUTHORITY OF INDIA),Ongoing Not Active,2,,,,
N24001579,SANGARIYA (NEAR CHAUTALA)-RASISAR (NEAR BIKANER) (PHASE-I) (AJ/SR-PACKAGE-6) EPC(NATIONAL HIGHWAYS AUTHORITY OF INDIA),Ongoing Not Active,2,,,,
N24001580,SANGARIYA (NEAR CHAUTALA)-RASISAR (NEAR BIKANER) (PHASE-I) (AJ/SR-PACKAGE-3) EPC(NATIONAL HIGHWAYS AUTHORITY OF INDIA),Ongoing Not Active,2,,,,
N24001581,SANGARIYA (NEAR CHAUTALA)-RASISAR (NEAR BIKANER) (PHASE-I) (AJ/SR-PACKAGE-5) EPC(NATIONAL HIGHWAYS AUTHORITY OF INDIA),Ongoing Not Active,2,,,,
N24001582,RASISAR (NEAR BIKANER)-DEOGARH (NEAR DHANDHANIYA) (PHASE- I) (AJ/RD-PACKAGE-3) EPC(NATIONAL HIGHWAYS AUTHORITY OF INDIA),Ongoing Not Active,2,,,,
N24001584,RASISAR (NEAR BIKANER)-DEOGARH (NEAR DHANDHANIYA) (PHASE- I) (AJ/RD-PACKAGE-2) EPC(NATIONAL HIGHWAYS AUTHORITY OF INDIA),Ongoing Not Active,2,,,,
N24001586,SANGARIYA (NEAR CHAUTALA)-RASISAR (NEAR BIKANER) (AJ/SR- PACKAGE-9) EPC(NATIONAL HIGHWAYS AUTHORITY OF INDIA),Ongoing Not Active,2,,,,
N24001591,4 LANING OF CHAMPA-KORBA-CHHURI-KATGHORA SECTION OF NH 149B FROM KM.0.000 TO KM.38.200 PPP BOT (Hybrid Annuity),Ongoing Not Active,3,,,,
N24001594,ELEVATED CORRIDOR IN RANCHI CITY FROM KM 0.00 TO KM 3.260 OF NH-75 INCLUDING DOWN RAMP ON NH-23 FROM (NHAI ),Ongoing Not Active,7,249.62,237.93,9.05,7.04
N24001595,4L OF PALMA TO GUMLA SECTION OF NH23 FROM KM. 26.00 TO KM. 89.170 ON HAM MODE IN THE STATE OF JHARKH (NHAI ),Ongoing Not Active,7,118.43,157.98,15.22,20.66
N24001602,4-LANING OF MADATHUKULAM - POLLACHI SECTION OF NH-209 (NEW NH- 83) (NHAI ),Ongoing Not Active,7,255.19,270.34,6.5,9.63
N24001613,DEOGARH (NEAR DHANDHANIYA)-RAJASTHAN/GUJARAT BORDER (PHASE-I) (AJ/DRGB-PACKAGE-5) EPC(NATIONAL HIGHWAYS AUTHORITY OF INDIA),Ongoing Not Active,2,,,,
N24001617,4L MISSING LINK (OF REWA BYPASS) FROM JN. WITH NH 30 NEAR BELA TO JN. WITH MPRDC RING ROAD (NEAR SIL,Ongoing Not Active,2,,,,
N24001618,KATNI BYPASS FROM KM. 359.50 TO KM. 378.50 (NHAI ),Ongoing Not Active,7,20.33,47.75,1.22,11.86
N24001623,BANIHAL BYPASS (DELINKED FROM SRINAGAR - BANIHAL) FROM KM. 187.00 TO KM. 189.350 (NHAI ),Ongoing Not Active,7,35.13,37.73,2.12,1.92
N24001625,6L ACCESS CONTROLLED GREENFIELD HIGHWAY OF JULEKAL VILLAGE TO DINNEDEVARAPADU VILLAGE FROM KM 242.20 (NHAI ),Ongoing Not Active,7,34.13,54.06,0.43,1.2
N24001635,LANING OF JAGADHRI TAJEWALA ROAD SECTION OF NH 907 (OLD NH 73A) UNDER NH(O) (PKG 1) IN THE STATE O (NHAI ),Ongoing Not Active,7,17.63,31.87,1.65,0.99
N24001636,CONSTRUCTION OF FOUR/SIX LANE GREENFIELD LUDHIANA ? RUPNAGAR NATIONAL HIGHWAY NO. NH-205K UNDER BHAR (NHAI ),Ongoing Not Active,6,70.12,92.47,1.69,4.49
N24001642,FOUR LANING OF AMRITSAR BYPASS FROM NEW TARN TARAN ROAD TO AJNALA ROAD FROM DESIGN KM. 0.750 TO DESI (NHAI ),Ongoing Not Active,7,368.62,367.19,0.47,1.71
N24001648,CONSTRUCTION OF 6 LANE ELEVATED CORRIDOR ALONG WITH DEVELOPMENT OF EXISTING 4 LANE ROAD AT GROUND LE (NHAI ),Ongoing Not Active,7,9.01,21.09,1.3,1.1
N24001651,SIX LANING OF THURAVOOR (DESIGN KM. 378+612) TO PARAVOOR (DESIGN KM.417+000) SECTION OF NEW NH- 66 (O (NHAI ),Ongoing Not Active,7,886.5,883.42,14.19,15.64
N24001654,SIX LANING OF START OF KOLLAM BYPASS (KM.486+000) KADAMBATTUKONAM (KM.517+250) SECTION OF NEW NH-66 (NHAI ),Ongoing Not Active,7,767.07,736.68,2.97,5.16
N24001657,SIX LANING OF KOTTUKULANGARA (DESIGN KM. 454+500) TO START OF KOLLAM BYPASS (DESIGN KM. 486+000) SEC (NHAI ),Ongoing Not Active,7,904.3,873.61,1.54,2.46
N24001660,SIX LANING OF THALIPARAMBHA- MUZHAPILANGAD SECTION FROM KM 137.900 TO KM. 170.600 OF NH-17 (NEW NH (NHAI ),Ongoing Not Active,7,84.85,63.04,2.42,4.5
N24001663,SIX LANING OF NEELESHWARAM TO THALIPARAMBHA SECTION FROM CH. 94+540 (EXISTING KM 96+450) TO CH. 134+ (NHAI ),Ongoing Not Active,7,30.68,74.61,1.13,3.17
N24001666,6L GREENFIELD BARAJA - KANDILI SECTION OF NH- 130-CD ROAD FROM KM 338+500 TO KM 342+500 (PACKAGE- OD (NHAI ),Ongoing Not Active,6,22.1,32.04,0.92,0.99
N24001670,6L OF KARKI KALIAGURA SECTION FROM KM 226.500 TO KM 249.000 OF NH- 130-CD (PACKAGE OD-4) (NHAI ),Ongoing Not Active,7,19.03,44.39,1.84,8.55
N24001673,4- LANING OF ROHTAK-JIND SECTION FROM KM. 307+000 TO KM. 347+800 OF NH- 71 AND CONNECTING LINK FROM K (NHAI ),Ongoing Not Active,7,8.34,26.87,5.05,11.71
N24001681,6/2025} 1409.68 (N.A.) {1409.68} 770.97 41.57 711 TUMKUR - NELAMANGALA(6L) (NHAI ),Ongoing Not Active,7,70.58,79.75,7.51,5.93
N24001682,UPGRADATION 2/4 LANE NH CONNECTIVITY UNDER SAGARMALA SCHEME SH 2 HAVERI YEKAMBI SH 69 YEKAMBI KUMTA (NHAI ),Ongoing Not Active,6,4.33,1.89,7.05,8.56
N24001683,AURAD - BIDAR KM 0.00 TO KM 45.878 (NHAI ),Ongoing Not Active,6,64.18,93.3,0.5,0.37
N24001685,CONSTRUCTION OF 4 LANE BANGALORE -CHENNAI EXPRESSWAY FROM KM 53.500 TO KM 71.000 SECTION OF NE-7 (BA (NHAI),Ongoing Not Active,5,12.94,7.91,4.61,5.37
N24001686,FOUR LANING OF BANAVARA TO BETTADAHALLI SECTION FROM KM. 119+790 (DESIGN KM. 121+900) TO KM. 166+100 (NHAI ),Ongoing Not Active,6,9.1,14.53,4.53,15.09
N24001688,CONSTRUCTION OF 4 LANE BANGALORE-CHENNAI EXPRESSWAY FROM KM 0.000 TO KM 26.400 NE-7(ALONG WITH 0.700 (NHAI ),Ongoing Not Active,5,345.25,312.77,2.64,1.82
N24001691,FOUR LANING OF KARADI TO BANAVARA SECTION FROM KM. 66+540 (DESIGN KM. 65+195) TO KM. 119+790 (DESIGN (NHAI ),Ongoing Not Active,6,31.36,43.85,8.22,11.11
N24001693,FOUR LANING OF NERALURU TO THORAPALLI AGRAHARAM SECTION OF NH-844 (PKG-I) FROM KM.0+000 TO KM.23+350 (NHAI ),Ongoing Not Active,7,59.66,65.95,1.22,0.44
N24001695,8L OF GUDUVANCHERY (KM 38.00) - MARAIMALAI NAGAR (KM 42.00) - SINGAPERUMAL KOIL (47.00) - CHETTIPU Joint Venture(NATIONAL HIGHWAYS AUTHORITY OF INDIA),Ongoing Not Active,3,,,,
N24001710,LANING FROM KM. 34.600 TO KM. 79.970 and 2LPS FROM KM. 79.970 TO KM. 82.000 OF NARENPUR - PURNEA S (NHAI ),Ongoing Not Active,5,78.38,38.79,7.59,0.88
N24001712,FOUR LANING OF PARARIA TO MOHANIA SECTION OF NH 319 (OLD NH 30) FROM KM. 54+530 (DESIGN CHAINAGE) TO (NHAI ),Ongoing Not Active,7,38.86,53.75,4.27,5.96
N24001721,FOUR LANING OF MAMALLAPURAM TO MUGAIYUR SECTION OF NH332A FROM KM 0.000 TO KM 31.000 (NHAI ),Ongoing Not Active,7,66.77,76.36,2.13,4.35
N24001724,BALANCE WORK OF 2L PS OF TINDIVANAM KRISHNAGIRI FROM KM 37.600 TO 219.782 ITEM RATE(NATIONAL HIGHWAYS AUTHORITY OF INDIA),Ongoing Not Active,3,,,,
N24001725,6L OF SRIPERUMBUDUR TO KARAIPETTAI FROM KM 37.000 TO KM 71.015 OF NH 48 (NHAI ),Ongoing Not Active,7,8.7,30.87,0.87,4.23
N24001726,4L SPUR OF SHAMLI- MUZZAFARNAGAR CONNECTING NH- 709AD (PANIPAT- SHAMLI- MUZAFFARNAGAR) AND NH-58 (MEERUT (NHAI ),Ongoing Not Active,7,17.66,13.82,4.08,0.75
N24001728,"IMPROVEMENT AND UP- GRADATION OF EXISTING ROAD TO 4L PS FROM KM 175.080 TO 229.070, FROM END OF HARDO (NHAI )",Ongoing Not Active,6,37.23,38.15,6.6,5.63
N24001736,6L ACCESS CONTROL GREENFIELD HIGHWAY OF VILL- KARAUNDA MAHAJAN TO VILL- KHYAWARI FROM KM. 56.500 TO K (NHAI ),Ongoing Not Active,7,52.3,51.88,4.15,5.31
N24001738,"2LPS OF BIJNOR TO KOTAWALI SECTION OF NH-709AD, PKG-IV (NHAI )",Ongoing Not Active,7,83.93,69.96,0.3,1.38
N24001739,REHABILITATION and UPGRADATION FROM 2 LANE TO 4 LANE OF NH STRETCH UNDER BHARATMALA PARIYOJANA FOR U (NHAI ),Ongoing Not Active,7,400.9,399.94,0.11,1.24
N24001740,ALIGARH-KANPUR SECTION PACKAGEV FROM MITRASEN-KANPUR HAM(Hybrid Annuity Mode)(NATIONAL HIGHWAYS AUTHORITY OF INDIA),Ongoing Not Active,3,266.9,381.41,1.71,2.02
N24001741,"4L PS OF MEERUT TO AFTER BRIDGE OVER RIVER YAMUNA, HARYANA VIA SHAMLI-FROM KM. 0.00 TO KM. 88.476 OF EPC(NATIONAL HIGHWAYS AUTHORITY OF INDIA)",Ongoing Not Active,2,,,,
N24001742,"4L OF SHAMLI TO MUZAFFARNAGAR SECTION OF NH-709AD, PKG-II EPC",Ongoing Not Active,3,,,,
N24001743,LUCKNOW RING ROAD PKG-1 (SULTANPUR ROAD TO BEHTA ROAD) [BYPASS CONNECTING NH-56 AT KM. 17.40 AND TER EPC(NATIONAL HIGHWAYS AUTHORITY OF INDIA),Ongoing Not Active,3,77.35,88.76,1.89,0.24
N24001744,"4L OF SHAMLI BYAPSS- SAHARANPUR FROM KM 92.2 TO KM 155.025 SECTION OF NH-709B, PKG-II (NHAI )",Ongoing Not Active,7,0.47,17.07,14.81,23.95
N24001746,2-LANE EXISTING RAMPUR BYPASS OF RAMPUR TO BE DEVELOPED TO 4-LANE ON EPC MODE IN THE STATE OF UTTAR (NHAI ),Ongoing Not Active,7,60.41,60.14,2.53,3.25
N24001747,SIX LANE OF PALSIT TO DANKUNI SECTION FROM 588.870 TO KM. 652.700 (NHAI ),Ongoing Not Active,7,20.82,33.13,3.3,4.77
N24001748,SIX LANING OF NATIONAL CORRIDOR NH19 FROM PANAGARH TO PALSIT IN THE STATE OF WEST BENGAL UNDER BHARA (NHAI ),Ongoing Not Active,7,66.74,148.95,0.68,6.14
N24001757,4L OF KHEDAKHAJURIYA TO SUHAGADI FROM KM. 41.400 TO KM. 89.200 OF NH-148NG (PKG-II) (NHAI),Ongoing Not Active,3,,,,
N24001760,2L PS OF UJJAIN - JHALAWAR (UPTO RJ BORDER) FROM KM. (-)0.650 TO KM. 132.955 OF NH-552G HAM(Hybrid Annuity Mode)(NATIONAL HIGHWAYS AUTHORITY OF INDIA),Ongoing Not Active,2,,,,
N24001761,4L OF HARDA - BETUL (PKG-II) FROM KM. 30.00 TO KM.81.00 [TEMAGAON TO CHICHOLI] (NHAI ),Ongoing Not Active,5,34.93,15.2,1.34,1.57
N24001763,1/1/2023 946.42 5 4L OF HARDA - BETUL (PKG-I) FROM KM.0 TO KM.30 [HARDA - TEMAGAON] (NHAI),Ongoing Not Active,4,40.26,98.64,10.41,5.02
N24001764,9/1/2023 463.85 6 4L OF HARDA - BETUL (PKG-III) FROM KM. 81.00 TO KM.121.248 [CHICHOLI - BETUL] (NHAI),Ongoing Not Active,4,44.07,106.29,9.96,8.01
N24001770,4L OF OBEDULLGANJ - BUDNI SECTION FROM KM. 8.400 TO KM. 20.700 IN RATANPANI WILDLIFE AREA OF NH - 69 (NHAI ),Ongoing Not Active,6,65.56,67.9,4.3,4.31
N24001771,SIX LANE ACCESS CONTROLLED OF DELHI SAHARANPUR HIGHWAY FROM AKSHARDHAM NH 9 JUNCTION TO DELHI UP BOR (NHAI ),Ongoing Not Active,6,3.19,8.9,2.55,11.28
N24001776,DEVELOPMENT OF 6L UER II [PACKAGE - III] (NANGLOI - NAJAFGARH ROAD TILL SECTOR 24 DWARKA) FROM KM. 2 EPC(NATIONAL HIGHWAYS AUTHORITY OF INDIA),Ongoing Not Active,2,,,,
N24001778,DEVELOPMENT OF 4L UER II [PACKAGE - V] (SPUR TO BAHADURGARH BYPASS) (NH- 10) FROM KM. 0.00 TO KM.7.30 (NHAI ),Ongoing Not Active,5,15.15,19.14,3.16,5.02
N24001781,8L OF DWARKA EXPRESSWAY PKG-II (RUB NEAR DWARKA SECTOR 21-DL/HR BORDER) FROM 5.300 KM.TO 9.500 KM. O (NHAI ),Ongoing Not Active,6,55.87,85.53,1.18,5.61
N24001782,CONSTRUCTION OF 8LANE DIVIDED CARRIAGEWAY STARTING AT SOHNA GURUGRAM ROAD NE 4 NEAR ALIPUR VILLAGE A EPC,Ongoing Not Active,3,,,,
N24001787,4L OF DHROL-BHADRA-PATIYA SECTION FROM 0.000 TO KM 13.600 AND BHADRA PATIYA - PIPALIYA SECTION FROM HAM(Hybrid Annuity Mode),Ongoing Not Active,3,,,,
N24001788,CONSTRUCTION OF EIGHT LANE ACCESS CONTROLLED EXPRESSWAY FROM KM 217.500 TO KM 254.430 OF VADODARA MU (NHAI ),Ongoing Not Active,6,285.75,403.5,6.3,4.92
N24001791,SANCHORE - SANTALPUR FROM KM 4.888 - KM 35.000 OF NH-754K (AJ-RGBS- PACKAGE-1) (NHAI ),Ongoing Not Active,6,15.66,38.84,0.98,0.68
N24001795,FOUR LANING OF AURANGABAD- PAITHAN SECTION OF NH-752E ON EPC MODE IN THE STATE OF MAHARASHTRA . (NHAI ),Ongoing Not Active,6,8.75,18.31,1.05,3.17
N24001800,BALANCE WORKS OF 4L AMRAVATI - CHIKHLI (PKG I) [AMRAVATI TO KURANKHED FROM KM. 166.00 TO KM. 220.00] HAM(Hybrid Annuity Mode)(NATIONAL HIGHWAYS AUTHORITY OF INDIA),Ongoing Not Active,2,,,,
N24001801,BALANCE WORKS OF 4L AMRAVATI - CHIKHLI (PKG II) [KURANKHED TO SHELAD FROM KM. 220.00 TO KM. 270.00] HAM(Hybrid Annuity Mode)(NATIONAL HIGHWAYS AUTHORITY OF INDIA),Ongoing Not Active,2,,,,
N24001803,4L OF AKOLA - MEDSHI FROM KM. 0.00 TO KM. 47.70 OF NH-161 INCLUDING BYPASSES AT PATUR AND MEDSHI EPC(NATIONAL HIGHWAYS AUTHORITY OF INDIA),Ongoing Not Active,3,,,,
N24001805,4L OF AUSA-CHAKUR SECTION FROM KM 55.835 TO KM 114.345 OF NH-361 HAM(Hybrid Annuity Mode)(NATIONAL HIGHWAYS AUTHORITY OF INDIA),Ongoing Not Active,3,,,,
N24001807,MEDSHI (KM 47.700) TO WASHIM (KM 92.200) OF NH-161 IN MAHARASHTRA EPC(NATIONAL HIGHWAYS AUTHORITY OF INDIA),Ongoing Not Active,3,,,,
N24001813,4L OF END OF PINJORE BYPASS - BADDI - NALAGARH SECTION (KM. 4.200 TO KM. 35.370) OF NH21A (NHAI ),Ongoing Not Active,6,44.33,49.18,1.82,1.01
N24001816,FOUR LANNING OF JAGDISHPUR-FAIZABAD SECTION FROM KM 47.930 TO KM 107.680 OF NH-330A HAM(Hybrid Annuity Mode),Ongoing Not Active,3,,,,
N24001817,6L OF CHILKARARUPET BYPASS FROM KM. 357.400 TO KM. 371.920 OF NH-16 (NHAI ),Ongoing Not Active,6,82.18,89.69,12.77,11.21
N24001822,BANGALORE CHENNAI EXPRESSWAY (PHASE-II PKG-I) FROM KM.71.000 TO KM 96.000 (BETHAMANGALA IN THE STATE (NHAI ),Ongoing Not Active,6,69.16,83.4,1.92,1.26
N24001825,DEVELOPMENT OF 6L UER II [PACKAGE - II] (KARALA KANJHAWALA ROAD TILL NANGLOI - NAJAFGARH ROAD) FROM (NHAI ),Ongoing Not Active,6,62.87,100.02,2.43,7.2
N24001830,SIX LANE ACCESS CONTROLLED OF DELHI SAHARANPUR HIGHWAY FROM DELHI UP BORDER TO EPE JUNCTION CH.14.75 (NHAI ),Ongoing Not Active,6,53.88,97.06,0.61,1.7
N24001832,DIBRUGARH-LAHOAL-CHABUA BYPASS PACKAGE-3 (NHIDCL ),Ongoing Not Active,6,27.97,24.49,2.28,2.33
N24001833,JAMMU - AKHNOOR SECTION OF NH 144A PKG- 3B (NHIDCL ),Ongoing Not Active,6,7.96,10.92,1.83,2.09
N24001837,6L JAKKUVA ? KORLAM SECTION OF NH- 130CD ROAD FROM KM 396.800 TO KM 421.100 (PKG 2) (NHAI ),Ongoing Not Active,6,165.38,171.04,4.43,6.66
N24001839,6L KORLAM-KANTAKAPALLE SECTION OF NH-130CD ROAD FROM KM 421.100 TO KM 445.100 (PKG-3) PPP BOT (Hybrid Annuity),Ongoing Not Active,3,,,,
N24001857,CONSTRUCTION OF ROAD FROM KM 0/0 TO 72/0 OF NH-26 SUCH AS 4 LANE FROM KM 0/0 TO 21/0 (BARGARH TO BAR (MoRTH ),Ongoing Not Active,6,72.81,81.51,3.12,4.92
N24001863,"CONSTRUCTION OF 5 HL BRIDGES AT KM 379/000 (PANGAM), KM 439/400 (POTTERU), KM 444/237 (KONGURUKONDA) (MoRTH )",Ongoing Not Active,6,92.79,85.36,1.44,1.01
N24001868,Sagwara Bypass and Garhi- Partapur Bypass of NH- 927A in the State of Rajasthan. (MoRTH ),Ongoing Not Active,5,3.87,3.85,0.99,0.35
N24001869,UPGRADATION AND REHABILITATION TO TWO LANE WITH PAVED SHOULDER OF GHAGARIYA- MUNABAO SECTION FROM KM (MoRTH ),Ongoing Not Active,5,12.94,8.09,0.86,1.3
N24001880,REHABILITATION AND UP-GRADATION TO 4 LANE ROAD WITH PAVED SHOULDER CONFIGURATION OF SECTION FROM UND (MoRTH ),Ongoing Not Active,5,0.66,6.23,1.06,0.7
N24001881,REHABLITATION AND UPGRADATION OF AMBOLI JUNCTION (DESIGN CH. 71+530) TO AJARA (DESIGN CH.100+835) SE (MoRTH ),Ongoing Not Active,3,,,,
N24001885,REHABILITATION AND UP- GRADATION OF JINTUR- SHIRAD SHAHAPUR SECTION KM 258.300 TO KM 306.300 [DESIGN (MoRTH ),Ongoing Not Active,5,4.29,13.04,0.56,0.61
N24001886,DEVELOPMENT/WIDENI NG OF TALEGAON ? CHAKAN ? SHIKRAPUR ? NHAVARA SECTION OF NH 548DG (NHAVARA TO CHOU (MoRTH ),Ongoing Not Active,5,10.99,14.09,1.2,1.18
N24001887,REHABILITATION AND UPGRADATION OF BHOKARDAN TO KUMBHARI FATA DESIGN CH. (KM 13+500 TO 17+00) AND RAJ (MoRTH ),Ongoing Not Active,5,4.0,6.57,1.32,0.95
N24001888,"UP-GRADATION OF TIRORA- GONDIA, STATE HIGHWAY FROM EXISTING KM 163+213 (ON SH- 335, TIRORA) TO KM 191+ (MoRTH )",Ongoing Not Active,5,9.42,2.13,0.93,0.6
N24001889,LANE + PS PIMPLNER TO SATANA -[DESIGN CHAINAGE KM 21.427 TO 64.00 ] OF NH-752G] (MoRTH ),Ongoing Not Active,5,10.1,4.85,2.05,1.69
N24001890,REHABILITATION AND UPGRADATION OF PARLI TO SIRSALA SECTION OF NH- 361F (KM 136+700 TO 115+000) (LENGT (MoRTH ),Ongoing Not Active,5,11.96,8.65,1.01,1.16
N24001891,BALANCE WORK OF REHABILITATION AND UP- GRADATION TO NH-166F FROM MAHAD JUNCTION (AT KM 123/400 ON NH- (MoRTH ),Ongoing Not Active,5,2.31,20.01,1.89,1.91
N24001892,REHABILITATION AND UPGRADATION OF SHIRAPUR JUNCTION TO SHIVAJI CHOWK (DESIGN CHAINAGE KM. 130+00 TO (MoRTH ),Ongoing Not Active,5,7.44,5.17,0.83,1.0
N24001893,12/2024} 245.61 (N.A.) {245.61} 43.39 32.5 1027 SHEWALI (SAKRI) - NANDURBAR (MoRTH ),Ongoing Not Active,3,,,,
N24001894,LANE + PS ASTHAMODE - TIVATYAL [DESIGN CH. KM 24.300 - 62.00] [KM 134.98-172.95 OF NH-63] (MoRTH ),Ongoing Not Active,5,11.51,18.52,3.1,15.75
N24001895,REHABILATION AND UPGRADATION TO TWO LANES WITH PAVED SHOULDER CONFIGURATION FROM WATUR TO CHARTHANA (MoRTH ),Ongoing Not Active,5,10.7,16.67,4.71,6.62
N24001896,UPGRADATIOBN AND REHABILITATION OF SECTION OF NH 361 F FROM PARLI (00/000) TO GANGAKHED (30/400) TO (MoRTH ),Ongoing Not Active,5,6.65,19.72,0.1,1.02
N24001900,REHABILITATION AND UPGRADATION TO 2 LANE WITH PAVED SHOULDER FROM EXISTING CHAINAGE KM 49.150 TO KM (BRO ),Ongoing Not Active,5,10.66,39.95,1.6,1.18
N24001905,"CONSTRUCTION OF MAJOR BRIDGE ACROSS MANJRA RIVER NEAR YESGI VILLAGE @ KM, 166/500 ON NH 63 TQ BILOLI (MoRTH )",Ongoing Not Active,5,6.33,16.1,2.37,6.63
N24001906,UP-GRADATION TO 4 LANING OF DAULTABAD T-POINT TO MALIWADA [FROM DESIGN KM.0.000 TO KM 4.000] AND UPG (MoRTH ),Ongoing Not Active,5,0.31,4.59,1.51,1.21
N24001909,"STRENGTHING AND WIDINING OF EXISTING CARRIAGEWAY TO 10 M IN KM, 156/160 TO 229/160 (TEMBHURNI - KUSL (MoRTH )",Ongoing Not Active,5,9.99,4.07,4.12,6.65
N24001911,PANGAON TO DHARMAPURI AND PARALI TO INJEGAON 2L+PS (MoRTH ),Ongoing Not Active,5,18.27,8.63,7.84,13.98
N24001913,SPECIAL PROTECTION WORK ON REHABILITATION AND RESTORATION OF SLIDING AND SINKING ZONE FROM RANGPO TO (NHIDCL ),Ongoing Not Active,4,13.54,31.64,16.14,3.83
N24001918,9/1/2023 468.94 7 UPGRADATION OF NH 930 JHALMALA TO SHERPER FROM NH KM 30.600 TO KM 67.800 TO TWOFOUR LANE WITH PAVED (MoRTH),Ongoing Not Active,3,,,,
N24001920,UPGRADATION OF NH 130A MUNGELI TO PONDI FROM NH KM. 51.600 TO KM. 77.870 KM. 80.970 TO 96.970 TO 2 (MoRTH ),Ongoing Not Active,5,0.53,19.72,1.63,0.84
N24001924,WIDENING AND STRENGTHENING TO TWO LANE WITH PAVED SHOULDER/TWO LANE+ PAVED SHOULDER WITH SERVICE ROA (MoRTH ),Ongoing Not Active,5,14.87,21.54,0.73,0.74
N24001929,CONSTRUCTION OF 4-LANE GREEN FIELD HIGHWAY FROM KM. 35.000 TO KM. 49.155 OF NH- 731A WITH PAVED SHOUL (MoRTH ),Ongoing Not Active,5,9.64,13.49,1.22,1.11
N24001930,FORMATION OF BYPASS ROAD TO KADIRI TOWN FROM ON NH42 (MoRTH),Ongoing Not Active,2,,,,
N24001931,LANING OF BATHALAPALLI TO MUDIGUBBA SECTION (DESIGN CHAINAGE KM. 96.300 TO 129.300) INCLUDING BATH (MoRTH ),Ongoing Not Active,4,9.14,13.04,1.69,6.38
N24001932,2L+PS FROM KM. 0+000 TO KM. 32+000 (MUDIGUBBA TO PUTTAPARTHI) OF NH-342 (MoRTH ),Ongoing Not Active,5,15.54,38.53,1.34,3.17
N24001933,MULAKALACHERUVU TO MADANAPALLE SECTION OF NH42 FROM KM 202.050 TO KM 245.640 EXCLUDING RETAINED STRE (MoRTH ),Ongoing Not Active,4,17.88,14.97,1.61,1.03
N24001935,4 LANE WITH PAVED SHOULDER FROM KM 0.000 TO KM 51.119 OF TADIPATRI TO MUDDANUR OF NH67 (MoRTH ),Ongoing Not Active,5,29.68,33.87,1.54,1.11
N24001949,NH167B FROM KM 99.103 CS PURAM TO KM 143.320 MALAKONDA TO 2LPS (MoRTH ),Ongoing Not Active,4,19.11,27.01,2.51,9.29
N24001952,NH 167 B KADAPA NELLORE BORDER TO CSPURAM I.E. FROM KM 58.635 TO KM 99.409 (MoRTH ),Ongoing Not Active,5,7.41,4.98,1.31,1.11
N24001954,WIDENING TO 2LPS OF RAMPACHODAVARAM - KOYYURU SECTION OF NH516E FROM KM.43.700 TO KM 113.820 (MoRTH ),Ongoing Not Active,5,16.74,15.17,1.72,4.32
N24001966,BALANCE WORK FOR REHABILITATION AND UP- GRADATION OF SIDHI- SINGRAULI FROM KM 82.400 TO KM 187.993 SEC (MoRTH ),Ongoing Not Active,5,153.6,153.32,1.4,1.0
N24001972,WIDENING/IMPROVEMENT TO 4-LANE WITH PAVED SHOULDER FROM KM 0+800 (KANDULIJAN GAON) TO KM 27+701 (SI (NHIDCL ),Ongoing Not Active,4,16.9,21.48,0.91,0.86
N24001973,WIDENING/IMPROVEMENT TO 4- LANE WITH PAVED SHOULDER FROM KM 27+701 (SIMEN CHAPORI) TO KM 55+000 (NAG (NHIDCL ),Ongoing Not Active,4,10.67,19.7,1.1,0.91
N24001975,UP-GRADATION TO 2-LANE WITH PAVED SHOULDERS OF NGOPA - PAWLRANG SECTION OF NH 102B OF AIZAWL - IMPHA (NHIDCL ),Ongoing Not Active,5,6.4,28.2,0.72,2.39
N24001982,4L PS FROM KURNOOL (EXISTING KM. 5.400 OF NH- 40/DESIGN KM.0.000) TO MANDLEM (EXISTING KM.38.000/DESI (NHAI ),Ongoing Not Active,5,21.8,21.43,3.75,3.85
N24001987,"CONSTRUCTION OF 1 NOS ROB, 2 NOS VUPS, SERVICE ROADS, PROVISION OF LIGHTING AND CONSTRUCTION OF OTHE (NHAI )",Ongoing Not Active,5,25.07,24.14,2.27,1.44
N24001991,ACCESS ROAD/BRIDGE CONNECTIVITY FROM NH-09 AT KM.40 NEAR JAGBUDA BRIDGE (INDIA) TO BOUNDARY PILLAR (NHAI ),Ongoing Not Active,4,24.96,4.99,9.05,14.57
N24001992,BALANCE WORKS OF 4-LANNING OF RAMPUR-KATHGODAM SECTION OF NH- 87 (NEW NH NO. 09) FROM KM. 0.000 (KM 1 (NHAI ),Ongoing Not Active,5,35.63,47.72,2.36,4.43
N24001993,DEVELOPMENT OF 6 LANE ACCESS CONTROLLED GREENFIELD HIGHWAY FROM KM. 97.000 TO KM. 162.500 MARADGI S (NHAI ),Ongoing Not Active,5,24.37,32.55,0.99,1.03
N24001995,4L OF DUDHADHARI ELEVATED FLYOVER (MUZAFFARNAGAR ?HARIDWAR SECTION) FROM KM 356.450 TO KM 353.800 OF (NHAI ),Ongoing Not Active,3,,,,
N24002000,WIDENING AND STRENGTHENING OF EXISTING 2 LANE WITH PAVED SHOULDER TO 4 LANE WITH PAVED SHOULDER FRO (MoRTH ),Ongoing Not Active,5,12.06,14.04,1.94,2.96
N24002024,DABOKA BYPASS OF DABOKA - PAROKHAOWA PKG -1 (NHIDCL ),Ongoing Not Active,4,9.74,9.11,1.13,0.85
N24002026,LANE WITH PAVED SHOULDER FROM KM 27+150 (GOLAI GAON) TO KM 47+682 (LEDO) ON EXISTING DIBRUGARH TO (NHIDCL ),Ongoing Not Active,4,20.61,13.94,1.37,1.56
N24002028,"12/2028} 4,454.17 (12,274.06) {19,517.70} 14,774.02 79.8 93 LMPHAL TO JIRIBAM PKG-7 (NHIDCL)",Ongoing Not Active,4,142.2,83.6,13.44,10.78
N24002037,UPGRADATION OF EXISTING 4 LANE ISMAILABAD-AMBALA SECTION (KM. 0+000 TO KM 42+500) (PART OF AMBALA-KO (NHAI ),Ongoing Not Active,4,19.32,32.96,0.65,0.44
N24002039,CONSTRUCTION OF 6-LANE GREENFIELD AMBALA RING ROAD STARTING FROM JUNCTION WITH SHAMLI- AMBALA SECTION (NHAI ),Ongoing Not Active,4,3.49,25.28,1.23,0.94
N24002041,DEVELOPMENT OF SIX- LANE ACCESS CONTROLLED HIGHWAY FROM ADHOYA MUSALMANA (AMBALA DISTRICT) TO SADOPUR (NHAI ),Ongoing Not Active,4,27.18,53.67,1.35,0.81
N24002055,FOUR LANING OF BASUKINATH- DEOGHAR SECTION OF NH-114A FROM KM 85.081 TO KM 130.240 UNDER NHDP PHASE-I (NHAI ),Ongoing Not Active,4,22.91,2.89,0.32,0.17
N24002073,GARHMUKTESHWAR (KM. 83.200 OF NH-24) TO MEERUT (KM. 9.860 OF NH-235) INCLUDING CONNECTOR TO NH-119 (NHAI ),Ongoing Not Active,4,89.84,190.03,3.97,6.5
N24002078,REHABILITATION AND UP GRADATION FROM 4 TO 8 LANING OF CHANDIKHOLE PARADIP SECTION OF NH 53 FROM KM. (NHAI ),Ongoing Not Active,4,20.78,25.43,1.99,2.05
N24002088,CONSTRUCTION OF FOUR LANE HIGHWAY FROM GHAZIPUR BALLIA UP BIHAR STATE BORDER (GREENFIELD) SECTION OF (NHAI ),Ongoing Not Active,4,39.54,58.31,1.26,0.84
N24002092,6-LANE AMRITSAR-BATHINDA GREENFIELD SECTION OF NH- 754A FROM JUNCTION WITH MOGA JALANDHAR ROAD (NH-70 (NHAI ),Ongoing Not Active,4,19.1,61.7,1.74,0.92
N24002095,FOUR LANING OF SONAULI GORAKHPUR SECTION OF NH 29E (NEW NH 24) FROM DESIGN CH. 0.000 TO DESIGN CH. 7 (NHAI ),Ongoing Not Active,4,71.47,109.07,1.79,0.9
N24002103,COMPLETION OF BALANCE WORKS PENDING IN BIT AND PIECES (INCOMPLETE STRETCH AT 7 LOCATIONS) AND LISTED (NHAI ),Ongoing Not Active,4,3.44,8.87,1.42,2.1
N24002107,CONSTRUCTION OF NEW DOUBLE TIER 4 LANE ELEVATED CORRIDOR FROM CHENNAI PORT TO MADURAVOYAL IN CHENNAI (NHAI ),Ongoing Not Active,4,24.21,49.21,0.09,0.09
N24002108,CONSTRUCTION OF NEW DOUBLE TIER 4L ELEVATED CORRIDOR FROM CHENNAI PORT TO MADURAVOYAL IN CHENNAI DIS (NHAI ),Ongoing Not Active,4,21.72,20.44,0.09,0.09
N24002112,SIX LANING OF TUTICORIN PORT ROAD SECTION OF NH-7A (NEW NH-138) FROM KM 0.000 TO KM 6.140 [EFFECTIVE (NHAI ),Ongoing Not Active,4,4.63,40.13,1.38,2.37
N24002117,UPGRADATION OF DHORAJI JAMKANDORNA KALAVAD SECTION OF NH 927D FROM DESIGN CHAINAGE KM 00 TO KM 58.11 (MoRTH ),Ongoing Not Active,4,4.47,29.07,1.49,8.5
N24002133,IMPROVEMENT OF 2 LANE WITH PAVED SHOULDER OF STRETCH FROM BIKRAMGANJ DAWATH MELAYABAGH NAWANAGR -DUM (MoRTH ),Ongoing Not Active,4,1.72,38.01,1.59,2.25
N24002134,REHABILITATION AND UP-GRADATION FROM KM. 0.000 TO KM. 40.390 OF NH- 730S (MAHARAJGANJ ? NICHLOUL ? TH (MoRTH ),Ongoing Not Active,3,,,,
N24002139,4-LANE WITH PAVED SHOULDERS FROM KM 32/0 TO KM 79/650 (DESIGN CHAINAGE KM 32+000 TO KM 78+760) PUTTA (MoRTH ),Ongoing Not Active,3,,,,
N24002140,SOMAYAJULAPALLI ? DHONE SECTION OF NH ? 340B FROM KM.0/0 TO 56/200 [DESIGN CH. KM 0/00 TO KM 53/33] (MoRTH ),Ongoing Not Active,3,,,,
N24002141,LANE WITH PAVED SHOULDER CONFIGURATION FROM SEETHARAMAPURAM TO DUTTALURU SECTION OF NH- 167 BG FROM (MoRTH ),Ongoing Not Active,3,9.16,4.44,1.34,1.53
N24002142,2-LANE WITH PAVED SHOULDER CONFIGURATION OF LAMBASINGI TO PADERU SECTION (KM 205+000 TO KM 253+974) (MoRTH ),Ongoing Not Active,3,,,,
N24002143,BYPASS ROAD TO ADONI TOWN CONNECTING NH-167 (HAGARI - JADCHARLA ROAD) FROM KM.62/700 TO 71/400 IN KU (MoRTH ),Ongoing Not Active,3,,,,
N24002144,VODAREVU-CHILAKALURIPET SECTION (DESIGN CHAINAGE 0+00 TO 47+000) OF NH-167A (PACKAGE-I) (MoRTH ),Ongoing Not Active,3,,,,
N24002149,DAVUALAPALLY TO MALLAPALEM SECTION {DESIGN CH. KM 133+922 TO KM 154+216 (EXISTING CH. KM 133+922 TO (MoRTH ),Ongoing Not Active,3,,,,
N24002151,WIDENING TO 4L/4L+PS AND STRENGTHENING IN SELECTED STRETCHES FROM KM 0/8 TO 50/570 OF NH 532 INCLUD (MoRTH ),Ongoing Not Active,3,,,,
N24002166,FOUR LANING OF RAGHOGARH (DESIGN CH.29.300/EXISTING CH. 29.555) TO NANASA (DESIGN CH.92.971/EXISTING (NHAI ),Ongoing Not Active,2,,,,
N24002171,REHABILITATION & UP- GRADATION FOR TALERE A?? GAGANBAWDAA?? KOLHAPUR ROAD (NH-166G) STRETCHES START F (MoRTH ),Ongoing Not Active,2,,,,
N24002172,"UP-GRADATION TO 4 LANE CONFIGURATION FOR THE WORK OF PETH NAKA TO SANGLI ROAD, NH- 166H, FROM KM 0+00 (MoRTH )",Ongoing Not Active,2,,,,
N24002176,REHABILITATION/UP GRADATION OF KARANJA ? KHERDA - MURTIZAPUR SECTION TO 4LANE+PAVED SHOULDER STANDA (MoRTH ),Ongoing Not Active,2,,,,
N24002186,WIDENING TO 2 LANE WITH PAVED SHOULDERS FROM DESIGN KM 103.200 (EXISTING KM 103.200) TO DESIGN KM 11 (MoRTH ),Ongoing Not Active,2,,,,
N24002187,CONSTRUCTION OF 2 LANE WITH PAVED SHOULDER FROM KM 55.6 TO KM 90.7 (EXISTING CHAINAGES) OF NH- 766C ( (MoRTH ),Ongoing Not Active,2,,,,
N24002188,WIDENING TO 2L+PS FROM KM 71.00 TO 104.00 (EXISTING CHAINAGES) (SARJAPUR TO PATTADKALLU) ON BHANAPUR (MoRTH ),Ongoing Not Active,2,,,,
N24002189,WIDENING TO TWO LANE WITH PAVED SHOULDERS FROM KM 0.00 (DESIGN CHAINAGE 0.00) TO KM 23.338 (DESIGN C (MoRTH ),Ongoing Not Active,2,,,,
N24002190,CONSTRUCTION OF 4-LANE ACCESS CONTROLLED GREENFIELD HIGHWAY SECTION ON NH-163G (KHAMMAM- VIJAYAWADA) (NHAI ),Ongoing Not Active,2,,,,
N24002191,CONSTRUCTION OF ROB AND ITS APPROACHES IN LIEU OF LEVEL CROSSING NO 10 B T AT KM 307 050 OF NH 60 B (MoRTH ),Ongoing Not Active,2,,,,
N24002192,REHABILITATION AND UP- GRADATION TO 4L CONFIGURATION AND STRENGTHENING OF THANPURI TO PAROR SECTION F (NHAI ),Ongoing Not Active,2,,,,
N24002195,ESTIMATE FOR IMPROVEMENT TO TWO LANE WITH PAVED SHOULDER FROM RAMNAGAR TO ROSEDA FROM (KM 3.500 TO 4 (MoRTH ),Ongoing Not Active,2,,,,
N24002196,CONSTRUCTION OF BHABHUA BYPASS FROM CH. 10+800(DESIGN CH. 10+800) TO CH. 19+860 (DESIGN CH. 18+150) (MoRTH ),Ongoing Not Active,2,,,,
N24002200,BALANCE WORKS OF 4 LANE DIVIDED CARRIAGEWAY OF MISSING LINK SECTION OF NH- 39 (REWA BYPASS) FROM JUNC (NHAI ),Ongoing Not Active,2,,,,
N24002203,IMPHAL-KOHIMA ROAD PKG-4B (NHIDCL ),Ongoing Not Active,2,,,,
N24002207,MAJOR BRIDGE OVER MIDDLE STRAIT CREEK (NHIDCL ),Ongoing Not Active,2,,,,
N24002209,PACKAGE-3B (NHIDCL ),Ongoing Not Active,2,,,,
N25000003,Expenditure (Rs. crore) DEEPENING AND WIDENING OF MUMBAI HARBOUR CHANNEL AND JNPT CHANNEL (PORT TRUST),Ongoing Not Active,11,87.03,77.31,5.65,3.08
N25000004,DEEPENING OF CHANNEL AT PARADIP PORT,Ongoing Not Active,11,2.35,2.96,3.1,1.0
N25000014,ACQUISITION OF 4 NO. OF ANCHOR HANDLING CUM SUPPLY VESSELS (SHIPPING CRP. OF INDIA),Ongoing Not Active,11,15.04,11.13,2.03,3.64
N25000016,CONSTRUCTION AND DEVELOPMENT OF 2 OFFSHORE CONTAINER BERTHS AND TERMINAL (MUMBAI PORT TRUST),Ongoing Not Active,14,213.79,248.65,38.35,42.9
N25000031,Shipping & Ports ACQUISITION OF 4 NOS. OF 80655 DWT PANAMAX BULK CA(SHIPPING crp. of india),Ongoing Not Active,5,16.76,14.39,0.92,0.06
N25000033,N.A. Shipping & Ports ACQUISITION OF 6 NOS. OF 57000 DWT HANDYMAX BULK C(SHIPPING crp. of india),Ongoing Not Active,3,,,,
N25000035,"ENNORE MANALI EXPRESS WAY,F/O SPECIAL PURPOSE VEHICLE (SPV)",Ongoing Not Active,25,63.93,55.67,50.15,66.49
N25000037,"CONSTRUCTION OF BERTHING AND ALLIED FACILITIES OFF TEKRA NEAR TUNA,KANDLA PORT TRUST (PORT TRUST)",Ongoing Not Active,11,12.17,16.11,2.48,0.18
N25000038,"Shipping & Ports Construction & License out the OPERATION, MANAG. &(PORT TRUST)",Ongoing Not Active,2,,,,
N25000039,Shipping & Ports 272 CONSTRUCTION OF 13 & 14 CARGO BERTH AT KANDLA,Ongoing Not Active,11,4.54,20.2,3.65,0.83
N25000042,N.A. Shipping & Ports Acquisition of two nos. of 120 B.P BY 079& 080(SHIPPING crp. of india),Ongoing Not Active,6,19.23,16.68,0.4,0.42
N25000043,Shipping & Ports 248 Acquisition of Two nos. of 3060 DWT,Ongoing Not Active,11,7.4,4.31,2.01,2.24
N25000047,SETTING UP OF AN INTERNATIONAL CRUISE TERMINAL AT,Ongoing Not Active,3,,,,
N25000048,SETTING UP OF LNG REGASIFICATION TERMINAL AT PUTHUVYPEEN COCHIN (PORT TRUST),Ongoing Not Active,10,260.41,259.25,0.46,0.36
N25000049,MECHANIZATION OF COAL HANDLING FACILITIES TO 200000 DWT VESSELS ON DBFOT BASIS (PORT TRUST),Ongoing Not Active,11,1.09,1.97,2.29,1.04
N25000050,MODIFICATION AND STRENGTHENING OF EXISTING BERTH NO. 1 TO 6 (PORT TRUST),Ongoing Not Active,13,1.39,0.91,2.73,3.25
N25000051,ACQUISITION OF 4 NOS OF 82000 DWT KAMSAVMAX BULK CARRIERS FROM M/S JIANGSU EASTERN HEAVY INDUSTRIES (SHIPPING CRP. OF INDIA),Ongoing Not Active,11,19.79,34.51,0.39,1.01
N25000052,ACQUISTION OF THREE(3) NOS OF 6500TEU CELLULAR CONTAINER VESSELS FROM M/S STX SHIPBUILDING CO. LTD. (SHIPPING CRP. OF INDIA),Ongoing Not Active,11,35.75,40.7,2.09,2.55
N25000053,ACQUISITION OF TWO(2) NOS. OF 317000 DWT VERY LARGE CRUDE CARRIERS FROM M/S JIANGSU RONGSHENG HEAVY (SHIPPING CRP. OF INDIA),Ongoing Not Active,11,23.93,38.71,3.56,3.56
N25000054,Shipping & Ports MARINE LIQUID TERMINALS(ENNORE TANK TERMINAL PVT.LTD.),Ongoing Not Active,4,7.7,7.44,2.68,2.96
N25000055,DEVELOPMENT OF COAL TERMINAL(ENNORE PORT LTD.),Ongoing Not Active,3,,,,
N25000056,DEVELOPMENT OF IRON ORE TERMINAL(ENNORE PORT LTD.),Ongoing Not Active,4,4.48,0.57,1.52,1.15
N25000058,ACQUISITION OF TWO NOS OF 120 B.P BY 077 & 078 (AH(SHIPPING crp. of india),Ongoing Not Active,3,,,,
N25000059,RAIL CONNECTIVITY TO ICTT AT VALLARPADAM AT COCHIN PORT TRUST (RAIL VIKAS NIGAM LTD.),Ongoing Not Active,20,62.43,65.78,24.7,26.03
N25000060,SETTING UP OF SINGLE POINT MOORING (SPM) AND ALLIED FACILITIES OFF VEERA IN GULF OF KUTCH ON BOT BAS(PORT TRUST),Ongoing Not Active,10,32.4,48.77,2.36,3.15
N25000061,ACQUISITION OF ONE (1) NOS. OF 3500 TEU CELLULAR CONTAINER (SHIPPING CRP. OF INDIA),Ongoing Not Active,6,12.6,9.96,1.55,1.1
N25000062,ACQUISITION OF SIX (6) NOS. OF ANCHOR HANDLING TUG CUM SUPPLY (SHIPPING CRP. OF INDIA),Ongoing Not Active,6,1.48,5.46,0.62,1.18
N25000063,Mumbai Port Trust 1021 CONSTRUCTION OF OFFSHORE CONTAINER BERTHS AND DEVELOPMENT OF CONTAINER TERMINAL ON BOT BASIS IN MUMB,Ongoing Not Active,13,64.75,60.25,33.68,41.24
N25000068,Kamarajar Port Limited CONSTRUCTION OF RORO CUM GCB-II AT KAMARAJAR PORT LIMITED,Ongoing Not Active,7,12.52,10.03,0.88,0.66
N25000070,Kamarajar Port Limited 201 CAPITAL DREDGING PHASE-IV TO PROVIDE 18M DEEP DRAFT,Ongoing Not Active,6,39.73,46.55,2.57,1.66
N25000073,NEW LARGE DRY DOCK AT COCHIN SHIPYARD LIMITED PREMISES AT KOCHI KERALA,Ongoing Not Active,3,,,,
N25000074,Cochin Shipyard Ltd 1003 INTERNATIONAL SHIP REPAIR FACILITY PROJECT AT COCHIN PORT TRUST PREMISES,Ongoing Not Active,2,,,,
N26000011,CONVERGENT BILLING AND CRM-MTNL(DELHI) (MAHANAGAR TELEPHONE NIGAM LIMITED),Ongoing Not Active,10,13.3,21.2,17.6,41.57
N26000016,CONVERGENT BILLING AND CRM(MUMBAI) (MAHANAGAR TELEPHONE NIGAM LIMITED),Ongoing Not Active,10,12.78,13.77,17.46,31.89
N26000029,EXPANSION OF EXISTING 750K GSM NETWORK PE NO. 9920/05-06 (MAHANAGAR TELEPHONE NIGAM LIMITED),Ongoing Not Active,8,24.11,20.57,30.46,29.75
N26000039,GSM EQUIPMENT OF 900K LINES(2G) AND 300K LINES(3G)(BHARAT SANCHAR NIGAM LIMITED),Ongoing Not Active,2,,,,
N26000040,GSM EQUIPMENT OF 216650 LINES(2G) PH-5.1(BHARAT SANCHAR NIGAM LIMITED),Ongoing Not Active,2,,,,
N26000041,GSM EQUIPMENT OF 390K LINES(2G) AND 130K LINES(3G) PH-5.1 PUNJAB (BHARAT SANCHAR NIGAM LIMITED),Ongoing Not Active,10,3.73,4.48,2.45,2.87
N26000043,GSM EQUIPMENT OF 3125K LINES(2G) AND 625K LINES(3(BHARAT SANCHAR NIGAM LIMITED),Ongoing Not Active,3,,,,
N26000046,GSM EQUIPMENT OF 700K LINES(2G) AND 150K LINES(3G)(BHARAT SANCHAR NIGAM LIMITED),Ongoing Not Active,3,,,,
N26000050,GSM EQUIPMENT-480K LINES(2G) & 220K LINES(3G) IN(BHARAT SANCHAR NIGAM LIMITED),Ongoing Not Active,3,,,,
N26000058,GSM EQUIPMENT OF 283000 LINES (2G) AND 75000 LINES (3G) IN UTTRANCHAL (BHARAT SANCHAR NIGAM LIMITED),Ongoing Not Active,11,27.52,33.82,6.28,5.24
N26000062,"ASSAM TELECOM CIRCLE, PHASE-V.I, 2G & 3G (BHARAT SANCHAR NIGAM LIMITED)",Ongoing Not Active,13,0.24,1.76,7.41,6.44
N26000063,MANAGED LEASED LINE NETWORK PH-VI,Ongoing Not Active,2,,,,
N26000065,EXECUTION OF TELECOM NETWORK REQUIREMENT OF DEFENCE FORCES (DEPARTMENT OF TELECOMMUNICATION),Ongoing Not Active,9,0.09,13.71,10.96,1.42
N26000066,Procurement of 2.5G DWDM equipment(BHARAT SANCHAR NIGAM LIMITED),Ongoing Not Active,2,,,,
N26000067,Procurement of 10G (40 chl) DWDM equipment(BHARAT SANCHAR NIGAM LIMITED),Ongoing Not Active,2,,,,
N26000068,Procurement of 10G 40 CHL (12 chi equipped) DWDM(BHARAT SANCHAR NIGAM LIMITED),Ongoing Not Active,2,,,,
N26000069,Procurement of STM-1 SDH equipment(BHARAT SANCHAR NIGAM LIMITED),Ongoing Not Active,2,,,,
N26000070,Procurement of STM-16 MADM equipment(BHARAT SANCHAR NIGAM LIMITED),Ongoing Not Active,2,,,,
N26000071,Procurement of STM-16 ADM equipment(BHARAT SANCHAR NIGAM LIMITED),Ongoing Not Active,2,,,,
N26000072,"IMPLEMENTATION OF FTTH, THE STATE OF THE ART ACCESS NETWORK.PROCUREMENT OF GPON EQUIPMANT (BHARAT SANCHAR NIGAM LIMITED)",Ongoing Not Active,10,0.1,6.78,4.89,3.47
N26000073,"IMPLEMENTATION OF FTTH, THE STATE OF THE ART ACCESS NETWORK,PROCUREMENT OF GEPON EQUIPMENT (BHARAT SANCHAR NIGAM LIMITED)",Ongoing Not Active,10,33.59,32.84,4.89,3.47
N26000074,Procurement of DXC equipment(BHARAT SANCHAR NIGAM LIMITED),Ongoing Not Active,2,,,,
N26000078,FTTH BO-3474 /08-09 in Mumbai,Ongoing Not Active,3,,,,
N26000081,GSM equipment of 900000Lines (2G) PunjabPhase V.2(BHARAT SANCHAR NIGAM LIMITED),Ongoing Not Active,2,,,,
N26000082,77 GSM equipment of 200000Lines (2G) UP(West)Phase V,Ongoing Not Active,8,0.21,9.33,4.13,4.83
N26000083,GSM equipment of 975000Lines (2G) 325000 lines 3(G(BHARAT SANCHAR NIGAM LIMITED),Ongoing Not Active,2,,,,
N26000084,GSM equipment of 1100000Lines (2G) UP East Phase(BHARAT SANCHAR NIGAM LIMITED),Ongoing Not Active,2,,,,
N26000085,GSM equipment of 375000Lines (2G) 75000lines 3(G)(BHARAT SANCHAR NIGAM LIMITED),Ongoing Not Active,2,,,,
N26000086,GSM equipment of 945000Lines (2G) 225000lines 3(G)(BHARAT SANCHAR NIGAM LIMITED),Ongoing Not Active,3,,,,
N26000087,GSM equipment of 849862Lines (2G) 150138 lines 3(G(BHARAT SANCHAR NIGAM LIMITED),Ongoing Not Active,2,,,,
N26000088,GSM EQUIPMENT OF 799000LINES (2G) 101000 LINES 3(G) JHARKHANDPHASE V.1 TELECOM CIRCLE (BHARAT SANCHAR NIGAM LIMITED),Ongoing Not Active,10,5.35,4.07,0.56,1.11
N26000089,GSM equipment of 1867000Lines (2G) 383000 lines 3((BHARAT SANCHAR NIGAM LIMITED),Ongoing Not Active,3,,,,
N26000090,GSM EQUIPMENT OF 1625000LINES (2G) 325000 LINES 3(G) MP PHASE V.1 TELECOM CIRCLE (BHARAT SANCHAR NIGAM LIMITED),Ongoing Not Active,10,3.8,1.55,1.35,0.46
N26000091,GSM equipment of 1900000Lines (2G) 401700 lines 3((BHARAT SANCHAR NIGAM LIMITED),Ongoing Not Active,2,,,,
N26000092,GSM equipment of 1700000Lines (2G) 234100 lines 3((BHARAT SANCHAR NIGAM LIMITED),Ongoing Not Active,2,,,,
N26000093,GSM equipment of 1500000Lines (2G) 264700lines 3(G,Ongoing Not Active,3,,,,
N26000094,GSM equipment of 1900000Lines (2G) 335500lines 3(G(BHARAT SANCHAR NIGAM LIMITED),Ongoing Not Active,3,,,,
N26000095,GSM equipment of 614000Lines (2G) 150000lines 3(G),Ongoing Not Active,2,,,,
N26000096,ERP IMPLEMENTATION IN BSNL ON TURNKEY BASIS (BHARAT SANCHAR NIGAM LIMITED),Ongoing Not Active,14,3.21,2.69,3.55,2.54
N26000099,DELHI CONVERGENT BILLING AND CRM PE-5834 (MAHANAGAR TELEPHONE NIGAM LIMITED),Ongoing Not Active,5,17.95,24.2,12.4,15.14
N26000100,SUPPLY INSTALLATION TESTING AND COMMISSIONING OF RURAL WIMAX NETWORK PHASE-II (BHARAT SANCHAR NIGAM LIMITED),Ongoing Not Active,6,12.67,12.61,2.56,1.28
N26000101,12/2025} 5369.18 (4633.81) {5061.15} 3026.67 59.39 1169 NETWORK FOR SPECTRUM (DOT ),Ongoing Not Active,29,7595.64,9023.2,26.16,17.34
N26000102,"NETWORK FOR SPECTRUM (NFS) OFC LAYING PROJECT, PACKAGE F AND G, A PART OF INTELLIGENT FIBER OPTIC C(INDIAN TELEPHONE INDUSTRY)",Ongoing Not Active,16,26.65,44.75,7.08,12.34
N26000105,"GSM-RF EXPANSION PROJECT, MTNL DELHI (3G) (MAHANAGAR TELEPHONE NIGAM LIMITED)",Ongoing Not Active,11,0.51,4.88,3.32,3.66
N26000107,Bharat Sanchar Nigam Limited MAHARASHTRA NODAL (LOT 1),Ongoing Not Active,4,26.94,26.19,1.41,3.31
N26000108,Bharat Sanchar Nigam Limited 1003 MAHARASHTRA CORE (LOT1),Ongoing Not Active,4,21.75,18.38,3.02,3.05
N26000109,MAHARASHTRA ACESS (LOT 1),Ongoing Not Active,4,11.42,11.13,3.82,3.45
N26000110,Bharat Sanchar Nigam Limited 1003 MADHYA PRADESH ACCESS (LOT1),Ongoing Not Active,6,6.73,5.72,3.19,1.95
N26000111,Bharat Sanchar Nigam Limited 1024 GUJARAT ACCESS (LOT 1),Ongoing Not Active,4,18.52,15.15,2.82,0.64
N26000112,UP (EAST) ACCESS LOT1 (BHARAT SANCHAR NIGAM LIMITED),Ongoing Not Active,3,,,,
N26000113,Bharat Sanchar Nigam Limited 1005 MAHARASTRA ACCESS LOT 2 GSM PHASE VIII.4 PROJECT,Ongoing Not Active,7,4.87,3.9,3.75,3.72
N28000048,C/o office building for IDBI at bandra Kurla Compl,Ongoing Not Active,12,24.56,25.5,5.82,3.77
N28000057,FARIDABAD EXTENSION (DELHI METRO RAIL CORPORATION LTD),Ongoing Not Active,13,40.67,41.8,1.22,1.63
N28000059,CONSTRUCTION OF CENTRAL ACADEMY FOR POLICE TRAINING (CAPT) BHOPAL (CENTRAL PUBLIC WORKS DEPARTMENT),Ongoing Not Active,11,18.58,12.57,2.64,2.01
N28000060,STAGE I OF PHASE C/O PERMANENT CAMPUS FOR IIM (CENTRAL PUBLIC WORKS DEPARTMENT),Ongoing Not Active,14,7.03,8.54,8.73,9.16
N28000061,ACADEMIC CUM RESIDENTIAL CAMPUS AT HARINGHANTA KALYANI WB FOR IISER KOLKATA (CENTRAL PUBLIC WORKS DEPARTMENT),Ongoing Not Active,5,5.54,6.92,0.69,0.64
N28000063,RESIDENTIAL AND OTHER COMPLEXES FOR THE CAMPUS OF IIT PATNA AT BIHTA (CENTRAL PUBLIC WORKS DEPARTMENT),Ongoing Not Active,5,6.77,14.94,7.69,9.23
N28000064,LECTURE THEATER AND LAB COMPLEX AT IIT HAUZKHAS NEW DELHI,Ongoing Not Active,5,31.33,25.24,26.44,23.77
N28000066,CONSTRUCTION OF MAIN BUILDING SCHOOL OF INFRASTRUCTURE INCLUDING TWI NOS LAB (CENTRAL PUBLIC WORKS DEPARTMENT),Ongoing Not Active,5,9.66,5.57,1.49,4.21
N28000068,OFFICE BUILDING FOR INCOME TAX DEPARTMENT ON PLOT NO C- 41-43 G BLOCK BANDRA (CENTRAL PUBLIC WORKS DEPARTMENT),Ongoing Not Active,13,4.59,10.69,4.12,3.08
N28000069,CONSTRUCTION OF EXTENSION BUILDING TO PARLIAMENT HOUSE ANNEXE PARLIAMENT HOUSE COMPLEX NEW DELHI (CENTRAL PUBLIC WORKS DEPARTMENT),Ongoing Not Active,7,10.7,4.87,2.34,1.9
N28000070,CONSTRUCTION OF MARRIED ACCOMODATION AT MILITARY MOD STATION MAMUN PUNJAB,Ongoing Not Active,5,24.24,15.16,50.95,59.33
N28000076,CONSTRUCTION OF SOUTHERN REGIONAL CENTER FOR NSG AT IBRAHIMPATNAM HYDERABAD (CENTRAL PUBLIC WORKS DEPARTMENT),Ongoing Not Active,16,23.75,17.08,3.69,3.36
N28000077,CONSTRUCTION OF HEAD OFFICE BUILDING OF PNB ON PLAT NO-4 SECTOR 10 DWARKA NEW DELHI (CENTRAL PUBLIC WORKS DEPARTMENT),Ongoing Not Active,10,4.04,1.76,1.9,1.81
N28000078,DEVELOPMENT OF STATE HIGHWAYS IN THE STATE OF BIHAR UNDER RSVY PATNA (CENTRAL PUBLIC WORKS DEPARTMENT),Ongoing Not Active,4,64.17,125.85,54.6,53.32
N28000079,CONSTRUCTION OF ADDITIONAL COMPLEX FOR THE SUPREME COURT OF INDIA AT LAND ADJOINING PRAGATI MAIDAN (CENTRAL PUBLIC WORKS DEPARTMENT),Ongoing Not Active,21,5.41,6.62,22.09,25.78
N28000080,REDEVELOPMENT OF EAST KIDWAI NAGAR (NATIONAL BUILDING CONSTRUCION CORPORATION LTD),Ongoing Not Active,19,197.51,132.47,7.2,7.04
N28000081,6/2025} 1231.74 (N.A.) {1231.74} 71.34 16.2 772 KOCHI METRO RAIL PROJECT (KMRCL ),Ongoing Not Active,30,1343.93,1367.31,9.65,6.6
N28000082,Jawahar Lal Nehru National Urban Renewal Mission 1050 REHABILITATION AND STRENGTHENING OF SEWERAGE SYSTEM IN OLD CITY AREA ON SOUTH OF MUSI IN ZONE 2,Ongoing Not Active,19,20.26,24.5,13.65,1.72
N28000085,NAGPUR METRO RAIL (NAGPUR METRO RAIL CORPORATION LTD),Ongoing Not Active,25,424.96,706.8,14.11,17.6
N28000091,DEVELOPMENT OF PERMANENT CAMPUS FOR IIT JODHPUR (PHASE- Projects(CENTRAL PUBLIC WORKS DEPARTMENT),Ongoing Not Active,7,11.49,15.6,3.15,2.43
N28000092,HUMAN RESOURCE DEVELOPMENT NIT ACADEMIC BUILDING AT IMPHAL MANIPUR (CENTRAL PUBLIC WORKS DEPARTMENT),Ongoing Not Active,14,15.5,11.43,5.8,5.43
N28000093,CONSTRUCTION OF CIVIL STRUCTURES AND OTHER INFRASTURCTURE FACILITIES FOR ACADEMIC AREA AI IISER (CENTRAL PUBLIC WORKS DEPARTMENT),Ongoing Not Active,6,35.35,31.49,5.78,5.67
N28000098,ESTABLISHMENT OF NATIONAL ANIMAL RESOURCE FACILITY FOR BIOMEDICAL RESEARCH AT HYDERABAD (CPWD FOR HEALTH ),Ongoing Not Active,25,15.08,19.33,7.29,9.94
N28000101,CONSTRUCTION OF ITBP ROAD TO INDO-CHINA BORDER FROM NYU SOBLA SELA TO TEDANG IN THE STATE OF UTTARA,Ongoing Not Active,13,14.09,21.88,9.31,2.03
N28000102,"HUMAN RESOURCE DEVELOPMENT Central Public Works Department 384 CONSTRUCTION OF VARIOUS BUILDINGS UNDER PHASE-1B FOR IIT ROPAR, PUNJAB",Ongoing Not Active,13,97.97,104.83,5.94,11.23
N28000104,HOME AFFAIRS 1749 NSG AT KOLKATA (CPWD FOR MHA ),Ongoing Not Active,23,6.55,14.13,7.52,5.72
N28000105,REDEVELOPMENT OF GPRA COLONY AT NAUROJI NAGAR (NBCC ),Ongoing Not Active,22,225.71,207.04,5.87,3.9
N28000107,CONSTRUCTION OF FLYOVER-UNDERPASS BETWEEN NORTHERN MAHIPALPUR BYPASS ROAD AND AIRPORT ROAD NEAR HANU,Ongoing Not Active,6,17.68,13.19,2.12,1.18
N28000110,REDEVELOPMENT OF GPRA AT MOHAMMADPUR (CENTRAL PUBLIC WORKS DEPARTMENT),Ongoing Not Active,14,5.87,4.86,8.66,10.01
N28000111,HUMAN RESOURCE DEVELOPMENT Central Public Works Department 1080 CONSTRUCTION OF ENGINEERING CORE LAB FOR IIT KANPUR,Ongoing Not Active,11,21.56,15.0,7.99,7.32
N28000114,"REDEVELOPMENT OF GENERAL POOL RESIDENTIAL COLONY AT THYAGRAJ NAGAR, NEW DELHI- CONSTRUCTION OF 380 N (CENTRAL PUBLIC WORKS DEPARTMENT)",Ongoing Not Active,14,2.16,6.7,6.71,6.93
N28000118,RENEWABLE ENERGY Cpwd For Renewable Energy 1139 CONSTRUCTION OF ATAL AKSHAY URJA BHAWAN CGO COMPLEX LODHI ROAD NEW DELHI,Ongoing Not Active,18,19.92,28.73,5.29,6.27
N28000123,CONSTRUCTION OF 76 NOS MS FLATS FOR HONORABLE MPS OF LOK SABHA AT DR BD MARG NEW DELHI (CENTRAL PUBLIC WORKS DEPARTMENT),Ongoing Not Active,7,17.74,12.01,1.57,1.12
N28000126,DEPARTMENT OF HIGHER EDUCATION 1222 INDIAN INSTITUTE OF SCIENCE EDUCATION AND RESEARCH BERHAMPUR (CPWD EDUCATION ),Ongoing Not Active,18,50.87,44.75,9.59,9.07
N28000127,FAMILY WELFARE 516 CONSTRUCTION OF 300 BEDDED HOSPITAL AND TEACHING BLOCK IN DR YS PARMAR GMC AT NAHAN HIMACHAL PRADESH (CPWD FOR HEALTH ),Ongoing Not Active,16,52.45,63.92,41.83,53.21
N28000128,REDEVELOPMENT OF GENERAL POOL RESIDENTIAL COLONY AT SRINIWASPURI NEW DELHI PHASE- I (CPWD ),Ongoing Not Active,17,301.46,288.22,9.03,8.4
N28000129,REDEVELOPMENT OF GPRA AT KASTURBA NAGAR PHASE I (CPWD ),Ongoing Not Active,17,209.32,197.93,9.96,7.01
N28000132,RURAL DEVELOPMENT CONSTRUCTION OF GRAMEEN VIKAS BHAWAN (2BASEMENTS+ GROUND+9 FLOORS) FOR MINISTRY OF RURAL DEVELOPMENT(CPWD FOR RURAL),Ongoing Not Active,7,13.41,7.86,1.57,2.55
N28000138,12/2024} 5384.17 (N.A.) {5384.17} 3247.55 69.86 480 SURAT METRO RAIL PROJECT (MEGA ),Ongoing Not Active,17,2272.04,2177.34,5.86,5.16
N28000139,For Health 143 CONST OF 152 QTRS 240 BOYS 240 GIRLS 150 NURSES HOSTEL AND OTHER BUILDINGS INCLUDING DEVELOPMENT,Ongoing Not Active,13,27.37,23.08,18.05,15.76
N28000140,"HIGHER EDUCATION 742 C/O PERMANENT CAMPUS OF IIT PALAKKAD PHASE IA AT PUDESSERY VILLAGE,KANJIKODE WEST, DISTRICT PALAKKA (CPWD EDUCATION )",Ongoing Not Active,16,118.17,136.83,15.44,13.87
N28000145,"6/2026} 11,076.48 (N.A.) {11,076.48} 7,639.03 66.4 1688 AGRA METRO RAIL PROJECT (LMRCL )",Ongoing Not Active,15,961.76,1007.66,5.03,5.37
N28000147,"HOME AFFAIRS 482 C/o separate family accommodation (Phase-I) on EPC basis for SSB at Faridabad (Haryana)"" (CPWD FOR MHA )",Ongoing Not Active,15,8.32,14.41,1.0,3.45
N28000149,CONSTRUCTION729 QUARTERS (TYPE II-180 TYPE III-364 TYPE IV-112 TYPE V- 68 TYPE-VI-5 SHOPS COMMUNI (CPWD ),Ongoing Not Active,14,6.4,6.33,1.93,2.57
N28000154,CONSTRUCTION OF PERMANENT CAMPUS OF CENTRAL UNIVERSITY OF HIMACHAL PRADESH AT DEHRA AND JADRANGAL (D (CPWD ),Ongoing Not Active,7,2.85,5.93,1.33,0.66
N30000001,Brahmaputra Board 1119 PROTECTION OF MAJULI ISLAND FROM FLOOD AND EROSION OF RIVER BRAHMAPUTRA,Ongoing Not Active,17,29.11,49.25,17.77,12.87
N30000003,SEWAGE TREATMENT PLANT AT JAGJEETPUR AND SARAI (Uttarakhand Pey Jal Nigam),Ongoing Not Active,5,9.82,12.39,2.82,1.55
N30000007,INTEGRATED PROJECT FOR DEVELOPMENT OF STPS IN ALLAHABAD ALONG WITH EXISTING ASSETS (Uttar Pradesh Jal Nigam),Ongoing Not Active,6,26.47,22.56,1.27,0.69
N30000009,Uttar Pradesh Jal Nigam 1045 SEWERAGE WORKS IN SEWERAGE DISTRICT I OF KANPUR,Ongoing Not Active,6,20.27,19.2,1.03,0.71
N30000011,Uttar Pradesh Jal Nigam 1052 SEWAGE TREATMENT PLANT FOR ASSI-BHU SEWERAGE DISTRICT AT RAMANA,Ongoing Not Active,6,29.72,33.86,0.17,0.33
N30000012,REHABILITATION RENOVATION OF AGRA SEWERAGE SCHEME INTERCEPTION AND DIVERSION WORKS IN AGRA UTTAR PR(Uttar Pradesh Jal Nigam),Ongoing Not Active,4,23.43,16.14,0.26,0.19
N30000018,Delhi Jal Board 1132 7 NOS PRIORITIZED STPS 1 NO. SPS AND PERIPHERAL SEWERS IN COMMAND AREA OF NAJAFHARH DRAIN DHANSA TO,Ongoing Not Active,15,27.5,21.76,3.85,2.2
N30000019,Uttar Pradesh Jal Nigam 1149 MATHURA SEWERAGE SCHEME,Ongoing Not Active,16,44.71,52.62,5.6,5.84
N30000020,SEWERAGE SYSTEM AND STP WORKS PHASE I AT MORADABAD RAMGANGA (Uttar Pradesh Jal Nigam),Ongoing Not Active,7,8.34,32.75,5.0,4.79
N30000023,SEWERAGE SCHEME INTERCEPTION AND DIVERSION WORKS AT AGRA (Uttar Pradesh Jal Nigam),Ongoing Not Active,4,3.78,6.97,1.32,0.91
N30000030,INTERCEPTION AND DIVERSION WORKS WITH STP FOR DRAINS FALLING IN RIVER DAMODAR AT DURGAPURL (KMDA ),Ongoing Not Active,15,37.49,44.57,15.51,12.82
N30000031,I AND D AND STP WORKS AT BURDWAN WEST BENGAL (KMDA ),Ongoing Not Active,15,13.8,16.36,11.97,9.1
N30000032,INTERCEPTION AND DIVERSION WITH STP AT MAHESHTALA (KMDA ),Ongoing Not Active,17,21.27,32.33,4.72,5.26
N30000033,INTEGRATION OF STPS WITH REHABILITATION AND O AND M OF EXISTING ASSETS (KMDA ),Ongoing Not Active,15,69.23,73.05,8.01,5.8
N30000038,Bihar Urban Infrastructure Development Corporation Ltd 1014 SAIDPUR STP AND ADJOINING NETWORK FOR PATNA BIHAR,Ongoing Not Active,5,23.66,31.77,1.96,0.36
N30000041,SEWERAGE SCHEME AT PAHARI ZONE IVA S PATNA (Bihar Urban Infrastructure Development Corporation Ltd),Ongoing Not Active,6,23.73,25.1,1.8,1.02
N30000043,SEWERAGE TREATMENT PLANT AT PAHARI PATNA (BUIDCO ),Ongoing Not Active,16,77.83,82.58,6.65,6.54
N30000049,INTERCEPTION AND DIVERSION WITH STP AT BALLY (KMDA ),Ongoing Not Active,16,138.94,141.95,8.93,6.93
N38000001,"Total 20,898.84 - SOCIAL JUSTICE Central Public Works Department 341 CENTRE FOR DISABILITY SPORTS",Ongoing Not Active,10,7.4,9.77,4.49,3.17
N40000001,DPIIT 1120 NATIONAL INDUSTRIAL CORRIDOR PROJECT (DMIC FOR DPIIT ),Ongoing Not Active,16,1889.66,2345.28,15.23,12.34
N40000003,"COMMERCE AND INDUSTRY National Building Construcion Corporation Ltd CONSTRUCTION OF A NEW STATE OF ART EDUCATIONAL CAMPUS FOR IIFT AT MAIDAN GARHI, NEW DELHI",Ongoing Not Active,10,6.91,0.18,4.61,3.38
N42000003,"October,2021 DEPARTMENT OF HIGHER EDUCATION STUDY IN INDIA (EDCIL(India) Limited)",Ongoing Not Active,6,36.24,35.49,3.38,1.27
N42000004,"Indian Institute Of Technology, Kharagpur 1072 SCHEME FOR PROMOTION OF ACADEMIC AND RESEARCH COLLABORATION",Ongoing Not Active,6,0.25,4.62,3.04,1.23
N42000005,CONSTRUCTION OF PERMANENT CAMPUS FOR INDIAN INSTITUTE OF TECHNOLOGY TIRUPATI AT MERLAPAKA VILLAGE YE (CPWD EDUCATION ),Ongoing Not Active,15,68.48,57.15,7.18,7.57
N42000010,DEPARTMENT OF HIGHER EDUCATION Central Public Works Department 542 ADDITIONAL INFRASTRUCTURE AT IISC BANGALORE SH RCC MONOLITHIC FOR MEN WOMEN HOSTEL,Ongoing Not Active,10,13.54,7.66,0.62,2.14
N45000001,"HOME AFFAIRS Central Public Works Department 1093 CONSTRUCTION OF SEPARATE FAMILY ACCOMMODATION (440 NOS.) (PHASE- C/O 336 NOS. TYPE- II QTRS , 96",Ongoing Not Active,3,,,,
N45000002,CONSTRUCTION OF HEADQUARTER BUILDING OF CRPF AT LODHI ROAD NEW DELHI (CPWD FOR MHA ),Ongoing Not Active,13,8.92,14.8,3.92,4.08
N45000003,HOME AFFAIRS 1573 CONSTRUCTION OF 683 VARIOUS TYPE FAMILY QUARTERS AT GROUP CENTRE CRPF CHANDAULI (CPWD FOR MHA ),Ongoing Not Active,11,73.63,87.97,11.39,9.56
