project_id,project_name,status,ministry_department,state,Date of approval,Original cost (₹ Cr),revised cost (₹ Cr),Anticipated cost (₹ Cr),cumulative expenditure (₹ Cr),original DOC,latest commissioning date,latest milestone,max physical progress,first reported month,latest reported month,months monitored
,DIPKA OC EXP.(SECL),Completed,COAL,,,533.96,,,424.04,03/2001,03/2001,,100.00%,April 2001,April 2001,1
,MEDAPALI (SCCL),Completed,COAL,,,219.82,,,39.77,03/2001,03/2001,,100.00%,May 2001,May 2001,1
,NANGAL UREA EXPANSION (NFL),Completed,FERTILISERS,,,135.13,,,128.24,05/2001,05/2001,,100.00%,September 2001,September 2001,1
,"MORD. OF MINTS AT HYDERABAD, MUMBAI CALCUTTA",Completed,FINANCE,,,118.28,,,268.19,03/1992,03/1992,,100.00%,June 2001,June 2001,1
,LPG PIPELINE FROM JAMNAGAR TO LONI(GAIL),Completed,PETROLEUM,,,1229.45,,,1075.59,04/2001,04/2001,,100.00%,June 2001,June 2001,1
,KOEL KARO HYDRO ELECTRIC PROJECT(NHPC),Completed,POWER,,,444.67,,,44.60,11/1999,11/1999,,100.00%,September 2001,September 2001,1
,NATHPA JHAKRI TRANSMISSION SYSTEM (P.GRID),Completed,POWER,,,889.95,,,1343.73,04/1996,04/1996,,100.00%,June 2001,June 2001,1
,4-LANING OF MATHURA-AGRA SECT-ION OF NH-2 KM 148.33 TO 199,Completed,ROAD TRANSPORT & HIGHWAYS,,,103.21,,,134.57,04/1999,04/1999,,100.00%,May 2001,May 2001,1
,4-LANNING OF BHUBANESHWAR CUTTACK- JAGTAPUR SECTION(NH-5),Completed,ROAD TRANSPORT & HIGHWAYS,,,133.98,,,256.33,04/1996,04/1996,,100.00%,August 2001,August 2001,1
,IMP. OF NH-8 IN HARYANA,Completed,ROAD TRANSPORT & HIGHWAYS,,,298.50,,,374.00,06/1999,06/1999,,100.00%,August 2001,August 2001,1
,GOUTHAMKHANI OC (SCCL),Completed,COAL,,06/1995,415.93,159.74,159.74,120.07,03/2002,03/2002,2/2,100.00%,April 2001,March 2002,12
,JHANJRA U.G. (ECL),Completed,COAL,,12/1982,184.55,403.96,403.96,369.98,03/1994,03/2002,1/1,100.00%,April 2001,March 2002,12
,PAREJ OC(CCL),Completed,COAL,,,116.19,,,126.57,03/1998,03/1998,,100.00%,April 2002,April 2002,1
,SATGRAM UG(ECL),Completed,COAL,,05/1979,26.37,118.87,118.87,110.98,03/1989,03/2003,1/1,100.00%,April 2001,March 2002,12
,ADDNL COMPRESSOR(ONGCL),Completed,PETROLEUM,,12/1999,177.64,,177.64,96.63,04/2002,04/2002,6/6,100.00%,April 2002,September 2002,6
,AUGMENTATION OF HBCPL (IOC),Completed,PETROLEUM,,05/1998,472.00,,288.00,282.05,02/2002,08/2002,8/8,100.00%,April 2002,September 2002,6
,AUGMNTN SALAYA-MATHURA CRUDE OIL PIPELINE(IOCL),Completed,PETROLEUM,,,1734.00,,,5.61,09/2002,09/2002,,100.00%,May 2002,May 2002,1
,FCCU AT HALDIA(IOC),Completed,PETROLEUM,,02/1999,507.00,,480.00,373.07,02/2002,09/2001,11/11,100.00%,April 2001,January 2002,10
,POL JETTY AT JAWHARLAL NEHRU PORT(BPCL),Completed,PETROLEUM,,,198.02,,,141.00,12/2001,12/2001,,100.00%,April 2002,April 2002,1
,RESIDUE UP GRADATION AT GUJARAT REFINERY(IOC),Completed,PETROLEUM,,,4392.00,,,,107.45,107.45,,100.00%,May 2002,May 2002,1
,NATHPA JHAKRI H.E.P. (NJPC),Completed,POWER,,04/1989,"1,678.02","7,666.31","9,083.30","6,311.55",04/1996,12/2003,11/11,100.00%,April 2001,March 2002,12
,NORTH-EAST HVDC LINK(P.GRID),Completed,POWER,,09/1998,671.56,,671.56,501.19,12/2001,12/2002,25/25,100.00%,April 2002,October 2002,7
,"RANGANADI HYDRO ELECTRIC PROJECT, STAGE I(NEEPCO)",Completed,POWER,,04/1987,312.78,774.12,"1,455.45","1,398.45",08/1994,03/2002,7/7,100.00%,April 2001,March 2002,12
,BHUBANESWAR-KOTTAVALASA(RE),Completed,RAILWAYS,,,292.22,,,188.27,03/2002,03/2002,,100.00%,April 2002,April 2002,1
,BOKARO-KIRIBURU RE,Completed,RAILWAYS,,,113.62,,,225.48,03/1997,03/1997,,100.00%,April 2002,April 2002,1
,DELHI-AMBALA-LUDHIANA-KALKA RE (INCL.SIRHIND-UNA),Completed,RAILWAYS,,,136.32,,,284.50,12/1996,12/1996,,100.00%,April 2002,April 2002,1
,ERODE-ERNAKULAM(RE),Completed,RAILWAYS,,,150.97,,,187.89,03/1998,03/1998,,100.00%,April 2002,April 2002,1
,GONDIA-CHANDAFORT GC(SCR),Completed,RAILWAYS,,,158.83,,,236.27,12/1996,12/1996,,100.00%,June 2002,June 2002,1
,"LUMDING-DIBRUGARH PROJECT INC-LUDING LINK BRANCH LINES,NEFR",Completed,RAILWAYS,,,554.58,,,,664.46,664.46,,100.00%,April 2002,April 2002,1
,SITARAMPUR-MUGHALSARAI RE,Completed,RAILWAYS,,,240.40,,,354.38,03/1998,03/1998,,100.00%,April 2002,April 2002,1
,MINE-1A(NLC),Completed,COAL,,02/1998,"1,032.81",,"1,015.74",774.97,03/2003,03/2003,22/22,100.00%,April 2002,February 2003,11
,POOTKI BALIHARI UG,Completed,COAL,,12/1983,199.87,199.87,182.60,170.13,03/1994,09/2003,2/2,100.00%,April 2002,March 2003,12
,TPS-I EXP.(NLC),Completed,COAL,,,1590.58,,,1185.98,03/2001,03/2001,,100.00%,October 2003,October 2003,1
,ADDNL DEV I HEERA & SOUTH HEERA(ONGCL),Completed,PETROLEUM,,01/2001,309.08,,309.08,123.27,01/2004,01/2004,4/4,100.00%,April 2002,January 2003,10
,AUG. OF VIRANGAM KOYALI OF SM PIPELINE (IOC),Completed,PETROLEUM,,05/2001,329.05,,134.00,123.24,03/2003,07/2003,4/4,100.00%,April 2003,July 2003,4
,"CATALYTIC DEWAXING UNIT,HALDIA(IOC)",Completed,PETROLEUM,,07/1999,422.00,,409.00,337.19,05/2003,03/2003,20/20,100.00%,April 2002,February 2003,11
,"CONSTRUCTION OF POL TERMINMAL FOR ERIP,PARADIP(IOC)",Completed,PETROLEUM,,,569.00,,,14.71,05/2003,05/2003,,100.00%,June 2003,June 2003,1
,LPG TERMINAL FOREIRP(IOCL),Completed,PETROLEUM,,,220.81,,,38.73,06/2003,06/2003,,100.00%,June 2003,June 2003,1
,"NEW SOLVENT DEWAXING UNIT (IOC),DIGBOI",Completed,PETROLEUM,,02/1999,419.00,,432.00,390.39,11/2002,04/2003,15/15,100.00%,April 2002,March 2003,12
,CHAMERA H.E. PROJECT ST-II (NHPC),Completed,POWER,,05/1999,"1,684.02",,"1,684.02","1,589.32",05/2004,05/2004,4/4,100.00%,April 2002,March 2003,12
,KOLHAPUR-MAPUSA 400 KV LINE (P.GRID),Completed,POWER,,07/2000,181.94,,150.27,105.14,07/2003,01/2003,15/15,100.00%,April 2002,January 2003,10
,RAIPUR-RURKELA 400KV D/C LINE (P.GRID),Completed,POWER,,01/2001,237.38,,210.10,192.93,01/2004,01/2003,16/16,100.00%,April 2002,January 2003,10
,TALCHER-II TRANSMISSION SYSTEM(P.GRID),Completed,POWER,,,3086.73,,,2642.81,01/2003,01/2003,,100.00%,April 2003,April 2003,1
,"HARMUTI-ITANAGAR(NL),NEFR",Completed,RAILWAYS,,,156.00,,,,0.04,0.04,,100.00%,May 2003,May 2003,1
,WESTERLY DIVERSION (GQ) KM.0-KM.34.25 (NH-4),Completed,ROAD TRANSPORT & HIGHWAYS,,,109.38,,,151.60,08/2002,08/2002,,100.00%,October 2003,October 2003,1
,PORT FACILITIES FOR MRPL REF.EXPN.(NMPT),Completed,SHIPPING & PORTS,,,236.50,,,126.94,01/2002,01/2002,,100.00%,April 2003,April 2003,1
,LONG RAIL FACILITIES IN R&S MILL (SAIL),Completed,STEEL,,09/2002,320.00,,320.00,22.69,08/2004,08/2004,2/2,100.00%,September 2002,March 2003,7
,DUDHICHUA (NCL),Completed,COAL,,,868.93,,,1263.80,03/1998,03/1998,,100.00%,April 2004,April 2004,1
,JHARKHAND OC(CCL),Completed,COAL,,10/1998,110.89,,110.89,62.46,03/2004,03/2004,5/5,100.00%,April 2003,March 2004,12
,NIGAHI OC EXPANSION(NCL),Completed,COAL,,,1846.49,,,1370.64,03/2004,03/2004,,100.00%,April 2004,April 2004,1
,"AUG. OF KOYALI- VIRAMGAM-SIDHPUR PRODUCT PIPELINE,GUJ(IOCL)",Completed,PETROLEUM,,08/2001,119.01,,61.50,58.73,07/2003,10/2003,6/6,100.00%,April 2003,January 2004,10
,HBJ PIPELINE UPGRADATION PJCT-PHI(GAIL),Completed,PETROLEUM,,,2936.00,,,2400.00,09/2004,09/2004,,100.00%,May 2004,May 2004,1
,HYDROTREATER AT DIGBOI REF. (IOCL),Completed,PETROLEUM,,,343.00,,,354.28,05/2002,05/2002,,100.00%,May 2004,May 2004,1
,"IMPROVED OIL RECOVERY PROJECT, GELEKI",Completed,PETROLEUM,,09/2001,390.09,,390.09,0.11,03/2007,03/2005,6/6,100.00%,April 2003,March 2004,12
,INTEGRATED PARA- XYLENE(IOCL),Completed,PETROLEUM,,06/1999,"4,228.00",,"5,104.00",966.92,08/2005,08/2005,21/129,100.00%,April 2003,March 2004,12
,IOR GANDHAR(ONGCL),Completed,PETROLEUM,,12/2000,609.44,,692.45,292.41,03/2004,03/2004,12/12,100.00%,April 2003,March 2004,12
,IOR SCHEME NEELAM(ONGCL),Completed,PETROLEUM,,01/2001,347.69,,347.69,71.02,07/2003,10/2004,9/9,100.00%,April 2003,March 2004,12
,LINEAR ALKYL BENZENE (IOCL),Completed,PETROLEUM,,05/2001,"1,248.00",,"1,202.00",945.85,03/2004,08/2004,41/41,100.00%,April 2004,September 2004,6
,MUMBAI-MANMAD POL PIPELINE TO INDORE (BPCL),Completed,PETROLEUM,,,336.07,,,235.80,04/2004,04/2004,,100.00%,May 2004,May 2004,1
,REFINERY EXPANSION CUM.MOD. PROJECT(CPCL),Completed,PETROLEUM,,07/2000,"2,360.38",,"2,360.38","2,144.86",07/2003,08/2004,81/81,100.00%,April 2004,July 2004,4
,VISAKH-SECNDERABAD LPG(GAIL),Completed,PETROLEUM,,01/2001,490.65,,463.26,415.97,08/2003,07/2004,40/40,100.00%,April 2004,July 2004,4
,DULHASTI HYDROELECTRIC PROJECT(NHPC),Completed,POWER,,11/1982,183.45,"3,559.77","4,227.92","4,034.40",11/1990,07/2004,7/7,100.00%,April 2003,March 2004,12
,"KOLDAM HYDRO ELECTRIC PROJECT, 4x200 MW",Completed,POWER,,10/2002,"4,527.15",,"5,340.07",526.80,04/2009,04/2009,3/5,100.00%,April 2003,March 2004,12
,RAMAGUNDAM STPP ST - III(NTPC),Completed,POWER,,08/2001,"1,780.99",,"2,072.45","1,177.56",08/2005,08/2005,39/39,100.00%,April 2004,December 2004,9
,JAMMU-TAWI UDHAMPUR NEW LINE (NR),Completed,RAILWAYS,,,50.00,,,483.00,03/1994,03/1994,,100.00%,May 2004,May 2004,1
,AHMEDABAD-VADODARA EXPRESSWAY(GQ),Completed,ROAD TRANSPORT & HIGHWAYS,,,128.40,,,700.28,12/1991,12/1991,,100.00%,May 2004,May 2004,1
,BHILWARA BYPASS - CHITTORGARH (GQ) KM.120- KM.183 (NH-79),Completed,ROAD TRANSPORT & HIGHWAYS,,,202.88,,,179.70,05/2004,05/2004,,100.00%,May 2004,May 2004,1
,"ACQN. OF 2-146,860 DWT CRUDE OIL TANKERS FROM M/S DAEWOO",Completed,SHIPPING & PORTS,,,457.78,,,448.07,09/2004,09/2004,,100.00%,May 2004,May 2004,1
,LONG RAIL FACILITIES IN R,Completed,STEEL,,,320.00,,,226.04,08/2004,08/2004,,100.00%,May 2004,May 2004,1
,PIG IRON PLANT (NMDC),Completed,STEEL,,,298.68,,,26.12,10/2004,10/2004,,100.00%,May 2004,May 2004,1
,TECHNOLOGICAL UP_GRADATION OF TROMBAY-V AMMONIA PLANT,Completed,FERTILISERS,,10/2003,249.00,,249.00,20.32,06/2006,06/2006,20/56,100.00%,October 2004,March 2005,6
,MUMBAI HIGH NORTH DEV(ONGCL),Completed,PETROLEUM,,12/2000,"2,929.40",,"2,929.40","3,146.33",12/2005,09/2005,20/20,100.00%,April 2004,March 2005,12
,MADURAI- THIRUVANANTHAPURAM 400 KV D/C LINE(P.GRID),Completed,POWER,,10/2000,195.97,,247.69,226.92,10/2003,05/2005,19/19,100.00%,April 2004,March 2005,12
,RAIPUR-CHANDRAPUR 400KV LINE (P.GRID),Completed,POWER,,,248.60,,,240.60,12/2005,12/2005,,100.00%,May 2005,May 2005,1
,TALCHER STPP ST- II(NTPC),Completed,POWER,,01/1999,"6,648.83",,"6,648.83","4,378.35",02/2006,02/2005,92/92,100.00%,April 2004,February 2005,11
,TR. SYSTEM STRENGTHENING IN BIHAR(P.GRID),Completed,POWER,,08/2001,162.88,,125.96,101.99,02/2004,nan,30/30,100.00%,April 2004,January 2005,10
,KUPPAM-WHITEFIELD DOUBLING(SWR),Completed,RAILWAYS,,,108.11,,,136.20,03/1996,03/1996,,100.00%,April 2005,April 2005,1
,"TAMLUK-DIGHA(NL),SER",Completed,RAILWAYS,,,43.72,,,278.24,03/1997,03/1997,,100.00%,April 2005,April 2005,1
,BHADRAK-CHANDIKHOLE (GQ) KM.61-KM.136 (NH- 5),Completed,ROAD TRANSPORT & HIGHWAYS,,,305.30,,,325.90,12/2003,12/2003,,100.00%,May 2005,May 2005,1
,BRIDGES SECTION (GQ) KM.80-KM.162 (NH-5),Completed,ROAD TRANSPORT & HIGHWAYS,,,131.33,,,96.28,02/2004,02/2004,,100.00%,May 2005,May 2005,1
,GANJAM-ICCHAPURAM (GQ) KM.284-KM.223 (NH-5),Completed,ROAD TRANSPORT & HIGHWAYS,,,256.55,,,98.06,02/2004,02/2004,,100.00%,May 2005,May 2005,1
,KAVALI-NELLORE (GQ) KM.222-KM.178 (NH-5),Completed,ROAD TRANSPORT & HIGHWAYS,,,181.00,,,186.70,01/2004,01/2004,,100.00%,May 2005,May 2005,1
,SHIKOHABAD-ETAWAH (GQ) KM.250.5-KM.307.5 (NH- 2),Completed,ROAD TRANSPORT & HIGHWAYS,,,261.22,,,55.66,03/2005,03/2005,,100.00%,May 2005,May 2005,1
,SRIKAKULAM-CHAMPAWATI (GQ) KM.97-KM.49 (NH-5),Completed,ROAD TRANSPORT & HIGHWAYS,,,171.97,,,111.20,02/2004,02/2004,,100.00%,May 2005,May 2005,1
,REPAIR OF BLAST FURNACE No.4,Completed,STEEL,,05/2004,95.64,,118.32,104.89,10/2005,08/2005,1/1,100.00%,May 2005,August 2005,4
,ANDHRA PRADESH CMTS (BSNL),Completed,TELECOMMUNICATION,,,137.05,,,67.10,08/2004,08/2004,,100.00%,April 2005,April 2005,1
,CMTS - PHASE - III (BSNL) (KARNATAKA),Completed,TELECOMMUNICATION,,,154.18,,,72.96,06/2004,06/2004,,100.00%,April 2005,April 2005,1
,EXPANSION OF GSM NETWORK (MTNL) (Delhi),Completed,TELECOMMUNICATION,,,216.37,,,54.15,01/2005,01/2005,,100.00%,April 2005,April 2005,1
,GSM PROJECT MOTOROLA (MTNL) (DELHI),Completed,TELECOMMUNICATION,,,227.42,,,132.02,01/2005,01/2005,,100.00%,April 2005,April 2005,1
,IP NETWORK WITH ROUTERS (BSNL),Completed,TELECOMMUNICATION,,,250.00,,,75.58,10/2004,10/2004,,100.00%,April 2005,April 2005,1
,MANAGED LEASED LINE NETWORK (BSNL),Completed,TELECOMMUNICATION,,,210.00,,,58.00,01/2004,01/2004,,100.00%,April 2005,April 2005,1
,PUNJAB CMTS,Completed,TELECOMMUNICATION,,,106.30,,,,07/2004,07/2004,,100.00%,April 2005,April 2005,1
,"TARAPUR ATOMIC POWER PROJECT,",Completed,ATOMIC ENERGY,,,3447.06,,,5687.00,01/2007,01/2007,,100.00%,August 2006,August 2006,1
,"IMPROVED OIL RECOVERY PROJECT, RUDRASAGAR",Completed,PETROLEUM,,09/2001,113.90,,113.90,90.49,03/2006,03/2006,6/6,100.00%,May 2005,March 2006,11
,MUMBAI HIGH SOUTH DEVELOPMENT (ONGCL),Completed,PETROLEUM,,10/2001,"5,255.97",,"6,579.25","4,889.43",07/2007,12/2008,11/11,100.00%,May 2005,March 2006,11
,THULENDI-PHULPUR PIPELINE PROJECT(GAIL),Completed,PETROLEUM,,,220.00,,,118.26,04/2006,04/2006,,100.00%,May 2006,May 2006,1
,NEELAMANGALAM-MYSORE TRANSMISSION SYSTEM (P.Gr.),Completed,POWER,,,154.93,,,135.33,07/2006,07/2006,,100.00%,April 2006,April 2006,1
,SYSTEM STRENGTHENING - IV OF SOUTHERN REGION (P.GRID),Completed,POWER,,,101.94,,,85.42,07/2006,07/2006,,100.00%,June 2006,June 2006,1
,TALA-SILIGURI TRANSMISSION LINE (P.GRID),Completed,POWER,,,231.53,,,263.95,10/2004,10/2004,,100.00%,June 2006,June 2006,1
,TEHRI TR. SYSTEM(P.GRID),Completed,POWER,,,421.00,,,844.50,03/1999,03/1999,,100.00%,June 2006,June 2006,1
,"ARSIKERE-HASSAN-MANGALORE(GC),SWR",Completed,RAILWAYS,,,186.16,,,326.00,03/1996,03/1996,,100.00%,April 2006,April 2006,1
,BELGAUM BYPASS (GQ) KM.515-KM.495 (NH-4),Completed,ROAD TRANSPORT & HIGHWAYS,,,115.90,,,154.88,12/2003,12/2003,,100.00%,June 2006,June 2006,1
,KATRAJ REALIGNMENT (GQ) KM.825-KM.30 OF BYPASS (NH-4),Completed,ROAD TRANSPORT & HIGHWAYS,,,146.25,,,177.56,02/2005,02/2005,,100.00%,June 2006,June 2006,1
,KHARAGPUR-LAXMANNATH (GQ) KM.53.41- KM.119.275 (NH-60),Completed,ROAD TRANSPORT & HIGHWAYS,,,332.00,,,419.98,03/2004,03/2004,,100.00%,June 2006,June 2006,1
,TECHNOLOGY UPGRADATION OF BF-7 (SAIL),Completed,STEEL,,01/2005,170.41,,170.41,44.84,01/2006,08/2006,2/2,100.00%,May 2005,March 2006,11
,DEVELOPMENT OF VISAKHAPATNAM AIRPORT.,Completed,CIVIL AVIATION,,,191.52,,,158.00,12/2005,12/2005,,100.00%,May 2007,May 2007,1
,AMLOHRI EXPANSION PROJECT 4 TO 10 (6 MTY),Completed,COAL,,05/2006,"1,352.04",,"1,352.04",0.00,03/2014,03/2014,1/1,100.00%,June 2006,March 2007,10
,SYSTEM STRENGTHENING -III OF SOUTHERN REGION (PGCIL),Completed,POWER,,,284.79,,,233.44,04/2007,04/2007,,100.00%,April 2007,April 2007,1
,UPGR. OF TRANSFER CAPACITY OF TALCHER KOLAR HVDC BIPO(PGCIL),Completed,POWER,,07/2005,118.33,,101.17,77.04,04/2008,12/2007,5/5,100.00%,April 2007,November 2007,8
,VINDHYACHAL STPP ST.-III (NTPC),Completed,POWER,,,4125.00,,,3007.16,08/2007,08/2007,,100.00%,April 2007,April 2007,1
,VINDHYACHAL-KORBA (P.GRID),Completed,POWER,,,164.02,,,175.24,02/2007,02/2007,,100.00%,May 2007,May 2007,1
,ELECTRIFICATION OF ERNAKULAM-TRIVANDRUM (RE),Completed,RAILWAYS,,,162.03,,,161.60,08/2003,08/2003,,100.00%,May 2007,May 2007,1
,KHARAGPUR - BHUBANESWAR(RE) INCL. ADRA- MIDNAPORE(RE) (RVNL),Completed,RAILWAYS,,,258.58,,,336.00,03/2000,03/2000,,100.00%,May 2007,May 2007,1
,KOLKATA CIRCULAR RAILWAY (MTP),Completed,RAILWAYS,,,358.77,,,155.70,12/2004,12/2004,,100.00%,May 2007,May 2007,1
,KANCHIPURAM-POONAMALEE (GQ) KM.70.2-KM.13.8 (NH-4),Completed,ROAD TRANSPORT & HIGHWAYS,,,211.00,,,244.10,12/2003,12/2003,,100.00%,May 2007,May 2007,1
,LAXMANNATH-BALESHWAR (GQ) KM.0-KM.53.41 (NH-60),Completed,ROAD TRANSPORT & HIGHWAYS,,,272.00,,,301.80,12/2003,12/2003,,100.00%,May 2007,May 2007,1
,SIKANDARA-BHAUNTI (GQ) KM.393-KM.470 (NH-2),Completed,ROAD TRANSPORT & HIGHWAYS,,,323.62,,,311.09,08/2004,08/2004,,100.00%,May 2007,May 2007,1
,BLOOM CASTER(SAIL),Completed,STEEL,,05/2004,271.41,,271.41,189.53,05/2006,05/2007,10/10,100.00%,April 2006,March 2007,12
,REBUILDING OF BLAST FURNACE No. 2,Completed,STEEL,,03/2006,103.93,,103.93,28.18,09/2007,09/2007,2/2,100.00%,April 2006,March 2007,12
,REBUILDING OFCOKE OVEN BATTERY NO. 1 (SAIL),Completed,STEEL,,,112.39,,,96.19,12/2005,12/2005,,100.00%,May 2007,May 2007,1
,CMTS(Ph-IV) GSM BASED NETWORK EXPANSION Ph-,Completed,TELECOMMUNICATION,,,185.00,,,109.28,06/2005,06/2005,,100.00%,May 2007,May 2007,1
,GSM BASED NETWORK EXPANSION Ph-IV (BSNL)(ASSAM),Completed,TELECOMMUNICATION,,,101.86,,,71.15,06/2005,06/2005,,100.00%,May 2007,May 2007,1
,BINA EXTENSION OC PROJECT,Completed,COAL,,11/2006,168.97,,168.97,7.33,03/2014,03/2014,2/2,100.00%,April 2007,March 2008,12
160100233,DAHEJ-HAZIRA-URAN PIPELINE PROJECT(GAIL)(GAS AUTHORITY OF INDIA LIMITED),Completed,PETROLEUM,,,"1,416.00",,,"1,087.56",07/2005,07/2005,,100.00%,May 2008,May 2008,1
N16000014,"DEVELOPMENT OF SB-11,BASSEIN FIELD(OIL & NATURAL GAS CORPORATION LIMITED)",Completed,PETROLEUM,,,245.33,,,132.47,05/2007,05/2007,,100.00%,April 2008,April 2008,1
,MSQ Upgradation project at Digboi Refinery,Completed,PETROLEUM,,04/2008,356.00,,356.00,13.84,02/2010,02/2010,3/3,100.00%,May 2008,December 2008,8
N16000019,PANIPAT-JALANDHAR LPG PIPELINE(INDIAN OIL CORPORATION LIMITED),Completed,PETROLEUM,,,186.72,,,138.70,08/2008,08/2008,,100.00%,November 2008,November 2008,1
180100249,KAHALGOAN-II(PH.-II) TRANSMISSION SYSTEM (PGCIL)(POWER GRID CORPORATION OF INDIA LIMITED),Completed,POWER,,,464.02,,,469.14,10/2007,10/2007,,100.00%,December 2008,December 2008,1
180100227,NORTHERN REGION SYSTEM STRENGTHENING - I (P.GRID)(POWER GRID CORPORATION OF INDIA LIMITED),Completed,POWER,,,271.80,,,302.74,07/2006,07/2006,,100.00%,May 2008,May 2008,1
180100232,NORTHERN REGION SYSTEM STRENGTHING SCHEME - III (P.GR.)(POWER GRID CORPORATION OF INDIA LIMITED),Completed,POWER,,,230.52,,,241.51,03/2008,03/2008,,100.00%,April 2008,April 2008,1
,Northern region System Strengthening Scheme-X,Completed,POWER,,12/2007,408.36,,408.36,78.75,12/2010,12/2010,5/5,100.00%,April 2008,December 2008,9
180100231,SIPAT STPP STAGE -II (2X500 MW)(NTPC)(NATIONAL THERMAL POWER CORPORATION),Completed,POWER,,,"4,039.67",,,"3,197.88",12/2007,12/2007,,100.00%,August 2008,August 2008,1
180100236,SIPAT TRANSMISSION SYSTEM STAGE-1 (P.GR.)(POWER GRID CORPORATION OF INDIA LIMITED),Completed,POWER,,,"1,454.79",,,"2,109.30",02/2007,02/2007,,100.00%,April 2008,April 2008,1
180100223,TRANSMISSION SYSTEM - TEESTA-V HEP(3*170) (P.GRID)(POWER GRID CORPORATION OF INDIA LIMITED),Completed,POWER,,,208.75,,,231.29,05/2008,05/2008,,100.00%,May 2008,May 2008,1
180100235,WESTERN REGION SYSTEM STRENGTHENING SCHEME - 1(PR. GR.)(POWER GRID CORPORATION OF INDIA LIMITED),Completed,POWER,,,199.21,,,207.30,11/2007,11/2007,,100.00%,July 2008,July 2008,1
N22000050,"JAFRABAD-UTRATIA PHASE-II,(LD)(NR)((NR))",Completed,RAILWAYS,,,64.20,,,95.65,03/2005,03/2005,,100.00%,September 2008,September 2008,1
220100166,"KUMARGHAT-AGARTALA(NL),NEFR(NEFR)",Completed,RAILWAYS,,,575.00,,,893.19,03/2007,03/2007,,100.00%,October 2008,October 2008,1
220100250,TRICHY MANAMADURAI (GC)  (SR)(SR),Completed,RAILWAYS,,,175.00,,,,348.55,348.55,,100.00%,September 2008,September 2008,1
N22000051,"UTRATIA-CHANDRAULI & SULTANPUR-BANDHUAN KALAN,(LD)((NR))",Completed,RAILWAYS,,,47.12,,,98.49,12/2004,12/2004,,100.00%,September 2008,September 2008,1
240101148,BALASORE-BHADRAK (GQ) KM.136.5-199.14 (NH-5)(NATIONAL HIGHWAYS AUTHORITY OF INDIA),Completed,ROAD TRANSPORT & HIGHWAYS,,,227.25,,,192.36,02/2004,02/2004,,100.00%,July 2008,July 2008,1
240101150,BRIDGES-SECTION (GQ) KM.61-KM.199  (NH-5)(NATIONAL HIGHWAYS AUTHORITY OF INDIA),Completed,ROAD TRANSPORT & HIGHWAYS,,,155.00,,,144.01,05/2004,05/2004,,100.00%,April 2008,April 2008,1
240101135,CHITRADURGA-SIRA (GQ) KM.189-KM.122.3 (NH-4)(NATIONAL HIGHWAYS AUTHORITY OF INDIA),Completed,ROAD TRANSPORT & HIGHWAYS,,,304.00,,,371.40,08/2004,08/2004,,100.00%,May 2008,May 2008,1
N24000064,"CHITTORGARH BYPASS,KM 253-213 NH-76(NATIONAL HIGHWAYS AUTHORITY OF INDIA)",Completed,ROAD TRANSPORT & HIGHWAYS,,,384.25,,,342.10,04/2008,04/2008,,100.00%,December 2008,December 2008,1
240106218,"DEESA TO RADHANPUR (PACK.-VI) PHASE-II, KM.372.60-458, NH-14(NATIONAL HIGHWAYS AUTHORITY OF INDIA)",Completed,ROAD TRANSPORT & HIGHWAYS,,,399.89,,,479.00,02/2005,02/2005,,100.00%,October 2008,October 2008,1
240106264,"ETAWAH BYPASS, KM.307.5-KM.321.1, NH-2(NATIONAL HIGHWAYS AUTHORITY OF INDIA)",Completed,ROAD TRANSPORT & HIGHWAYS,,,89.50,,,179.04,10/2003,10/2003,,100.00%,May 2008,May 2008,1
240101175,ETAWAH-RAJPUR (GQ) KM.321.1-KM.393 (NH-2)(NATIONAL HIGHWAYS AUTHORITY OF INDIA),Completed,ROAD TRANSPORT & HIGHWAYS,,,348.44,,,395.66,03/2005,03/2005,,100.00%,May 2008,May 2008,1
240101180,HANDIA-VARANASI (GQ) KM.245-KM.317 (NH-2)(NATIONAL HIGHWAYS AUTHORITY OF INDIA),Completed,ROAD TRANSPORT & HIGHWAYS,,,286.00,,,312.68,07/2004,07/2004,,100.00%,April 2008,April 2008,1
240106269,"JHANSI-SIVPURI (EW-II)(NHAI) NH-25, KM.50 TO KM.15, NH- 25(NATIONAL HIGHWAYS AUTHORITY OF INDIA)",Completed,ROAD TRANSPORT & HIGHWAYS,,,213.69,,,158.50,02/2008,02/2008,,100.00%,November 2008,November 2008,1
240101177,KANPUR-FATEHPUR (GQ) KM.470-483-KM.0-KM.38 (NH- 2)(NATIONAL HIGHWAYS AUTHORITY OF INDIA),Completed,ROAD TRANSPORT & HIGHWAYS,,,495.35,,,636.69,03/2005,03/2005,,100.00%,May 2008,May 2008,1
240106233,KOTA TO CHITTORGARH (RJ-7) NH-76 KM.316 TO KM.253(NATIONAL HIGHWAYS AUTHORITY OF INDIA),Completed,ROAD TRANSPORT & HIGHWAYS,,,440.50,,,387.40,04/2008,04/2008,,100.00%,December 2008,December 2008,1
240106234,KOTA TO CHITTORGARH (RJ-8) NH-76 KM.381 TO KM.316(NATIONAL HIGHWAYS AUTHORITY OF INDIA),Completed,ROAD TRANSPORT & HIGHWAYS,,,446.40,,,375.70,04/2008,04/2008,,100.00%,December 2008,December 2008,1
240102194,NANDHI HILLS CROSS-DEVANHALLI (NS and EW-PH-I) KM.(NATIONAL HIGHWAYS AUTHORITY OF INDIA),Completed,ROAD TRANSPORT & HIGHWAYS,,,172.06,,,188.40,03/2004,03/2004,,100.00%,August 2008,August 2008,1
240106217,RADHANPUR TO GAGODHAR(PACKAGE-V) PHASE- II(NATIONAL HIGHWAYS AUTHORITY OF INDIA),Completed,ROAD TRANSPORT & HIGHWAYS,,,429.40,,,360.99,02/2005,02/2005,,100.00%,May 2008,May 2008,1
240106253,"RAJASTHAN/MP BORDER TO KOTA(RJ-11) NH-76, KM.579 TO KM.509(NATIONAL HIGHWAYS AUTHORITY OF INDIA)",Completed,ROAD TRANSPORT & HIGHWAYS,,,311.35,,,349.00,03/2008,03/2008,,100.00%,October 2008,October 2008,1
240101183,SASARAM-DEHRI ON-SONE (GQ) KM.110-KM.140 (NH- 2)(NATIONAL HIGHWAYS AUTHORITY OF INDIA),Completed,ROAD TRANSPORT & HIGHWAYS,,,221.87,,,249.18,03/2005,03/2005,,100.00%,July 2008,July 2008,1
240106263,"SHIKOHABAD ETAWAH (NH-2) (NHAI) GQ, KM.250.5-KM.307.5, NH-2(NATIONAL HIGHWAYS AUTHORITY OF INDIA)",Completed,ROAD TRANSPORT & HIGHWAYS,,,261.22,,,317.90,03/2005,03/2005,,100.00%,July 2008,July 2008,1
240106252,SHIVPURI BYPASS & UPTO MP/RJ BORDER (EW-2-MP-1) NH-25 & 76(NATIONAL HIGHWAYS AUTHORITY OF INDIA),Completed,ROAD TRANSPORT & HIGHWAYS,,,360.34,,,322.70,02/2008,02/2008,,100.00%,October 2008,October 2008,1
N24000043,SILLIGURI TO ISLAMPUR (WB-6)(NATIONAL HIGHWAYS AUTHORITY OF INDIA),Completed,ROAD TRANSPORT & HIGHWAYS,,,155.00,,,210.70,10/2008,10/2008,,100.00%,October 2008,October 2008,1
250100110,ACQ.OF 700 PASS-CUM 160MT CARGO VESSEL FR.HINDUSTAN SHIPYARD(SHIPPING),Completed,SHIPPING & PORTS,,,129.62,,,129.62,02/2004,02/2004,,100.00%,April 2008,April 2008,1
,INSTALLATION OF NEW COKE OVEN GAS HOLDER,Completed,STEEL,,07/2007,123.22,,123.22,54.25,06/2009,06/2009,1/1,100.00%,April 2008,December 2008,9
,"INSTALLATION OF SLAB CASTLER, RH DEGASSER AND LADLE FURNACE",Completed,STEEL,,07/2005,520.76,,520.76,358.36,09/2007,07/2008,6/7,100.00%,April 2007,March 2008,12
120100066,"INSTALLATION OF SLAB CASTLER,RH DEGASSER,LADLE FURNACE(SAIL)(STEEL AUTHORITY OF INDIA LIMITED (SAIL))",Completed,STEEL,,,520.76,,,393.83,09/2007,09/2007,,100.00%,September 2008,September 2008,1
260100078,CDMA 2000 WLL (MTNL)(MAHANAGAR TELEPHONE NIGAM LIMITED),Completed,TELECOMMUNICATIONS,,,460.28,,,84.79,10/2004,10/2004,,100.00%,December 2008,December 2008,1
260100064,"CDMA WLL EQUIPMENT (MTNL, MUMBAI)-1(MAHANAGAR TELEPHONE NIGAM LIMITED)",Completed,TELECOMMUNICATIONS,,,128.30,,,76.30,02/2004,02/2004,,100.00%,December 2008,December 2008,1
260100065,"CDMA WLL EQUIPMENT (MTNL, MUMBAI)-2(MAHANAGAR TELEPHONE NIGAM LIMITED)",Completed,TELECOMMUNICATIONS,,,362.26,,,60.37,12/2004,12/2004,,100.00%,December 2008,December 2008,1
260100079,EXPANSION OF 400KGSM (MTNL) (NEW DELHI)(MAHANAGAR TELEPHONE NIGAM LIMITED),Completed,TELECOMMUNICATIONS,,,227.42,,,200.81,01/2005,01/2005,,100.00%,December 2008,December 2008,1
260100080,EXPANSION OF GSM 400 (MTNL) (MUMBAI)(MAHANAGAR TELEPHONE NIGAM LIMITED),Completed,TELECOMMUNICATIONS,,,216.37,,,110.96,01/2005,01/2005,,100.00%,December 2008,December 2008,1
260100077,JHARKHAND CMTS PHASE - IV (BSNL)(BHARAT SANCHAR NIGAM LIMITED),Completed,TELECOMMUNICATIONS,,,134.85,,,47.41,11/2005,11/2005,,100.00%,May 2008,May 2008,1
260100075,KARNATAKA CMTS PHASE IV(BHARAT SANCHAR NIGAM LIMITED),Completed,TELECOMMUNICATIONS,,,373.46,,,240.47,06/2005,06/2005,,100.00%,September 2008,September 2008,1
N26000035,ORISSA TELECOM CIRCLE PH-4(BHARAT SANCHAR NIGAM LIMITED),Completed,TELECOMMUNICATIONS,,,126.36,,,59.06,09/2008,09/2008,,100.00%,September 2008,September 2008,1
N26000013,PROJECT 2.2 OF NIB-II BROAD BAND RAS(BHARAT SANCHAR NIGAM LIMITED),Completed,TELECOMMUNICATIONS,,,350.00,,,251.99,05/2006,05/2006,,100.00%,August 2008,August 2008,1
020100043,NEW URANIUM ORE PROCESSING MILL (UCIL)(URANIUM CORPORATION OF INDIA LIMITED),Completed,ATOMIC ENERGY,,,343.26,,,328.05,06/2006,06/2006,,100.00%,March 2009,March 2009,1
N06000019,BINA EXTN. PROJ,Completed,COAL,,11/2006,168.97,,168.97,56.63,03/2014,03/2014,1/1,100.00%,March 2009,March 2009,1
060100088,EXPANSION OF MINE-II (10.5 MTPA TO 15.0 MTPA) (NLC),Completed,COAL,,10/2004,"2,161.28",,"2,295.93","1,510.54",06/2009,02/2010,25/23,108.70%,March 2009,March 2009,1
060100004,POOTKI BALIHARI(BCCL)(BHARAT COKING COAL LIMITED),Completed,COAL,,,199.87,,,175.06,03/1994,03/1994,,100.00%,January 2009,January 2009,1
160100291,AUGMENTATION OF MUNDRA-PANIPAT CRUDE OIL PIPLINE(INDIAN OIL CORPORATION LIMITED),Completed,PETROLEUM,,,205.00,,,140.55,03/2008,03/2008,,100.00%,May 2009,May 2009,1
,AUGMENTATION OF MUNDRA-PANIPAT LINE,Completed,PETROLEUM,,06/2005,205.00,,165.00,126.77,03/2008,03/2009,1/1,100.00%,April 2008,February 2009,10
N16000022,"BARGE BUMPER, BOAT LANDING AND RISER PROTECTORS PR(OIL & NATURAL GAS CORPORATION LIMITED)",Completed,PETROLEUM,,,148.84,,,140.19,02/2008,02/2008,,100.00%,February 2009,February 2009,1
,C2-C3 & LPG RECOVERY FROM LNG AT DAHEJ,Completed,PETROLEUM,,12/2003,900.92,,"1,493.49",592.55,06/2006,04/2010,5/5,100.00%,April 2009,August 2009,5
,CHENNAI-BANGLORE PIPLINE,Completed,PETROLEUM,,07/2007,232.11,,273.00,162.19,07/2009,12/2009,1/1,100.00%,April 2009,August 2009,5
,Chainsa -Jhajjar Pipeline Project,Completed,PETROLEUM,,11/2007,967.77,,571.64,270.95,09/2009,12/2009,2/2,100.00%,April 2009,August 2009,5
,Compressor Stations (Vijaypur and Jhabua) Phase-I &II,Completed,PETROLEUM,,11/2007,"1,512.00",,"1,512.00",4.24,10/2011,10/2010,1/1,100.00%,April 2009,August 2009,5
N16000012,DABHOL-PANVEL PIPELINE PROJECT(GAS AUTHORITY OF INDIA LIMITED),Completed,PETROLEUM,,,"1,143.54",,,914.79,07/2007,07/2007,,100.00%,January 2009,January 2009,1
,DADRI PANIPAT LNG PIPLINE,Completed,PETROLEUM,,06/2005,250.66,,350.00,240.19,06/2008,12/2009,1/1,100.00%,April 2009,August 2009,5
160100232,DEVELOPMENT OF BASSEIN EAST (ONGCL)(),Completed,PETROLEUM,,,985.17,,,"1,568.46",03/2006,03/2006,,100.00%,October 2009,October 2009,1
,"Dahej-Vijaypur Pipeline Project, Phase-II",Completed,PETROLEUM,,11/2007,"4,429.38",,"3,000.00",12.20,10/2010,10/2010,1/1,100.00%,April 2009,August 2009,5
160100236,GREEN FUELS & EMISSION CONTROL (HPCL) MUMBAI REF.(HINDUSTAN PETROLEUM CORPORATION LIMITED),Completed,PETROLEUM,,,"1,152.00",,,"1,551.79",06/2009,06/2009,,100.00%,June 2009,June 2009,1
,"IMPROVED OIL RECOVERY PROJECT, GELEKI Sector-Wise analysis of projects",Completed,PETROLEUM,,09/2001,390.09,,834.90,713.52,03/2007,03/2011,6/6,100.00%,February 2009,February 2009,1
160100289,INST. OF FACILITIES FOR IMPROVEMENT IN DIESEL QUALITY (IOCL),Completed,PETROLEUM,,11/2005,"1,876.00",,"2,869.00","1,773.06",04/2009,12/2009,31/36,100.00%,April 2008,March 2009,11
,INST. OF FCC GASOLINE DESULPHUN UNIT AT MATHURA REFINERY,Completed,PETROLEUM,,01/2008,348.00,,348.00,62.13,12/2009,12/2009,5/5,100.00%,April 2008,February 2009,10
160100290,KOYALI-RATLAM PRODUCT OIL PIPLINE (IOCL)(INDIAN OIL CORPORATION LIMITED),Completed,PETROLEUM,,,224.69,,,178.84,12/2006,12/2006,,100.00%,March 2009,March 2009,1
,MSQ Improvement project,Completed,PETROLEUM,,04/2008,293.60,,293.60,8.30,12/2009,12/2009,8/8,100.00%,August 2008,February 2009,6
N16000035,MSQ UPGRADATION PROJECT AT PANIPAT REFINERY,Completed,PETROLEUM,,01/2008,"1,131.00",,"1,131.00",479.77,12/2009,12/2009,0/0,100.00%,April 2008,March 2009,11
,MSQ Upgradation project at Barauni refinery,Completed,PETROLEUM,,04/2008,"1,492.00",,"1,492.00",135.80,04/2010,03/2010,2/2,100.00%,May 2008,February 2009,9
,MSQ Upgradation project at Digboi Refinery Sector-Wise analysis of projects,Completed,PETROLEUM,,04/2008,356.00,,356.00,18.05,02/2010,02/2010,5/5,100.00%,February 2009,February 2009,1
,MSQ Upgradation project at Guwahati Refinery,Completed,PETROLEUM,,04/2008,372.00,,372.00,18.41,02/2010,02/2010,12/12,100.00%,May 2008,February 2009,9
160100282,PARADIP-HALDIA CRUDE OIL PIPLINE (IOCL)(INDIAN OIL CORPORATION LIMITED),Completed,PETROLEUM,,,"1,178.00",,,"1,271.42",03/2006,03/2006,,100.00%,January 2009,January 2009,1
,RESIDUE UPGRADATION & MS/HSD QUANLITY IMPROVEMENT PROJECT,Completed,PETROLEUM,,01/2007,"5,693.00",,"5,882.00","1,873.09",01/2010,01/2010,6/6,100.00%,April 2008,February 2009,10
,Sultanpur-Neemrana Pipeline Project,Completed,PETROLEUM,,11/2007,396.13,,396.00,2.82,10/2009,10/2009,3/3,100.00%,April 2009,August 2009,5
,Vijaipur- Dadri-Bawana Pipeline project.,Completed,PETROLEUM,,11/2007,"5,595.31",,"3,860.00","2,568.70",11/2009,04/2010,1/1,100.00%,April 2009,August 2009,5
,765 KV POOLING STATION & NETWORK WITH DVC & MAITHOB RBC,Completed,POWER,,08/2008,"7,075.33",,"7,075.33",926.97,08/2012,08/2012,2/2,100.00%,May 2009,August 2009,4
,CHAMERA HYDRO ELECTRIC PROJECT STAGE-III 231 MW,Completed,POWER,,08/2005,"1,405.63",,"1,532.52",642.59,08/2010,08/2010,4/4,100.00%,April 2008,February 2009,10
,"CHUTAK HYDRO ELECTRIC PROJECT 4X11 MW, KARGIL",Completed,POWER,,08/2006,621.26,,747.10,232.23,02/2011,02/2011,5/5,100.00%,April 2008,February 2009,10
,Eastern region strengthening Scheme-II,Completed,POWER,,12/2007,227.52,,227.52,50.63,06/2010,06/2010,7/7,100.00%,April 2008,February 2009,10
,Est. of 400/220 KV GIS Pooling Station near Chamera-III HEP,Completed,POWER,,09/2007,262.10,,262.10,30.27,09/2010,09/2010,1/1,100.00%,April 2008,February 2009,10
180100230,KAHAL GAON STPP STAGE - II  (NTPC)(NATIONAL THERMAL POWER CORPORATION),Completed,POWER,,,"5,868.31",,,"4,881.17",05/2007,05/2007,,100.00%,July 2009,July 2009,1
,"NIMOO BAZGO HYDRO ELECTRIC PROJECT, 3x15 MW",Completed,POWER,,08/2006,611.01,,723.99,252.38,08/2010,08/2010,2/2,100.00%,April 2008,February 2009,10
,NORTH EAST-NORTH WESTERN INTERCONNECTOR-I PROJECT,Completed,POWER,,02/2009,"11,130.19",,"11,130.19",200.64,08/2013,08/2013,2/2,100.00%,April 2009,August 2009,5
N18000025,NORTHERN REGION SYSTEM STRENGHTENING SCHEME- VIII(POWER GRID CORPORATION OF INDIA LIMITED),Completed,POWER,,,220.69,,,131.26,04/2009,04/2009,,100.00%,August 2009,August 2009,1
,NORTHERN REGION SYSTEM STRENGTHENING SCHEME-VIII (68 CKM),Completed,POWER,,10/2006,220.69,,220.69,90.57,04/2009,12/2009,11/11,100.00%,April 2008,February 2009,10
,Northern Region System strengthening Scheme-XI,Completed,POWER,,12/2007,417.76,,417.76,60.42,12/2010,12/2010,7/7,100.00%,April 2008,February 2009,10
,Northern region System Strengthening Scheme-X Sector-Wise analysis of projects,Completed,POWER,,12/2007,408.36,,408.36,130.42,12/2010,12/2010,7/7,100.00%,February 2009,February 2009,1
,Northern region System strenghtening Scheme-XII,Completed,POWER,,02/2008,261.55,,261.55,16.63,11/2010,11/2010,3/3,100.00%,April 2008,February 2009,10
,PARBATI HYDRO ELECTRIC PROJECT STAGE -III 4x130 MW,Completed,POWER,,10/2005,"2,304.56",,"2,129.89",606.85,10/2010,11/2010,4/4,100.00%,April 2008,February 2009,10
180100255,RAPP 5 and 6 TRANSMISSION SYSTEM (PGCIL)(POWER GRID CORPORATION OF INDIA LIMITED),Completed,POWER,,,499.45,,,543.89,03/2008,03/2008,,100.00%,March 2009,March 2009,1
,SUPPLIMENTARY TRANSMISSION ASSOCIATED WITH DVC & MAITHON RBC,Completed,POWER,,08/2008,"2,360.95",,"2,360.95",368.03,08/2012,08/2012,1/1,100.00%,May 2009,August 2009,4
,SYSTEM STRENGHTENING SCHEME-VIII OF SONITHAR REGION,Completed,POWER,,02/2008,105.84,,105.84,24.02,11/2010,11/2010,1/1,100.00%,April 2009,August 2009,5
180100259,SYSTEM STRENGTENING SCHEME IN ROORKEE AREA (PGCIL)(POWER GRID CORPORATION OF INDIA LIMITED),Completed,POWER,,,109.95,,,58.78,05/2009,05/2009,,100.00%,March 2009,March 2009,1
N18000019,SYSTEM STRENGTHENING IN SOUTH-WESTERN PART OF NORT(POWER GRID CORPORATION OF INDIA LIMITED),Completed,POWER,,,381.28,,,283.87,04/2009,04/2009,,100.00%,January 2009,January 2009,1
,"Simhadri STPP Stage-II, 2*500 MW",Completed,POWER,,08/2007,"5,103.39",,"5,038.53","1,142.10",05/2011,05/2011,4/4,100.00%,April 2008,February 2009,10
,TEESTA LOW DAM HYDRO ELECTRIC PROJECT STAGE-IV 4x40 MW,Completed,POWER,,09/2005,"1,061.38",,"1,061.38",410.59,09/2009,12/2010,1/1,100.00%,April 2008,February 2009,10
,TR. SYSTEM ASSOCIATED WITH KORBA-III GENERATION PROJECT,Completed,POWER,,02/2009,276.61,,276.61,23.96,06/2011,06/2011,2/2,100.00%,April 2009,August 2009,5
,TR. SYSTEM ASSOCIATED WITH MUNDRA ULTRA MEGA POWER PROJECT,Completed,POWER,,10/2008,"4,824.12",,"4,824.12",138.96,10/2012,10/2012,2/2,100.00%,April 2009,August 2009,5
,TRANSMISSION SYSTEM ASSOCIATED WITH CVHAMERA-III HEP,Completed,POWER,,04/2008,297.37,,297.37,90.87,07/2011,07/2011,3/3,100.00%,April 2009,August 2009,5
,TRANSMISSION SYSTEM ASSOCIATED WITH NORTH-WEST TRANS.(PGCIL),Completed,POWER,,01/2006,483.10,,483.10,377.30,01/2009,03/2009,5/7,100.00%,April 2008,February 2009,10
,Tr. System for start up Power to DVC & Maithon RB Gen.Proj.,Completed,POWER,,04/2008,290.49,,290.49,83.43,04/2010,04/2010,5/5,100.00%,April 2008,February 2009,10
,Transmission System Associated with Uri-II HEP (114 CKM),Completed,POWER,,10/2006,238.25,,238.25,83.32,nan,05/2011,4/4,100.00%,April 2008,February 2009,10
,Transmission system associated with Farakka-III,Completed,POWER,,12/2008,204.07,,204.07,15.14,06/2011,06/2011,2/2,100.00%,April 2009,August 2009,5
,Western Region Stregthening Scheme-VI,Completed,POWER,,02/2008,340.72,,340.72,41.67,11/2010,11/2010,5/5,100.00%,April 2008,February 2009,10
,Western Region Strengthening Scheme-V,Completed,POWER,,12/2007,477.69,,477.69,96.58,09/2010,09/2010,3/3,100.00%,April 2008,February 2009,10
220100216,"ARA-SASARAM(NL),ECR(ECR)",Completed,RAILWAYS,,,120.00,,,266.38,03/2006,03/2006,,100.00%,March 2009,March 2009,1
N22000047,"MADURAI-DINDIGUL,(LD)(SR)(SOUTHERN RAILWAY)",Completed,RAILWAYS,,,73.19,,,,181.81,181.81,,100.00%,August 2009,August 2009,1
220100302,"SAMASTIPUR-KHAGARIA (GC), ECR(ECR)",Completed,RAILWAYS,,,122.45,,,,157.87,157.87,,100.00%,February 2009,February 2009,1
220100159,THANE-TURBHE-NERUL-VASHI(MTP)(METROPOLITAN RAPID TRANSPORT PROJECTS),Completed,RAILWAYS,,,403.39,,,400.60,03/2000,03/2000,,100.00%,June 2009,June 2009,1
N24000027,AGRA-BHARATPUR(NATIONAL HIGHWAYS AUTHORITY OF INDIA),Completed,ROAD TRANSPORT & HIGHWAYS,,,195.00,,,192.10,03/2009,03/2009,,100.00%,June 2009,June 2009,1
240106261,"AMBALA-ZIRAKPUR, NH-21AND22, KM.5/735 TO KM.39/961(NATIONAL HIGHWAYS AUTHORITY OF INDIA)",Completed,ROAD TRANSPORT & HIGHWAYS,,,298.00,,,364.62,11/2010,11/2010,,100.00%,May 2009,May 2009,1
240106230,BAKARIA TO GOGUNDA(RJ-2) NH-76 PHASE-II KM.74- KM.30(NATIONAL HIGHWAYS AUTHORITY OF INDIA),Completed,ROAD TRANSPORT & HIGHWAYS,,,457.00,,,460.95,04/2008,04/2008,,100.00%,March 2009,March 2009,1
240106259,"BHARATPUR MAHAVA, NH-11, KM.63 TO KM.120(NATIONAL HIGHWAYS AUTHORITY OF INDIA)",Completed,ROAD TRANSPORT & HIGHWAYS,,,250.00,,,341.10,01/2010,01/2010,,100.00%,May 2009,May 2009,1
N24000070,Bharuch-Surat Package BOT-II(NATIONAL HIGHWAYS AUTHORITY OF INDIA),Completed,ROAD TRANSPORT & HIGHWAYS,,,492.00,,,448.87,07/2009,07/2009,,100.00%,September 2009,September 2009,1
240106287,"FARUKHANAGAR TO KOTAKOTTA,KM 80.05-135.47 (NH- 7)(NHAI)(NATIONAL HIGHWAYS AUTHORITY OF INDIA)",Completed,ROAD TRANSPORT & HIGHWAYS,,,313.70,,,426.27,02/2009,02/2009,,100.00%,March 2009,March 2009,1
N24000033,FARUKHANAGAR TO KOTTAKATA (NH-7)(NATIONAL HIGHWAYS AUTHORITY OF INDIA),Completed,ROAD TRANSPORT & HIGHWAYS,,,267.20,,,348.29,02/2009,02/2009,,100.00%,February 2009,February 2009,1
240106215,"GARAMORE TO BAMANBORE (PACK.-III) PH.-II, KM.254- KM.182.60(NATIONAL HIGHWAYS AUTHORITY OF INDIA)",Completed,ROAD TRANSPORT & HIGHWAYS,,,360.70,,,334.72,11/2007,11/2007,,100.00%,July 2009,July 2009,1
240106284,HYDERABAD BANGALORE SECTION(NH-7)(NHAI)(NATIONAL HIGHWAYS AUTHORITY OF INDIA),Completed,ROAD TRANSPORT & HIGHWAYS,,,611.44,,,834.20,03/2009,03/2009,,100.00%,November 2009,November 2009,1
N24000034,INDORE-KALAGHAT(NATIONAL HIGHWAYS AUTHORITY OF INDIA),Completed,ROAD TRANSPORT & HIGHWAYS,,,472.00,,,663.90,09/2009,09/2009,,100.00%,September 2009,September 2009,1
240106213,"JETPUR TO BHILADI (PACK. -II) PH.-II KM.117 TO.52.50, NH- 8B(NATIONAL HIGHWAYS AUTHORITY OF INDIA)",Completed,ROAD TRANSPORT & HIGHWAYS,,,399.89,,,397.23,11/2007,11/2007,,100.00%,January 2009,January 2009,1
240106251,"JHANSI-SHIVPURI  ,NH-25,NH-25 KM-91-50(NATIONAL HIGHWAYS DEVELOPMENT PROJECT)",Completed,ROAD TRANSPORT & HIGHWAYS,,,220.31,,,149.02,05/2008,05/2008,,100.00%,May 2009,May 2009,1
N24000092,"KADAL TO ARMUR, NH-7(NATIONAL HIGHWAYS AUTHORITY OF INDIA)",Completed,ROAD TRANSPORT & HIGHWAYS,,,271.73,,,303.80,11/2009,11/2009,,100.00%,November 2009,November 2009,1
N24000032,KADLOOR YELLAREDDY TO GUNDLA POCHAMPALLI(NATIONAL HIGHWAYS AUTHORITY OF INDIA),Completed,ROAD TRANSPORT & HIGHWAYS,,,546.15,,,661.67,04/2009,04/2009,,100.00%,March 2009,March 2009,1
240106272,"KARUR TO MADURAI (NH-7), KM.305.6 TO KM.373.275, NH- 7(NATIONAL HIGHWAYS AUTHORITY OF INDIA)",Completed,ROAD TRANSPORT & HIGHWAYS,,,327.20,,,457.60,01/2009,01/2009,,100.00%,November 2009,November 2009,1
240106275,"KARUR TO MADURAI (TN-5), KM.373.275 TO KM.426.6, NH- 7(NATIONAL HIGHWAYS AUTHORITY OF INDIA)",Completed,ROAD TRANSPORT & HIGHWAYS,,,283.50,,,448.30,12/2008,12/2008,,100.00%,September 2009,September 2009,1
N24000041,KONDHALI-TELEGAON(NATIONAL HIGHWAYS AUTHORITY OF INDIA),Completed,ROAD TRANSPORT & HIGHWAYS,,,212.00,,,331.87,03/2010,03/2010,,100.00%,May 2009,May 2009,1
240106282,"KRISHNAGIRI TO THOPURGHAT (NHAI), KM.94 TO KM.156, NH- 7(NATIONAL HIGHWAYS AUTHORITY OF INDIA)",Completed,ROAD TRANSPORT & HIGHWAYS,,,372.70,,,507.29,12/2008,12/2008,,100.00%,January 2009,January 2009,1
240106238,"MADURAI-KANNIAKUMARI, KM.42 TO KM.80,  NH-7(NATIONAL HIGHWAYS AUTHORITY OF INDIA)",Completed,ROAD TRANSPORT & HIGHWAYS,,,474.21,,,246.20,03/2008,03/2008,,100.00%,September 2009,September 2009,1
240106239,"MADURAI-TIRUNVELI SECTION INCLUDING MADURAI-BYPASS, NH-7(NATIONAL HIGHWAYS AUTHORITY OF INDIA)",Completed,ROAD TRANSPORT & HIGHWAYS,,,567.38,,,382.50,03/2008,03/2008,,100.00%,September 2009,September 2009,1
240106258,"MAHUA-JAIPUR, NH-11, KM.120 TO KM.228(NATIONAL HIGHWAYS AUTHORITY OF INDIA)",Completed,ROAD TRANSPORT & HIGHWAYS,,,483.00,,,578.30,03/2009,03/2009,,100.00%,September 2009,September 2009,1
N24000067,"PALANPUR TO SWAROOPGANJ,NH-14(NATIONAL HIGHWAYS AUTHORITY OF INDIA)",Completed,ROAD TRANSPORT & HIGHWAYS,,,498.00,,,82.09,03/2009,03/2009,,100.00%,June 2009,June 2009,1
240100202,"PARADIP PORT,NH-5A (PORT CONNECTIVITY) KM 0 - KM 77(NATIONAL HIGHWAYS AUTHORITY OF INDIA)",Completed,ROAD TRANSPORT & HIGHWAYS,,,428.00,,,459.38,02/2007,02/2007,,100.00%,June 2009,June 2009,1
240106254,"RAJASTHAN/MP BORDER TO KOTA(RJ-10), KM.509- 449.15, NH-76(NATIONAL HIGHWAYS AUTHORITY OF INDIA)",Completed,ROAD TRANSPORT & HIGHWAYS,,,378.22,,,365.05,04/2008,04/2008,,100.00%,June 2009,June 2009,1
240106255,"RJ/MP BORDER TO KOTA(RJ-9) NH-76, KM.449.15 TO KM.406(NATIONAL HIGHWAYS AUTHORITY OF INDIA)",Completed,ROAD TRANSPORT & HIGHWAYS,,,297.72,,,289.88,04/2008,04/2008,,100.00%,June 2009,June 2009,1
240106270,"SALEM TO KARUR (NS-21 OF TN-2), KM.207.050-KM.248.625, NH-7(NATIONAL HIGHWAYS AUTHORITY OF INDIA)",Completed,ROAD TRANSPORT & HIGHWAYS,,,253.50,,,333.34,01/2009,01/2009,,100.00%,August 2009,August 2009,1
240106271,"SALEM TO KARUR, KM.258-645 TO KM.292.6(NATIONAL HIGHWAYS AUTHORITY OF INDIA)",Completed,ROAD TRANSPORT & HIGHWAYS,,,205.60,,,323.94,08/2008,08/2008,,100.00%,August 2009,August 2009,1
240106274,"SALEM TO KERALA BORDER SEC. (TN-7), KM.53 TO KM.100, NH-47(NATIONAL HIGHWAYS AUTHORITY OF INDIA)",Completed,ROAD TRANSPORT & HIGHWAYS,,,379.80,,,453.20,12/2008,12/2008,,100.00%,August 2009,August 2009,1
240106229,"SWAROOPGANJ TO BAKARIA (RJ-1) PH.II, KM.29-KM.0 (NH- 76)(NATIONAL HIGHWAYS AUTHORITY OF INDIA)",Completed,ROAD TRANSPORT & HIGHWAYS,,,220.00,,,244.47,04/2010,04/2010,,100.00%,June 2009,June 2009,1
N24000082,"TINDIVANAM-UIUNDURPET,KM 121-192.25 NH-45(NATIONAL HIGHWAYS AUTHORITY OF INDIA)",Completed,ROAD TRANSPORT & HIGHWAYS,,,480.00,,,"1,130.80",03/2009,03/2009,,100.00%,July 2009,July 2009,1
240106242,"TIRUNELVEI-PANAGUDI,KM 160-203(T.N)(NATIONAL HIGHWAYS AUTHORITY OF INDIA)",Completed,ROAD TRANSPORT & HIGHWAYS,,,423.54,,,220.40,03/2008,03/2008,,100.00%,August 2009,August 2009,1
N24000084,"UIUWDURPET-PADALUR,NH-45(NATIONAL HIGHWAYS AUTHORITY OF INDIA)",Completed,ROAD TRANSPORT & HIGHWAYS,,,460.00,,,799.19,06/2009,06/2009,,100.00%,September 2009,September 2009,1
N24000071,Vadodara-Bharuch Package BOT-I(NATIONAL HIGHWAYS AUTHORITY OF INDIA),Completed,ROAD TRANSPORT & HIGHWAYS,,,660.00,,,789.84,07/2009,07/2009,,100.00%,September 2009,September 2009,1
250100174,"ACQUISION OF 2-300,000 DWT VERY LARGE CRUDE CARRIERS(SHIPPING)",Completed,SHIPPING & PORTS,,,"1,136.08",,,"1,196.24",09/2009,09/2009,,100.00%,September 2009,September 2009,1
120100061,COKE OVEN BATTERY NO. 4(PHASE-1) (RINL)(RASTRIYA ISPAT NIGAM LIMITED),Completed,STEEL,,,286.63,,,301.25,12/2006,12/2006,,100.00%,April 2009,April 2009,1
,Expansion of Salem Steel Plant,Completed,STEEL,,01/2008,"1,902.00",,"1,902.00",424.72,03/2010,03/2010,4/4,100.00%,August 2008,February 2009,6
,INSTALLATION OF 700 TONNES PER DAY OXYGEN PLANT,Completed,STEEL,,07/2007,302.70,,302.70,166.03,06/2009,12/2009,1/1,100.00%,April 2009,August 2009,5
,INSTALLATION OF NEW COKE OVEN GAS HOLDER Sector-Wise analysis of projects,Completed,STEEL,,07/2007,123.22,,123.22,59.48,06/2009,06/2009,1/1,100.00%,February 2009,February 2009,1
N12000024,"INSTALLATION OF NEW COKE OVEN GAS HOLDER, ROURKELA(STEEL AUTHORITY OF INDIA LIMITED (SAIL))",Completed,STEEL,,,123.22,,,77.00,06/2009,06/2009,,100.00%,December 2009,December 2009,1
,REBUILDING OF COKE OVEN BATTERY NO.4,Completed,STEEL,,05/2007,248.94,,248.94,130.39,08/2009,10/2009,1/1,100.00%,April 2009,August 2009,5
120100062,REBUILDING OF COKE OVEN BATTERY NO.5. BHILAI (SAIL)(STEEL AUTHORITY OF INDIA LIMITED (SAIL)),Completed,STEEL,,,219.04,,,167.38,01/2007,01/2007,,100.00%,March 2009,March 2009,1
N26000059,ANDHRA PRADESH TELECOM CIRCLE PHASE-IV GSM(BHARAT SANCHAR NIGAM LIMITED),Completed,TELECOMMUNICATIONS,,,567.40,,,241.85,06/2009,06/2009,,100.00%,October 2009,October 2009,1
N26000032,COMM. OF GSM EQU. OF 600K LINES(PH-4)(BHARAT SANCHAR NIGAM LIMITED),Completed,TELECOMMUNICATIONS,,,214.00,,,120.48,01/2007,01/2007,,100.00%,July 2009,July 2009,1
N26000030,COMMISSIONING  OF GSM  EQUIPMENT  OF 650K LINES( p(BHARAT SANCHAR NIGAM LIMITED),Completed,TELECOMMUNICATIONS,,,357.67,,,165.67,06/2007,06/2007,,100.00%,January 2009,January 2009,1
N26000033,GSM BASED NETWORK PH-4(BHARAT SANCHAR NIGAM LIMITED),Completed,TELECOMMUNICATIONS,,,174.36,,,71.50,11/2007,11/2007,,100.00%,November 2009,November 2009,1
260100093,GSM BASED NETWORK(PH-IV)(BSNL) ORISSA(BHARAT SANCHAR NIGAM LIMITED),Completed,TELECOMMUNICATIONS,,,164.06,,,89.29,12/2009,12/2009,,100.00%,May 2009,May 2009,1
N26000044,GSM EQUIPMENT OF 1015K LINES PH-4.5(BHARAT SANCHAR NIGAM LIMITED),Completed,TELECOMMUNICATIONS,,,350.84,,,182.06,11/2008,11/2008,,100.00%,October 2009,October 2009,1
N26000045,GSM EQUIPMENT OF 1162K LINES PH-4.5(BHARAT SANCHAR NIGAM LIMITED),Completed,TELECOMMUNICATIONS,,,325.00,,,237.85,12/2008,12/2008,,100.00%,December 2009,December 2009,1
260100094,GSM-NETWORK EXPANSION(PH-IV) (BSNL) W. BENGAL(BHARAT SANCHAR NIGAM LIMITED),Completed,TELECOMMUNICATIONS,,,428.00,,,200.00,06/2009,06/2009,,100.00%,May 2009,May 2009,1
N26000047,PROJECT NIB-II BROADBAND MULTIPLY(BHARAT SANCHAR NIGAM LIMITED),Completed,TELECOMMUNICATIONS,,,"1,008.00",,,337.50,03/2009,03/2009,,100.00%,July 2009,July 2009,1
N26000014,PROJECT-1 NIB-II IP INFRASTRUCTURE(BHARAT SANCHAR NIGAM LIMITED),Completed,TELECOMMUNICATIONS,,,250.00,,,279.53,05/2006,05/2006,,100.00%,February 2009,February 2009,1
020100042,RAJASTHAN ATOMIC POWER PROJECT 5 and 6 (NPCIL)(NUCLEAR POWER CORPORATION OF INDIA LIMITED),Completed,ATOMIC ENERGY,,,"3,072.00",,,"2,151.00",02/2008,02/2008,,100.00%,March 2010,March 2010,1
N04000016,CONSTRUCTION OF NEW INTERNATIONAL TERMINAL BUILDING(AIRPORT AUTHORITY OF INDIA LIMITED),Completed,CIVIL AVIATION,,,245.58,,,260.35,12/2008,12/2008,,100.00%,February 2010,February 2010,1
060100090,BARSINGSAR MINE 2.10 MTPA LIGNITE (NLC),Completed,COAL / NLC,Rajasthan,12/2004,254.07,"1,687.78","1,687.78","1,687.78",06/2009,10/2010,36/21,171.43%,April 2010,August 2010,5
N16000055,BARGE BUMPER-BOAT LANDING-RISER PROTECTOR PROJECT(OIL & NATURAL GAS CORPORATION LIMITED),Completed,PETROLEUM,,,289.60,,,198.16,05/2010,05/2010,,100.00%,July 2010,July 2010,1
N16000078,BINA DESPATCH TERMINAL(BHARAT PETROLEUM CORPORATION LIMITED),Completed,PETROLEUM,,,490.71,,,590.52,12/2009,12/2009,,100.00%,September 2010,September 2010,1
N16000079,BINA KOTA PIPE LINE PROJECT(BHARAT PETROLEUM CORPORATION LIMITED),Completed,PETROLEUM,,,405.82,,,354.93,12/2009,12/2009,,100.00%,July 2010,July 2010,1
N16000029,CHENNAI-BANGALORE PIPELINE(INDIAN OIL CORPORATION LIMITED),Completed,PETROLEUM,,,232.11,,,243.76,07/2009,07/2009,,100.00%,March 2010,March 2010,1
160100281,CLEAN FUELS PROJECT AT VISAKH REFINERY(HPCL)(HINDUSTAN PETROLEUM CORPORATION LIMITED),Completed,PETROLEUM,,,"1,635.00",,,"2,095.36",05/2006,05/2006,,100.00%,June 2010,June 2010,1
N16000075,Construction of Tank and Blending Facility at Vadi(INDIAN OIL CORPORATION LIMITED),Completed,PETROLEUM,,,267.00,,,,72.99,72.99,,100.00%,September 2010,September 2010,1
N16000018,DADRI- PANIPAT R-LNG SPUR PIPELINE(INDIAN OIL CORPORATION LIMITED),Completed,PETROLEUM,,,250.66,,,350.96,06/2008,06/2008,,100.00%,September 2010,September 2010,1
N16000017,EXPANSION OF PANIPAT REFINERY FROM 12 TO 15 MMTPA(INDIAN OIL CORPORATION LIMITED),Completed,PETROLEUM,,,806.00,,,840.06,03/2008,03/2008,,100.00%,November 2010,November 2010,1
N16000034,INST. OF FCC GASOLINE DESULPHUN UNIT AT MATHURA RE(INDIAN OIL CORPORATION LIMITED),Completed,PETROLEUM,,,348.00,,,186.58,12/2009,12/2009,,100.00%,September 2010,September 2010,1
N16000026,LUBE OIL BASE STOCK QUALITY UPGRADATION AT MUMBAI REFINERY(HINDUSTAN PETROLEUM CORPORATION LIMITED),Completed,PETROLEUM,,,638.90,,,796.21,04/2009,04/2009,,100.00%,September 2010,September 2010,1
160100292,PANIPAT NAPHTA CRACKER PROJECT(INDIAN OIL CORPORATION LIMITED),Completed,PETROLEUM,,,"12,138.00",,,"12,054.37",09/2009,09/2009,,100.00%,September 2010,September 2010,1
N16000082,SHORT TERM LOW COST MUMBAI REFINERY(BHARAT PETROLEUM CORPORATION LIMITED),Completed,PETROLEUM,,,390.00,,,188.43,01/2010,01/2010,,100.00%,May 2010,May 2010,1
N16000067,SINGLE POINT MOORING PROJECT AT VISAKHAPATNAM(HINDUSTAN PETROLEUM CORPORATION LIMITED),Completed,PETROLEUM,,,643.46,,,,726.45,726.45,,100.00%,September 2010,September 2010,1
N16000074,CAPACITY AUGMENTATION OF AGRA& FEROZABAD REGION,Completed,PETROLEUM / GAIL,Uttar Pradesh,07/2009,199.57,,199.57,19.55,01/2011,01/2011,9/7,160.00%,April 2010,August 2010,5
N16000070,KARANPUR MORADABAD-KASHIPUR- RUDRAPUR PIPELINE PROJECT PHASE-,Completed,PETROLEUM / GAIL,Multi State,07/2009,238.68,196.25,196.25,2.28,nan,01/2011,1/8,100.00%,May 2010,August 2010,4
N18000026,ENHANCEMENT OF TRANSMISSION CAPACITY IN EAST- WEST(POWER GRID CORPORATION OF INDIA LIMITED),Completed,POWER,,,103.80,,,72.52,06/2009,06/2009,,100.00%,March 2010,March 2010,1
180100263,KOLDAM HEP TRANSMISSION LINE (PGCIL)(),Completed,POWER,,,464.91,,,163.16,09/2008,09/2008,,100.00%,March 2010,March 2010,1
180100247,NEYVELI TS-II TRANSIMISSION SYSTEM (PGCIL)(),Completed,POWER,,,691.83,,,729.86,12/2007,12/2007,,100.00%,March 2010,March 2010,1
N18000055,NORTHERN REGION SYSTEM STRENGHTENING SCHEME- IX(POWER GRID CORPORATION OF INDIA LIMITED),Completed,POWER,,,525.14,,,354.99,07/2011,07/2011,,100.00%,November 2010,November 2010,1
N18000017,NORTHERN REGION SYSTEM STRENGHTENING SCHEME- V(POWER GRID CORPORATION OF INDIA LIMITED),Completed,POWER,,,721.25,,,560.87,06/2009,06/2009,,100.00%,March 2010,March 2010,1
N18000021,NORTHERN REGION SYSTEM STRENGTHENING SCHEME- VI(POWER GRID CORPORATION OF INDIA LIMITED),Completed,POWER,,,186.95,,,149.82,07/2009,07/2009,,100.00%,March 2010,March 2010,1
N18000034,NORTHERN REGION SYSTEM STRENGTHENING-XI(POWER GRID CORPORATION OF INDIA LIMITED),Completed,POWER,,,417.76,,,266.87,12/2010,12/2010,,100.00%,November 2010,November 2010,1
180100257,SIPAT-II SUPP. TRANS. SYSTEM (PGCIL)(),Completed,POWER,,,813.67,,,784.58,06/2008,06/2008,,100.00%,February 2010,February 2010,1
180100253,SYSTEM STRENGTHENING - VII OF SOUTHERN REGION (PGCIL)(),Completed,POWER,,,279.30,,,288.54,07/2009,07/2009,,100.00%,March 2010,March 2010,1
N18000020,SYSTEM STRENGTHENING IN SOUTH-WESTERN PART-B NORTHERN(POWER GRID CORPORATION OF INDIA LIMITED),Completed,POWER,,,150.26,,,109.54,10/2009,10/2009,,100.00%,March 2010,March 2010,1
180100220,SEWA- II  H.E.P (NHPC),Completed,POWER / NHPC,J & K,09/2003,665.46,,"1,016.74",961.39,09/2007,nan,8/3,266.67%,April 2010,October 2010,7
N22000055,"ABOHAR- FAZILKA, NR, NL(NORTHERN RAILWAY)",Completed,RAILWAYS,,,86.44,,,201.79,03/2009,03/2009,,100.00%,September 2010,September 2010,1
N22000033,AJMER-PHULERA-RINGUS-REWARI (G.C.)(NWR)(RVNL)(RAIL VIKAS NIGAM LTD.),Completed,RAILWAYS,,,352.00,,,616.44,03/2008,03/2008,,100.00%,September 2010,September 2010,1
220100282,"DHARMAVARAM-PAKALA (GC), SCR(SOUTH CENTRAL RAILWAY)",Completed,RAILWAYS,,,200.00,,,,567.49,567.49,,100.00%,October 2010,October 2010,1
220100195,"HOSPET-GUNTAKAL(LD),SCR(RAIL VIKAS NIGAM LTD.)",Completed,RAILWAYS,,,105.22,,,283.49,12/1999,12/1999,,100.00%,September 2010,September 2010,1
220100170,"LUMDING-SILCHAR(GC),NEFR(NORTH EAST FRONTIER RAILWAY)",Completed,RAILWAYS,,,648.00,,,"2,160.89",03/2009,03/2009,,100.00%,March 2010,March 2010,1
220100224,"NEW JALPAIGURI-NEW BONGAIGAON (GC),NEFR(NORTH EAST FRONTIER RAILWAY)",Completed,RAILWAYS,,,536.85,,,"1,005.50",03/2003,03/2003,,100.00%,September 2010,September 2010,1
220100312,"RAJGIR-TILAIYA (NL), ECR(EAST CENTRAL RAILWAYS)",Completed,RAILWAYS,,,180.82,,,272.46,03/2006,03/2006,,100.00%,November 2010,November 2010,1
220100290,"REWARI-SADULPUR-HISSAR (GC),NWR(NORTH WESTERN RAILWAY)",Completed,RAILWAYS,,,198.96,,,,70.43,70.43,,100.00%,March 2010,March 2010,1
220100244,TAHANJAVUR-VILLUPURAM GAUGE CONVERSION (G.C)(SR)(RAIL VIKAS NIGAM LTD.),Completed,RAILWAYS,,,223.00,,,,586.85,586.85,,100.00%,September 2010,September 2010,1
240100203,"ALLAHABAD BYPASS (KM.158-KM.198) GQ, NH-2(NATIONAL HIGHWAYS AUTHORITY OF INDIA)",Completed,ROAD TRANSPORT & HIGHWAYS,,,440.93,,,641.40,12/2006,12/2006,,100.00%,September 2010,September 2010,1
N24000121,AMRITSAR-WAGHA BORDER(NATIONAL HIGHWAYS AUTHORITY OF INDIA),Completed,ROAD TRANSPORT & HIGHWAYS,,,205.88,,,214.90,06/2010,06/2010,,100.00%,October 2010,October 2010,1
N24000060,AP/KARNATKA BORDER-NANDI HILL CROSSING AND DEVANHA(NATIONAL HIGHWAYS AUTHORITY OF INDIA),Completed,ROAD TRANSPORT & HIGHWAYS,,,402.80,,,453.70,03/2009,03/2009,,100.00%,September 2010,September 2010,1
N24000104,BANGALORE-NEELAMANGLALA NH-4(NATIONAL HIGHWAYS AUTHORITY OF INDIA),Completed,ROAD TRANSPORT & HIGHWAYS,,,445.00,,,803.40,07/2010,07/2010,,100.00%,December 2010,December 2010,1
240106232,CHITTORGARH BYPASS(RJ-6) NH-76 KM.159 TO KM.213(NATIONAL HIGHWAYS AUTHORITY OF INDIA),Completed,ROAD TRANSPORT & HIGHWAYS,,,133.03,,,,08/2005,08/2005,,100.00%,January 2010,January 2010,1
240106257,"DHULE-PIMPALGAON, NH-3, KM.380 TOKM. 265(NATIONAL HIGHWAYS AUTHORITY OF INDIA)",Completed,ROAD TRANSPORT & HIGHWAYS,,,556.00,,,568.50,03/2009,03/2009,,100.00%,September 2010,September 2010,1
N24000105,ELEVATED HIGHWAY FROM SILK BOARD JUNCTION TO ELECT(NATIONAL HIGHWAYS AUTHORITY OF INDIA),Completed,ROAD TRANSPORT & HIGHWAYS,,,450.00,,,876.61,07/2008,07/2008,,100.00%,September 2010,September 2010,1
240101178,FATEHPUR-KHAGA (GQ) KM.38-KM.115 (NH-2)(NATIONAL HIGHWAYS AUTHORITY OF INDIA),Completed,ROAD TRANSPORT & HIGHWAYS,,,372.40,,,406.05,07/2004,07/2004,,100.00%,September 2010,September 2010,1
240106231,GOGUNDA TO UDAIPUR (RJ-3) NH.76 KM.104 TO KM.73(NATIONAL HIGHWAYS AUTHORITY OF INDIA),Completed,ROAD TRANSPORT & HIGHWAYS,,,266.00,,,,08/2007,08/2007,,100.00%,January 2010,January 2010,1
240101187,GORHAR-BARWA ADDA (GQ) KM.320-KM.398.75 (NH- 2)(NATIONAL HIGHWAYS AUTHORITY OF INDIA),Completed,ROAD TRANSPORT & HIGHWAYS,,,399.75,,,424.96,03/2005,03/2005,,100.00%,September 2010,September 2010,1
N24000078,HYDERABAD-BANGALORE SEC.(NS CORR.PH-II)[KM 336- 376(NATIONAL HIGHWAYS AUTHORITY OF INDIA),Completed,ROAD TRANSPORT & HIGHWAYS,,,243.38,,,286.40,09/2008,09/2008,,100.00%,December 2010,December 2010,1
N24000079,HYDERABAD-BANGALORE SEC.(NS CORR.PH-II)[KM 376- 418(NATIONAL HIGHWAYS AUTHORITY OF INDIA),Completed,ROAD TRANSPORT & HIGHWAYS,,,205.92,,,204.50,08/2009,08/2009,,100.00%,November 2010,November 2010,1
N24000080,HYDERABAD-BANGALORE SEC.(NS CORR.PH-II)[KM 418- 463(NATIONAL HIGHWAYS AUTHORITY OF INDIA),Completed,ROAD TRANSPORT & HIGHWAYS,,,243.64,,,256.40,08/2009,08/2009,,100.00%,November 2010,November 2010,1
N24000109,ISLAM NAGAR TO KADTAL(NATIONAL HIGHWAYS AUTHORITY OF INDIA),Completed,ROAD TRANSPORT & HIGHWAYS,,,546.83,,,667.80,03/2010,03/2010,,100.00%,September 2010,September 2010,1
240106268,"JALANDAR-AMRITSAR, KM.407/100 TO KM.456/100, NH- 1(NATIONAL HIGHWAYS AUTHORITY OF INDIA)",Completed,ROAD TRANSPORT & HIGHWAYS,,,263.00,,,420.80,02/2009,02/2009,,100.00%,October 2010,October 2010,1
240106241,"MADURAI -KANNIAKUMARI SEC. (NS-42/TN) NH-7, KM.120 TO KM.160(NATIONAL HIGHWAYS AUTHORITY OF INDIA)",Completed,ROAD TRANSPORT & HIGHWAYS,,,507.49,,,342.80,03/2008,03/2008,,100.00%,September 2010,September 2010,1
N24000093,"MAHARASHTRA/AP BORDER TO ISLAM NAGAR,(NS-2/BOT/AP- 6),NH-7(NATIONAL HIGHWAYS AUTHORITY OF INDIA)",Completed,ROAD TRANSPORT & HIGHWAYS,,,360.42,,,478.40,11/2009,11/2009,,100.00%,September 2010,September 2010,1
N24000083,"PADALUR-TRICHY, NH-45(NATIONAL HIGHWAYS AUTHORITY OF INDIA)",Completed,ROAD TRANSPORT & HIGHWAYS,,,320.00,,,636.10,05/2009,05/2009,,100.00%,September 2010,September 2010,1
240106227,"PURNEA-FORBESGANJ (BR-1) PHASE-II, KM.309 TO 268, NH- 57(NATIONAL HIGHWAYS AUTHORITY OF INDIA)",Completed,ROAD TRANSPORT & HIGHWAYS,,,276.00,,,360.00,04/2008,04/2008,,100.00%,September 2010,September 2010,1
240106228,"PURNEA-FORBESGANJ (BR-2) PHASE-II, KM.268 TO 230, NH- 57(NATIONAL HIGHWAYS AUTHORITY OF INDIA)",Completed,ROAD TRANSPORT & HIGHWAYS,,,310.00,,,392.26,04/2008,04/2008,,100.00%,September 2010,September 2010,1
240106302,"SAGAR - RAJMARG CHORAHA,KM 255-297, NH-26 (NHAI)(NATIONAL HIGHWAYS AUTHORITY OF INDIA)",Completed,ROAD TRANSPORT & HIGHWAYS,,,206.96,,,281.90,10/2008,10/2008,,100.00%,December 2010,December 2010,1
240106273,"SALEM TO KERALA BORDER SEC(TN6), KM.203.96 NH7 TO KM 53 NH47(NATIONAL HIGHWAYS AUTHORITY OF INDIA)",Completed,ROAD TRANSPORT & HIGHWAYS,,,469.80,,,665.80,12/2008,12/2008,,100.00%,September 2010,September 2010,1
N24000054,"TOVARAMKURCHI-MADURAI,NH45B (NHAI)(NATIONAL HIGHWAYS AUTHORITY OF INDIA)",Completed,ROAD TRANSPORT & HIGHWAYS,,,263.00,,,317.74,08/2008,08/2008,,100.00%,September 2010,September 2010,1
240106285,TRICHY BYPASS END TO TOVARAMKURCHI (NH- 45B)(NHAI)(NATIONAL HIGHWAYS AUTHORITY OF INDIA),Completed,ROAD TRANSPORT & HIGHWAYS,,,261.00,,,286.30,08/2008,08/2008,,100.00%,September 2010,September 2010,1
240101181,VARANASI-MOHANIA (GQ) KM.317-329 & KM.0-KM.65 (NH- 2)(NATIONAL HIGHWAYS AUTHORITY OF INDIA),Completed,ROAD TRANSPORT & HIGHWAYS,,,467.93,,,453.64,03/2005,03/2005,,100.00%,September 2010,September 2010,1
N24000120,WAINGANGA BRIDGE -CHHATISGARH- MAHARASHTRA(NATIONAL HIGHWAYS AUTHORITY OF INDIA),Completed,ROAD TRANSPORT & HIGHWAYS,,,424.00,,,298.40,09/2010,09/2010,,100.00%,September 2010,September 2010,1
N25000030,ACQUISITION OF 2 NOS. OF 105000 DWT LR-II TANKERS(SHIPPING crp. of india),Completed,SHIPPING & PORTS,,,586.58,,,634.09,11/2010,11/2010,,100.00%,December 2010,December 2010,1
N25000029,ACQUISITION OF 6 NOS. 60470 DWT LR-I PRODUCT TANKE(SHIPPING crp. of india),Completed,SHIPPING & PORTS,,,"1,658.59",,,"1,657.45",07/2010,07/2010,,100.00%,October 2010,October 2010,1
N25000013,ACQUISITION OF TWO NOS.OF 470000 DWT MR TANKERS(SHIPPING crp. of india),Completed,SHIPPING & PORTS,,,411.32,,,406.28,03/2010,03/2010,,100.00%,September 2010,September 2010,1
N25000046,DEV. & OPRATION OF AN INTERNATIONAL CONTAINER TRA(PORT TRUST),Completed,SHIPPING & PORTS,,,"2,118.00",,,,11/2004,11/2004,,100.00%,September 2010,September 2010,1
N12000021,REBUILDING OF COKE OVEN BATTRY NO.-4(STEEL AUTHORITY OF INDIA LIMITED (SAIL)),Completed,STEEL,,,248.94,,,164.48,08/2009,08/2009,,100.00%,June 2010,June 2010,1
N12000035,REBUILDING OF BLAST FURNANCE NO.2(BOKARO STEEL PL,Completed,STEEL / SAIL,Jharkhandd,10/2007,892.32,,892.32,616.57,nan,nan,2/1,200.00%,April 2010,December 2010,9
N12000016,REBUILIDING OF COKE OVEN BATTERY-10,Completed,STEEL / SAIL,West,03/2007,416.50,436.54,436.54,301.73,nan,08/2010,2/1,200.00%,April 2010,August 2010,5
N26000064,CENTRALISED TRANSMISSION NMS(BHARAT SANCHAR NIGAM LIMITED),Completed,TELECOMMUNICATIONS,,,300.00,,,,,,,100.00%,November 2010,November 2010,1
N26000052,DELHI EXP. OF 1250K LINES OF 2G/3G GSM LINES(MAHANAGAR TELEPHONE NIGAM LIMITED),Completed,TELECOMMUNICATIONS,,,463.61,,,106.13,12/2009,12/2009,,100.00%,June 2010,June 2010,1
N26000026,EXP. OF 750K GSM LINES OF 2.5 GSM AND VALIDATION EQU(MAHANAGAR TELEPHONE NIGAM LIMITED),Completed,TELECOMMUNICATIONS,,,741.77,,,151.37,10/2007,10/2007,,100.00%,September 2010,September 2010,1
N26000049,EXPANSION OF 750K GSM LINES(MAHANAGAR TELEPHONE NIGAM LIMITED),Completed,TELECOMMUNICATIONS,,,168.33,,,175.77,12/2008,12/2008,,100.00%,June 2010,June 2010,1
N26000061,EXPANSION OF EXISTING 2G&3G GSM N/W BY 750 KPE NO(MAHANAGAR TELEPHONE NIGAM LIMITED),Completed,TELECOMMUNICATIONS,,,180.53,,,25.97,12/2009,12/2009,,100.00%,September 2010,September 2010,1
N26000077,Expn of existing 2G & 3G GSM N/W by 750k(MAHANAGAR TELEPHONE NIGAM LIMITED),Completed,TELECOMMUNICATIONS,,,180.53,,,40.92,06/2010,06/2010,,100.00%,October 2010,October 2010,1
N26000034,GSM BASED NETWORK EXPANSION PLAN PH-4(BHARAT SANCHAR NIGAM LIMITED),Completed,TELECOMMUNICATIONS,,,239.19,,,96.97,04/2008,04/2008,,100.00%,October 2010,October 2010,1
N26000042,GSM EQUIPMENT OF 1006280 LINES IN TAMILNADU PH- 4.5(BHARAT SANCHAR NIGAM LIMITED),Completed,TELECOMMUNICATIONS,,,409.21,,,470.24,12/2008,12/2008,,100.00%,September 2010,September 2010,1
N26000051,GSM EQUIPMENT OF 1625K LINES(2G) & 325K LINES IN M(BHARAT SANCHAR NIGAM LIMITED),Completed,TELECOMMUNICATIONS,,,908.30,,,211.83,08/2009,08/2009,,100.00%,November 2010,November 2010,1
260100095,GSM EXPANSION PH.IV (B) (BSNL) MAHARASHTRA(BHARAT SANCHAR NIGAM LIMITED),Completed,TELECOMMUNICATIONS,,,"1,174.75",,,371.41,03/2006,03/2006,,100.00%,September 2010,September 2010,1
N26000079,"GSM equipment of 2,00,000Lines (2G) Rajasthan ( Ph(BHARAT SANCHAR NIGAM LIMITED)",Completed,TELECOMMUNICATIONS,,,577.35,,,40.76,09/2010,09/2010,,100.00%,October 2010,October 2010,1
N26000036,KOLKATA TELECOM  DISTRICT PH-4(BHARAT SANCHAR NIGAM LIMITED),Completed,TELECOMMUNICATIONS,,,208.50,,,146.00,09/2008,09/2008,,100.00%,December 2010,December 2010,1
260100051,NATIONAL RADIO SPECTRUM MANAGEMENTand MONIT. SY. I(DEPARTMENT OF TELECOMMUNICATION),Completed,TELECOMMUNICATIONS,,,279.97,,,136.24,12/2004,12/2004,,100.00%,September 2010,September 2010,1
210100001,NORTH EAST INDIRA GANDHI INST-ITUTE OF HEALTH & MS(HEALTH & FAMILY WELFARE),Completed,TELECOMMUNICATIONS,,,71.18,,,547.78,03/1999,03/1999,,100.00%,October 2010,October 2010,1
N26000076,Provision of data network for CWG delhi(MAHANAGAR TELEPHONE NIGAM LIMITED),Completed,TELECOMMUNICATIONS,,,488.76,,,198.65,10/2010,10/2010,,100.00%,October 2010,October 2010,1
020100041,KAIGA 3 and 4 UNITS (NPCIL)(NUCLEAR POWER CORPORATION OF INDIA LIMITED),Completed,ATOMIC ENERGY,,,"4,213.00",,,"2,610.00",10/2009,10/2009,,100.00%,January 2011,January 2011,1
N04000017,CONSTRUCTION OF NEW INTERNATIONAL TERMINAL BLDG. A(AIRPORT AUTHORITY OF INDIA LIMITED),Completed,CIVIL AVIATION,,,290.92,,,266.53,01/2011,01/2011,,100.00%,February 2011,February 2011,1
100100054,"SECOND PHASE EXPANSION OF CAPTIVE ALUMINIUM,SMELTER AND POWE(NATIONAL ALUMINUM COMPANY LIMITED (NALCO))",Completed,MINES / NALCO,Odisha,10/2004,4091.51,4401.76,4401.76,4183,12/2008,06/2011,98/110,100.00%,April 2011,November 2011,8
N16000056,INSTALLATION OF FCCV AT MUMBAI REFINERY(HINDUSTAN PETROLEUM CORPORATION LIMITED),Completed,PETROLEUM,,,900.47,,,900.00,09/2009,09/2009,,100.00%,March 2011,March 2011,1
N16000048,VIJAPUR DADRI-BAWANA PIPE LINE PROJECT(GAS AUTHORITY OF INDIA LIMITED),Completed,PETROLEUM,,,"5,595.31",,,"3,326.01",11/2009,11/2009,,100.00%,January 2011,January 2011,1
N16000076,Guru Govind Singh Refinary Products Evacuation Project,Completed,PETROLEUM / HPCL,Punjab,01/2009,605.40,605.40,510.00,394.35,12/2010,12/2010,17/17,100.00%,May 2010,March 2011,11
N16000021,RESIDUE UPGRADATION AND MS/HSD QUALITY IMPROVEMENT,Completed,PETROLEUM / IOCL,Gujarat,01/2007,"5,693.00","6,898.00","6,898.00","5,997.40",01/2010,03/2011,96/42,228.57%,April 2010,February 2011,11
N18000011,KORBA STPP STAGE-III(NATIONAL THERMAL POWER CORPORATION),Completed,POWER,,,"2,448.50",,,"2,119.00",02/2010,02/2010,,100.00%,January 2011,January 2011,1
N18000013,National Capital Thermal Power Project Stage-II(NATIONAL THERMAL POWER CORPORATION),Completed,POWER,,,"5,135.33",,,"4,062.00",10/2010,10/2010,,100.00%,January 2011,January 2011,1
N18000044,SYSTEM STRENGHTENING IN NR GRID FOR KARCHAM WANGTO(POWER GRID CORPORATION OF INDIA LIMITED),Completed,POWER,,,328.97,,,181.39,09/2011,09/2011,,100.00%,March 2011,March 2011,1
220100131,AMBALA-MORADABAD(RE)(RAILWAY ELECTRIFICATION),Completed,RAILWAYS,,,152.21,,,272.32,03/1998,03/1998,,100.00%,March 2011,March 2011,1
220100291,BHILDI-SAMDARI (GC)(RAIL VIKAS NIGAM LTD.),Completed,RAILWAYS,,,244.74,,,,476.85,476.85,,100.00%,January 2011,January 2011,1
220100267,GOOTY- RENIGUNTA PATCH DOUBLING PH-II (DL) (SCR)(SOUTH CENTRAL RAILWAY),Completed,RAILWAYS,,,304.50,,,,341.81,341.81,,100.00%,March 2011,March 2011,1
220100254,"GULBARGA-BIDAR,SCR(NL)(SOUTH CENTRAL RAILWAY)",Completed,RAILWAYS,,,242.42,,,,169.69,169.69,,100.00%,March 2011,March 2011,1
220100125,"HOTGI-GADAG(GC),SWR(SOUTH WESTERN RAILWAY)",Completed,RAILWAYS,,,180.00,,,360.21,03/1999,03/1999,,100.00%,January 2011,January 2011,1
220100249,KUTTIPURAM-CALICUT INCLD. SHORANUR-M-LORE (DL) (SR)(SOUTHERN RAILWAY),Completed,RAILWAYS,,,178.76,,,,190.49,190.49,,100.00%,March 2011,March 2011,1
220100162,"MIRAJ-LATUR ROAD(GC),CR(CENTRAL RAILWAYS)",Completed,RAILWAYS,,,225.00,,,845.26,03/2001,03/2001,,100.00%,February 2011,February 2011,1
220100253,"PURNA-AKOLA (G.C), SCR(SOUTH CENTRAL RAILWAY)",Completed,RAILWAYS,,,228.00,,,,518.08,518.08,,100.00%,March 2011,March 2011,1
N22000103,RESTORATION WITH GAUGE CONVERSION OF SILIGHAT TOWN(GAUGE CONVERSION),Completed,RAILWAYS,,,100.41,,,911.24,12/2009,12/2009,,100.00%,January 2011,January 2011,1
N22000048,"VALLAPARPADM-IDAPALLY,(NL)(RVNL)(RAIL VIKAS NIGAM LTD.)",Completed,RAILWAYS,,,246.50,,,337.10,03/2009,03/2009,,100.00%,March 2011,March 2011,1
240106248,"AYODHYA-LUCKNOW  (LMNHP-3),NH-28, KM.135.000 TO KM.93.075(NATIONAL HIGHWAYS AUTHORITY OF INDIA)",Completed,ROAD TRANSPORT & HIGHWAYS,,,212.00,,,388.50,10/2008,10/2008,,100.00%,March 2011,March 2011,1
N24000069,"BARA TO ORAI, NH-2, 25(NATIONAL HIGHWAYS AUTHORITY OF INDIA)",Completed,ROAD TRANSPORT & HIGHWAYS,,,465.00,,,607.80,04/2009,04/2009,,100.00%,March 2011,March 2011,1
240106202,"CHENNAI BYPASS (NHAI) OTHERS, NH-45, 4 & 5(NATIONAL HIGHWAYS AUTHORITY OF INDIA)",Completed,ROAD TRANSPORT & HIGHWAYS,,,480.00,,,846.20,11/2007,11/2007,,100.00%,January 2011,January 2011,1
240100206,"COCHIN PORT, NH-47 (PORT CONNECTIVITY) KMS 348 - KMS 358(NATIONAL HIGHWAYS AUTHORITY OF INDIA)",Completed,ROAD TRANSPORT & HIGHWAYS,,,106.00,,,141.70,08/2006,08/2006,,100.00%,January 2011,January 2011,1
240106296,"DARBHANGA-MUZAFFARPUR(KM 30 TO KM 0), NH-57 (NHAI)(NATIONAL HIGHWAYS AUTHORITY OF INDIA)",Completed,ROAD TRANSPORT & HIGHWAYS,,,291.80,,,455.00,06/2008,06/2008,,100.00%,February 2011,February 2011,1
240106247,"GORAKHPUR-AYODHYA (LMNHP-4),NH-28, KM.164.00 TO KM.135.00(NATIONAL HIGHWAYS AUTHORITY OF INDIA)",Completed,ROAD TRANSPORT & HIGHWAYS,,,205.00,,,351.30,10/2008,10/2008,,100.00%,March 2011,March 2011,1
240106245,"GORAKHPUR-AYODHYA (LMNHP-6),NH-28, KM.251.70 TO KM.208.00(NATIONAL HIGHWAYS AUTHORITY OF INDIA)",Completed,ROAD TRANSPORT & HIGHWAYS,,,239.00,,,396.30,10/2008,10/2008,,100.00%,February 2011,February 2011,1
N24000081,HYDERABAD-BANGALORE SEC.(NS CORR.PH-II)[KM 211- 251(NATIONAL HIGHWAYS AUTHORITY OF INDIA),Completed,ROAD TRANSPORT & HIGHWAYS,,,194.80,,,179.70,08/2009,08/2009,,100.00%,January 2011,January 2011,1
N24000076,HYDERABAD-BANGALORE SEC.(NS CORR.PH-II)[KM 251- 293(NATIONAL HIGHWAYS AUTHORITY OF INDIA),Completed,ROAD TRANSPORT & HIGHWAYS,,,208.46,,,197.80,08/2009,08/2009,,100.00%,January 2011,January 2011,1
N24000077,HYDERABAD-BANGALORE SEC.(NS CORR.PH-II)[KM 293.4- 3(NATIONAL HIGHWAYS AUTHORITY OF INDIA),Completed,ROAD TRANSPORT & HIGHWAYS,,,239.19,,,224.80,09/2009,09/2009,,100.00%,January 2011,January 2011,1
240106220,"JHANSI BYPASS (UP-3), KM.104-KM.91, NH-25(NATIONAL HIGHWAYS AUTHORITY OF INDIA)",Completed,ROAD TRANSPORT & HIGHWAYS,,,158.06,,,163.50,08/2005,08/2005,,100.00%,March 2011,March 2011,1
240106286,LANKA TO DABOKA (NH-54)(NHAI)(NATIONAL HIGHWAYS AUTHORITY OF INDIA),Completed,ROAD TRANSPORT & HIGHWAYS,,,225.00,,,220.50,06/2008,06/2008,,100.00%,March 2011,March 2011,1
240106224,"MUZZAFFARPUR TO MEHSI (LMNHP-12), KM.520 TO 480, NH- 28(NATIONAL HIGHWAYS AUTHORITY OF INDIA)",Completed,ROAD TRANSPORT & HIGHWAYS,,,275.00,,,334.70,07/2005,07/2005,,100.00%,March 2011,March 2011,1
240106249,"ORAI TO JHANSI  (UP-4),NH-25, KM.170.0 TO KM.104.0(NATIONAL HIGHWAYS AUTHORITY OF INDIA)",Completed,ROAD TRANSPORT & HIGHWAYS,,,451.97,,,533.70,04/2008,04/2008,,100.00%,February 2011,February 2011,1
N25000015,RAIL CONNECTIVITY TO ICTT AT VALLARPADAM(PORT TRUST),Completed,SHIPPING & PORTS,,,245.67,,,304.01,04/2009,04/2009,,100.00%,February 2011,February 2011,1
N12000060,AIR SEPARATION PLANT (ASU-4)(RASTRIYA ISPAT NIGAM LIMITED),Completed,STEEL,,,96.00,,,74.39,06/2010,06/2010,,100.00%,March 2011,March 2011,1
N12000025,"INSTALLATION OF 700 TPD OXYGEN PLANT, ROURKELA(STEEL AUTHORITY OF INDIA LIMITED (SAIL))",Completed,STEEL,,,302.70,,,244.97,06/2009,06/2009,,100.00%,January 2011,January 2011,1
N12000039,POWER PLANT-I(RASTRIYA ISPAT NIGAM LIMITED),Completed,STEEL,,,462.00,,,84.40,12/2009,12/2009,,100.00%,January 2011,January 2011,1
N12000036,SIMULTANEOUS BLOWING OF BOF CONVERTER OF SMS- II(STEEL AUTHORITY OF INDIA LIMITED (SAIL)),Completed,STEEL,,,197.66,,,130.32,11/2009,11/2009,,100.00%,January 2011,January 2011,1
060100089,BARSINGSAR TPS (2 125MW) (NLC)(NEYVELI LIGNITE CORPORATION),Completed,COAL / NLC,Rajasthan,12/2004,1114.18,1626.09,1868.71,1714.72,06/2009,01/2012,26/26,100.00%,April 2011,January 2012,10
N08000005,Expenditure (Rs. Crore) BATHINDA - AMMONIA PLANT FEEDSTOCK CHANGEOVER PROJ(NATIONAL FERTILISER LIMITED),Completed,FERTILISERS / NFL,Punjab,01/2010,1294.19,1294.19,1294.19,,01/2013,01/2013,5/5,100.00%,April 2011,December 2012,21
180100165,TUIRIAL HE PROJECT(NEEPCO),Completed,POWER / NEEPCO,Mizoram,07/1998,368.72,913.63,913.63,307.53,07/2006,02/2015,7/24,100.00%,April 2011,April 2012,12
N18000022,WESTERN REGION STRENGTHENING SCHEME-II(POWER GRID CORPORATION OF INDIA LIMITED),Completed,POWER / PGCIL,Rajasthan,07/2006,5221.23,5221.23,5221.23,3170.1,07/2010,12/2012,20/20,100.00%,April 2011,November 2012,20
180100184,KOTESHWAR HEP(THDC)(TEHRI HYDRO DEVELOPMENT CORPORATION LIMITED),Completed,POWER / THDCL,Multi-State,04/2000,1301.56,2283.68,2283.68,2618.18,04/2005,03/2012,8/8,100.00%,April 2011,March 2012,12
N22000093,MUMBAI URBAN TRANSPORT PROJECT PHASE- I(METROPOLITAN RAPID TRANSPORT PROJECTS),Completed,RAILWAYS / MRTP,Maharashtra,04/2003,3125.2,4174.4,4501.8,4334,12/2010,03/2012,0/0,100.00%,April 2011,November 2012,20
N12000023,INSTALLATION OF 700TPD AIR SEPARATION UNIT-4 AT O(STEEL AUTHORITY OF INDIA LIMITED (SAIL)),Completed,STEEL / SAIL,Chhattisgarh,07/2007,232.93,232.93,232.93,191.83,07/2011,05/2012,1/1,100.00%,April 2011,May 2012,14
N12000033,REBUILDING OF COKE OVEN BATTERIES No. 1 & 2 ( BOKA(STEEL AUTHORITY OF INDIA LIMITED (SAIL)),Completed,STEEL / SAIL,Multi-State,10/2007,500.9,500.9,500.9,355.21,04/2010,,3/3,100.00%,April 2011,July 2012,13
N08000006,NANGAL - AMMONIA PLANT FEEDSTOCK PROJECT (NATIONAL FERTILISER LIMITED),Completed,FERTILISERS / NFL,Punjab,01/2010,1478.63,1478.63,1478.63,1087,12/2012,03/2013,0/8,100.00%,April 2011,April 2013,25
N16000110,CDU/VDU-II(CHENNAI PETROLEUM CORPORATION LIMITED),Completed,PETROLEUM / CPCL,Tamil Nadu,03/2010,333.99,333.99,333.99,228.26,05/2012,,36/36,100.00%,April 2011,January 2013,22
N16000109,EURO-IV DHDT(CHENNAI PETROLEUM CORPORATION LIMITED),Completed,PETROLEUM / CPCL,Tamil Nadu,09/2008,2615.69,2615.69,2615.69,1981.03,05/2011,,116/116,100.00%,April 2011,January 2013,22
N16000054,COMPRESSOR STATIONS (KAILARAS AND CHAINSA)(GAS AUTHORITY OF INDIA LIMITED),Completed,PETROLEUM / GAIL,Multi-State,11/2007,1167,1167,798,715.73,04/2011,02/2013,2/2,100.00%,April 2011,January 2013,22
N16000073,DABHOL-BANGALORE PIPELINE PROJECT PHASE-I(GAS AUTHORITY OF INDIA LIMITED),Completed,PETROLEUM / GAIL,Multi-State,06/2009,4543.43,4508.38,2500,1709.62,03/2012,02/2013,0/21,100.00%,April 2011,January 2013,22
N16000107,FLUIDIZED CATALYTIC CRACKING UNIT(FCCU) REVAMP AT MATHURA REFINERY (INDIAN OIL CORPORATION LIMITED),Completed,PETROLEUM / IOCL,Uttar Pradesh,07/2010,1000,1000,1000,755.25,01/2013,01/2014,18/18,100.00%,April 2011,November 2013,32
N16000090,INTEGRATED OFFSHORE CRUDE OIL HANDLING FACILITIES,Completed,PETROLEUM / IOCL,Odisha,12/2009,1492.33,1492.33,1492.33,1219.5,06/2012,03/2013,8/8,100.00%,April 2011,February 2013,23
N18000007,CHUTAK HYDRO-ELECTRIC PROJECT (NHPC)(NATIONAL HYDRO- ELECTRIC POWER CORPORATION),Completed,POWER / NHPC,Multi-State,08/2006,621.26,621.26,913,731.93,02/2011,01/2013,2/4,100.00%,April 2011,June 2013,27
180100222,TEESTA LOW DAM STAGE III HYDROELECTRIC POWER PROJECT (NHPC) (NATIONAL HYDRO-ELECTRIC POWER CORPORATION),Completed,POWER / NHPC,West Bengal,10/2003,768.92,768.92,1628,1467.53,03/2007,04/2013,25/25,100.00%,April 2011,June 2013,27
N16000068,DIESEL HYDROTREATOR PROJECT AT VISAKH REFINERY (HINDUSTAN PETROLEUM CORPORATION LIMITED),Completed,PETROLEUM / HPCL,Andhra Pradesh,03/2009,3597,2730,2730,3128.58,09/2011,11/2014,59/59,100.00%,April 2011,November 2014,44
N16000139,Butene-1 at Panipat,Completed,PETROLEUM / IOCL,Haryana,02/2012,190,190,165,122.56,03/2014,03/2014,24/24,100.00%,July 2012,February 2014,20
160100216,IOR GELEKI (ONGCL),Completed,PETROLEUM / ONGC,Assam,09/2001,390.09,1674.11,1674.11,1759.52,03/2007,03/2017,6/6,100.00%,April 2011,February 2014,35
160100215,IOR LAKWA - LAKHMANI (ONGCL),Completed,PETROLEUM / ONGC,Assam,09/2001,345.1,663.69,750,743.72,03/2007,03/2014,3/3,100.00%,April 2011,February 2014,35
160100217,"IOR, RUDRASAGAR (ONGCL)",Completed,PETROLEUM / ONGC,Assam,09/2001,113.9,438.85,480,452.91,03/2006,03/2014,6/6,100.00%,April 2011,February 2014,35
180100251,URI H.E.P STAGE -II (NHPC) (NATIONAL HYDRO-ELECTRIC POWER CORPORATION),Completed,POWER / NHPC,Multi-State,08/2005,1729.29,1724.79,2081,2096.81,11/2009,01/2014,2/2,100.00%,April 2011,January 2014,34
N18000048,MOUDA STPP (NATIONAL THERMAL POWER CORPORATION),Completed,POWER / NTPC,Maharashtra,11/2008,5459.28,5459.28,6010.89,4056,08/2012,03/2013,16/16,100.00%,April 2011,May 2014,38
N18000073,RIHAND STTP STAGE-III (2X500MW) (NATIONAL THERMAL POWER CORPORATION),Completed,POWER / NTPC,Uttar Pradesh,01/2009,6230.81,6230.81,6230.81,4357,10/2012,10/2013,16/16,100.00%,April 2011,May 2014,38
N18000072,VINDHYACHAL STTP STAGE-IV (NATIONAL THERMAL POWER CORPORATION),Completed,POWER / NTPC,Madhya Pradesh,01/2009,5915,5915,5915,3401,10/2012,03/2013,0/15,100.00%,April 2011,May 2014,38
N18000138,AUGMENTION OF TRANSFORMERS IN NORTHEN REGION - PART A (POWER GRID CORPORATION OF INDIA LIMITED),Completed,POWER / PGCIL,Multi-State,12/2012,156.04,156.04,156.04,85.66,10/2014,01/2015,7/7,100.00%,December 2012,December 2014,25
N18000004,EASTERN REGION STRENGTHENING SCHEME-I,Completed,POWER / PGCIL,Multi-State,10/2006,975.96,975.96,975.96,891.48,10/2009,03/2014,5/15,100.00%,April 2011,February 2014,35
N18000118,TR SYSTEM FOR ESTABLISHMENT OF 400/220 KV GIS SUBSTATION AT MAGARWADA IN UT DD (POWER GRID CORPORATION OF INDIA LIMITED),Completed,POWER / PGCIL,Gujarat,01/2012,259.28,259.28,259.28,180.22,01/2013,01/2015,16/16,100.00%,January 2012,December 2014,36
N12000069,Expenditure (Rs. crore) 330 TPH BOILER-6 AND AUXILIARY SYSTEM (RASTRIYA ISPAT NIGAM LIMITED),Completed,STEEL / RINL,Andhra Pradesh,07/2007,260,349.64,349.64,260.63,09/2011,06/2013,1/1,100.00%,April 2011,June 2014,39
N12000068,MW TG-5 AUX. S'TEM EMERGENCY POWER REQUIREMENT EXP. UNIT (RASTRIYA ISPAT NIGAM LIMITED),Completed,STEEL / RINL,Andhra Pradesh,07/2007,202,343.58,343.58,294.54,09/2011,11/2013,3/3,100.00%,April 2011,June 2014,39
N12000051,EXPANSION OF IISCO STEEL PLANT (STEEL AUTHORITY OF INDIA LIMITED (SAIL)),Completed,STEEL / SAIL,West Bengal,02/2008,14443,16408,16408,16541.89,09/2010,03/2015,25/29,100.00%,April 2011,November 2014,44
N06000009,BLOCK-B OCP NCL (3.5 MTY) (NORTHERN COAL FIELDS LIMITED),Completed,COAL / NCL,Madhya Pradesh,06/2011,746.04,535.1,535.1,424.18,03/2012,03/2016,3/6,100.00%,April 2011,December 2015,57
060100087,TPS-II EXPANSION (1470MW TO 1970MW) (NLC) (NEYVELI LIGNITE CORPORATION),Completed,COAL / NLC,Tamil Nadu,10/2004,2030.78,3583.77,3583.77,3213.77,06/2009,07/2015,23/23,100.00%,April 2011,August 2015,53
N06000047,TUTICORIN THERMAL POWER PROJECT- 2X500 MW (NEYVELI LIGNITE CORPORATION),Completed,COAL / NLC,Tamil Nadu,05/2008,4904.54,6602.74,6602.74,6355.68,08/2012,08/2015,39/39,100.00%,April 2011,August 2015,53
N16000145,REWARI KANPUR PIPELINE PROJECT (HINDUSTAN PETROLEUM CORPORATION LIMITED),Completed,PETROLEUM / HPCL,Multi-State,02/2012,1210.64,1446.34,1446.34,1249.03,03/2015,11/2015,24/24,100.00%,November 2012,November 2015,37
N16000101,WAX PROJECT,Completed,PETROLEUM / NRL,Assam,06/2010,576.6,676.05,676.05,601.19,02/2014,12/2014,69/69,100.00%,April 2011,February 2015,47
160100231,DEVELOPMENT OF G1 AND GS-15 (ONGCL) (OIL & NATURAL GAS CORPORATION LIMITED),Completed,PETROLEUM / ONGC,Multi-State,04/2003,429.82,3955.21,3955.21,3439.38,04/2006,06/2015,5/5,100.00%,April 2011,July 2015,52
N16000119,MW WIND POWER PROJECT (OIL & NATURAL GAS CORPORATION LIMITED),Completed,PETROLEUM / ONGC,Rajasthan,07/2010,1106,678.02,678.02,437.69,06/2012,09/2015,1/1,100.00%,April 2011,September 2015,54
N16000098,"UP-GRADATION OF KONABAN GGS AND PIPELINE GRID PROJECT, TRIPURA (OIL & NATURAL GAS CORPORATION LIMITED)",Completed,PETROLEUM / ONGC,Tripura,07/2008,288.04,253.66,253.66,229.16,08/2012,06/2015,1/1,100.00%,April 2011,July 2015,52
N18000047,BARH STPP STAGE -II (NATIONAL THERMAL POWER CORPORATION),Completed,POWER / NTPC,Bihar,02/2008,7341.04,10852.46,10852.46,8962,08/2013,03/2015,20/20,100.00%,April 2011,July 2015,52
180100211,SETTING UP OF SINGLE POINT MOORING (SPM) AND ALLIED FACILITIES OFF VEERA IN GULF OF KUTCH ON BOT BAS(PORT TRUST),Completed,POWER / NTPC,Multi-State,10/2002,4527.15,7220,7220,6622,04/2009,06/2015,10/10,100.00%,April 2011,May 2015,50
N18000134,VINDHYACHAL STPP STAGE-V (NATIONAL THERMAL POWER CORPORATION),Completed,POWER / NTPC,Madhya Pradesh,12/2011,3180.4,3180.4,3180.4,1981,08/2015,08/2015,28/28,100.00%,September 2012,July 2015,35
N18000139,COMMON TRANSMISSION SCHEME WITH ISSG PROJECTS IN NAGAPATTINAM/CUDDALOR OF TAMIL NADU - PART A1,Completed,POWER / PGCIL,Tamil Nadu,01/2013,182.8,182.8,182.8,117.93,10/2014,03/2015,13/14,100.00%,January 2013,February 2015,26
180100246,KAIGA 3 AND 4 TRANSMISSION SYSTEM (PGCIL) (POWER GRID CORPORATION OF INDIA LIMITED),Completed,POWER / PGCIL,Karnataka,03/2005,588.25,1007.16,1007.16,1020.81,12/2007,10/2015,4/7,100.00%,April 2011,September 2015,54
N18000137,SYSTEM STRENGTHENING -XIX IN SOUTHERN REGIONAL GRID,Completed,POWER / PGCIL,Multi-State,09/2012,1935.35,1935.35,1935.35,1181.68,12/2014,03/2015,10/13,100.00%,September 2012,February 2015,30
N18000124,SYSTEM STRENGTHENING COMMON FOR WR AND NR (LINE BAYS AND REACTOR PROVISION) (POWER GRID CORPORATION OF INDIA LIMITED),Completed,POWER / PGCIL,Madhya Pradesh,03/2012,213.78,213.78,213.78,203.04,03/2014,09/2015,5/7,100.00%,March 2012,August 2015,42
N18000160,SYSTEM STRENGTHENING IN SOUTHERN REGION - XXII (POWER GRID CORPORATION OF INDIA LIMITED),Completed,POWER / PGCIL,Multi-State,02/2014,243.53,243.53,243.53,185.63,08/2014,12/2015,8/10,100.00%,January 2014,November 2015,23
N18000087,TRANSMISSION SYSTEM FOR PHASE-I GEN PROJECT IN ORISSA - PART-A (POWER GRID CORPORATION OF INDIA LIMITED),Completed,POWER / PGCIL,Odisha,09/2010,2074.86,2348.37,2348.37,1950.24,03/2013,01/2016,11/11,100.00%,April 2011,December 2015,57
N12000018,BAILADILA IRON ORE PROJECT DEPOSIT- 11B (NMDC) (NATIONAL MINERAL DEVELOPMENT CORPORATION (NMDC)),Completed,STEEL / NMDC,Chhattisgarh,01/2007,607.17,607.17,607.17,394.84,10/2011,03/2015,20/20,100.00%,April 2011,August 2015,53
N12000053,AUGMENTATION OF IRON ORE STORAGE IN RMHP (RASTRIYA ISPAT NIGAM LIMITED),Completed,STEEL / RINL,Multi-State,05/2008,480,480,450,388.34,05/2012,07/2015,1/1,100.00%,April 2011,June 2015,51
120100067,EXPANSION OF LIQUID STEEL CAPACITY FROM 3MT TO 6.3MT (RINL) (RASTRIYA ISPAT NIGAM LIMITED),Completed,STEEL / RINL,Andhra Pradesh,10/2005,8692,12291,12291,11483.12,10/2009,04/2015,70/70,100.00%,April 2011,September 2015,54
N12000075,ENHANCEMENT OF PRODUCTION CAPACITY AT BOLANI IRON ORE MINES (STEEL AUTHORITY OF INDIA LIMITED (SAIL)),Completed,STEEL / SAIL,Odisha,11/2011,254.55,254.55,254.55,126.73,11/2013,06/2015,2/4,100.00%,November 2011,May 2015,43
N12000055,EXPANSION OF BOKARO STEEL PLANT (STEEL AUTHORITY OF INDIA LIMITED (SAIL)),Completed,STEEL / SAIL,Multi-State,01/2008,6325,6325,6325,5232.17,12/2011,08/2015,24/25,100.00%,April 2011,August 2015,53
060100096,ASHOK EXPN OCP CCL (10 MTY) (CENTRAL COAL FIELDS LIMITED),Completed,COAL / CCL,Jharkhand,12/2007,341.63,341.63,341.63,121.94,03/2011,03/2017,2/5,100.00%,April 2011,August 2016,65
N06000010,"AMLOHRI EPR (NCL) (6 MTY , INCR.) (NORTHERN COAL FIELDS LIMITED)",Completed,COAL / NCL,Madhya Pradesh,12/2009,1352.04,1143.54,1143.54,847.83,03/2014,03/2016,4/6,100.00%,April 2011,March 2016,60
N06000007,KRISHNASHILA (NCL) (4MTY) (NORTHERN COAL FIELDS LIMITED),Completed,COAL / NCL,Uttar Pradesh,06/2011,789.88,741.62,741.62,511.06,03/2010,03/2016,2/5,100.00%,April 2011,March 2016,60
N16000154,MOUNDED BULLET PROJECT AT CPCL (CHENNAI PETROLEUM CORPORATION LIMITED),Completed,PETROLEUM / CPCL,Tamil Nadu,12/2012,279,279,279,142.28,12/2014,03/2016,58/58,100.00%,February 2013,April 2016,39
N16000093,VKPL UPGRADATION AND LAYING OF SPURLINE (TO BHILWARA AND CHITTORGARH) (GAS AUTHORITY OF INDIA LIMITED),Completed,PETROLEUM / GAIL,Multi-State,12/2009,463.32,463.32,463.32,14,06/2011,10/2016,,100.00%,April 2011,November 2016,68
N16000215,"BULK PETROLEUM OIL AND LUBRICANT (POL) DEPOT AT IMPHAL, CORPORATION LIMITED)",Completed,PETROLEUM / IOCL,Manipur,08/2010,103.02,171.04,171.04,17,07/2016,08/2016,,100.00%,March 2016,September 2016,6
N16000174,"LPG MARKETING TERMINAL, PARADIP (INDIAN OIL CORPORATION LIMITED)",Completed,PETROLEUM / IOCL,Odisha,09/2012,158.91,158.91,158.91,,03/2015,,,100.00%,August 2014,October 2016,7
N16000058,Ongoing Resid project due to space constraints. PARADIP REFINERY PROJECT,Completed,PETROLEUM / IOCL,Odisha,02/2009,29777,34555,34555,31300.53,11/2012,02/2016,96/100,100.00%,April 2011,February 2016,59
N16000191,REVERSE OSMOSIS PLANT FOR ETP AT GUJARAT REFINERY (INDIAN OIL CORPORATION LIMITED),Completed,PETROLEUM / IOCL,Gujarat,12/2011,160,160,160,16,03/2014,07/2016,,100.00%,September 2014,September 2016,25
N16000183,ADDITIONAL DEVELOPMENT OF VASAI EAST FIELD (OIL & NATURAL GAS CORPORATION LIMITED),Completed,PETROLEUM / ONGC,Multi-State,03/2014,2476.82,2476.82,2476.82,982.92,12/2018,12/2018,8/8,100.00%,April 2014,June 2016,27
N18000056,NORTHERN REGION SYSTEM STRENGHTENING SCHEME-XIX (POWER GRID CORPORATION OF INDIA LIMITED),Completed,POWER / PGCIL,Multi-State,02/2009,410.29,410.29,410.29,388.37,02/2012,06/2016,10/10,100.00%,April 2011,June 2016,63
N18000095,NORTHERN REGION SYSTEM STRENGTHENING SCHEME-XXI (POWER GRID CORPORATION OF INDIA LIMITED),Completed,POWER / PGCIL,Multi-State,08/2010,1677.57,1677.57,1677.57,1481.22,04/2013,06/2016,10/11,100.00%,April 2011,June 2016,63
N18000083,NORTHERN REGION TRANSMISSION STRENGTHENING SCHEME (POWER GRID CORPORATION OF INDIA LIMITED),Completed,POWER / PGCIL,Multi-State,03/2010,965.58,965.58,965.58,790.44,11/2012,05/2016,10/10,100.00%,April 2011,June 2016,63
N18000104,TRANSMISSION SYSTEM FOR PHASE-1 GENERATION PROJECTS IN JHARKHAND AND WEST BENGAL-PART-A1 (POWER GRID CORPORATION OF INDIA LIMITED),Completed,POWER / PGCIL,Jharkhand,10/2011,558.26,558.26,558.26,615.91,11/2013,07/2016,11/12,100.00%,October 2011,June 2016,57
N24000158,BELGAUM-DHARWAD(NH-4) (NATIONAL HIGHWAYS AUTHORITY OF INDIA),Completed,ROAD TRANSPORT AND HIGHWAYS / NHAI,Karnataka,12/2010,480,480,480,438,06/2013,,2/2,100.00%,May 2011,March 2016,59
N24000152,DEVIHALLI-HASSAN (NATIONAL HIGHWAYS AUTHORITY OF INDIA),Completed,ROAD TRANSPORT AND HIGHWAYS / NHAI,Karnataka,12/2010,453,453,453,487.9,05/2013,,1/1,100.00%,May 2011,March 2016,59
N24000160,UGRADATION OF HYDERABAD-BANGALORE SECTION (NATIONAL HIGHWAYS AUTHORITY OF INDIA),Completed,ROAD TRANSPORT AND HIGHWAYS / NHAI,Karnataka,11/2010,680,680,680,,11/2012,,2/2,100.00%,May 2011,March 2016,59
N12000084,UPGRADATION OF BLAST FURNACE-1 AT RSP (STEEL AUTHORITY OF INDIA LIMITED (SAIL)),Completed,STEEL / SAIL,Odisha,06/2014,708.91,708.91,708.91,557.32,04/2016,12/2016,,100.00%,August 2014,November 2016,28
020100040,KUDANKULAM APP (NPCIL) (NUCLEAR POWER CORPORATION OF INDIA LIMITED),Completed,ATOMIC ENERGY / NPCIL,Tamil Nadu,12/2001,13171,17270,22462,22340,12/2008,03/2017,102/102,100.00%,April 2011,August 2017,77
N06000085,authentication ii) Delay in release of forest land. PURNADIH OCP (3.0 MTY),Completed,COAL / CCL,Jharkhand,07/2008,210.98,210.98,210.98,206.8,03/2013,03/2018,3/4,100.00%,April 2011,November 2017,80
N06000110,"WIND POWER PROJECT,KAZHUNEERKULAM,TAMILNADU (NEYVELI LIGNITE CORPORATION)",Completed,COAL / NLC,Tamil Nadu,04/2012,364.75,364.75,364.75,333.05,10/2014,07/2017,10/10,100.00%,June 2014,September 2017,40
N10000009,IMPLEMENTATION OF 50 MW WIND POWER PROJECT AT RAJASTHAN PPP (ANNUITY)(NATIONAL ALUMINUM COMPANY LIMITED (NALCO)),Completed,MINES / NALCO,Rajasthan,12/2015,344.5,344.5,344.5,344.5,11/2016,11/2016,1/1,100.00%,December 2015,October 2017,23
N10000008,"Implementation of 50.4 MW Wind Power Project at Jath, Sangli, Maharashtra Private(NATIONAL ALUMINUM COMPANY LIMITED (NALCO))",Completed,MINES / NALCO,Maharashtra,12/2015,355.13,355.13,355.13,355.13,11/2016,12/2016,1/1,100.00%,December 2015,October 2017,23
N16000106,ASSAM GAS CRACKER PROJECT G(BRAHMAPUTRA CRECKER & POLYMER LTD.),Completed,PETROCHEMICALS / BCPL,Assam,04/2006,5460.61,9965,9965,9895.57,04/2012,01/2016,26/26,100.00%,April 2011,March 2017,72
N16000146,MANGALORE HASSAN MYSORE SOLUR LPG PIPELINE (MHMSLPL) (HINDUSTAN PETROLEUM CORPORATION LIMITED),Completed,PETROLEUM / HPCL,Karnataka,02/2012,666,838.08,768.25,606.13,11/2015,10/2016,29/29,100.00%,November 2012,August 2017,58
N16000149,AUGMENTATION OF PARADIP HALDIA BARAUNI PIPELINE (INDIAN OIL CORPORATION LIMITED),Completed,PETROLEUM / IOCL,Multi-State,08/2011,586,586,586,440.2,07/2015,03/2017,11/11,100.00%,November 2012,August 2017,58
N16000180,INSTALLATION OF DEMONSTRATION UNIT OF INDA DEPT AT GUWAHATI REFINERY (INDIAN OIL CORPORATION LIMITED),Completed,PETROLEUM / IOCL,Assam,02/2014,163.88,163.88,163.88,82.45,07/2016,,6/6,100.00%,April 2014,September 2017,31
N16000186,RESITEMENT OF BILASPUR AND BISRAMPUR DEPOTS TO KORBA (CHATTISGARH),Completed,PETROLEUM / IOCL,Chhattisgarh,01/2011,141.86,222.81,222.81,174.37,09/2016,02/2017,12/12,100.00%,July 2014,August 2017,38
N16000089,villagers and delay in getting forest clearances DE-BOTTLENECKING OF SMPL,Completed,PETROLEUM / IOCL,Maharashtra,12/2009,1584,1584,1584,1355.45,08/2013,,12/12,100.00%,April 2011,August 2017,71
N18000203,WIND POWER PROJECT AT LAKHMANA IN JAISALMER (RAJASTHAN) 50MW (NATIONAL HYDRO-ELECTRIC POWER CORPORATION),Completed,POWER / NHPC,Rajasthan,02/2015,302.49,302,302.49,270.77,02/2016,,1/1,100.00%,November 2015,December 2017,26
N18000191,KBUNL-MUZAFFARPUR TPP STAGE-II- SUBSIDIARY (2X195 MW) (NATIONAL THERMAL POWER CORPORATION),Completed,POWER / NTPC,Bihar,03/2010,3984.03,3984.03,3984.03,3290.44,01/2013,,1/1,100.00%,April 2015,August 2017,29
N18000153,"August,2017 TRANSMISSION SYSTEM ASSOCIATED WITH MAUDA STAGE-II G(POWER GRID CORPORATION OF INDIA LIMITED)",Completed,POWER / PGCIL,Multi-State,09/2013,1575.3,1656.15,1656.15,1315.1,05/2016,07/2017,13/13,100.00%,August 2013,July 2017,48
N18000145,COMMON SYSTEM ASSOCIATED WITH EAST COAST ENERGY PVT. LTD. AND NCC POWER PROJECTS LTD. LTOA GENERATI G(POWER GRID CORPORATION OF INDIA LIMITED),Completed,POWER / PGCIL,Multi-State,06/2012,1909.24,1438.97,1438.97,1288.03,06/2015,01/2017,5/5,100.00%,May 2013,March 2017,47
N18000101,ESTABLISHMENT OF POOLING STATIONS AT CHAMPA AND RAIGARH FOR IPP GENERATION PROJECT IN CHHATTISGARH G(POWER GRID CORPORATION OF INDIA LIMITED),Completed,POWER / PGCIL,Chhattisgarh,05/2011,1961.87,2310.58,2310.58,1886.05,05/2014,12/2016,12/12,100.00%,October 2011,March 2017,66
N18000094,"July,2017 NORTHERN REGION SYSTEM STRENGHENING SCHEME XVI G(POWER GRID CORPORATION OF INDIA LIMITED)",Completed,POWER / PGCIL,Multi-State,07/2010,752.64,757.94,757.94,630.02,07/2013,06/2017,7/9,100.00%,April 2011,June 2017,75
N18000159,NORTHERN REGION SYSTEM STRENGHENING SCHEME - XXXII (POWER GRID CORPORATION OF INDIA LIMITED),Completed,POWER / PGCIL,Multi-State,02/2014,908.08,969.97,969.97,732.28,06/2016,12/2017,18/18,100.00%,January 2014,December 2017,48
N18000053,NORTHERN REGION SYSTEM STRENGHTENING SCHEME-XVIII G(POWER GRID CORPORATION OF INDIA LIMITED),Completed,POWER / PGCIL,Multi-State,02/2009,509.66,841.66,841.66,656.76,11/2011,01/2017,11/11,100.00%,April 2011,March 2017,72
N18000162,STATIC VAR COMPENSATORS (SVCS) IN NORTHERN REGION (POWER GRID CORPORATION OF INDIA LIMITED),Completed,POWER / PGCIL,Multi-State,05/2014,829.98,829.98,829.98,419.93,09/2016,12/2017,4/4,100.00%,April 2014,December 2017,45
N18000173,SUB-STATION WORKS ASSOCIATED WITH SYSTEM STRENGTHENING IN SOUTHERN REGION FOR IMPORT OF POWER FROM E G(POWER GRID CORPORATION OF INDIA LIMITED),Completed,POWER / PGCIL,Multi-State,11/2014,972.42,972.42,972.42,788.1,11/2017,03/2017,3/3,100.00%,October 2014,March 2017,24
N18000186,SUBSTATION WORKS ASSOCIATED WITH HYDERABAD (MAHESHWARAM) POOLING STATION (POWER GRID CORPORATION OF INDIA LIMITED),Completed,POWER / PGCIL,Andhra Pradesh,03/2015,550.06,550.06,550.06,469.73,04/2018,09/2017,3/3,100.00%,March 2015,October 2017,26
N18000081,SYSTEM STRENGTHENING IN NR FOR SASAN AND MUNDRA (UMPP) G(POWER GRID CORPORATION OF INDIA LIMITED),Completed,POWER / PGCIL,Multi-State,12/2009,1216.83,1428.87,1428.87,1093.19,08/2012,01/2017,5/5,100.00%,April 2011,March 2017,72
N18000117,SYSTEM STRENTHENING IN RAIPUR WARDHA CORRIDOR FOR IPP PROJECTS IN CHHATTISGARH G(POWER GRID CORPORATION OF INDIA LIMITED),Completed,POWER / PGCIL,Chhattisgarh,01/2012,1422.85,1875.13,1875.13,1734.52,01/2015,03/2017,11/11,100.00%,January 2012,March 2017,63
N18000170,TRANSMISSION SYSTEM FOR CONNECTIVITY FOR NCC POWER PROJECTS LTD. (POWER GRID CORPORATION OF INDIA LIMITED),Completed,POWER / PGCIL,Andhra Pradesh,08/2014,188.75,188.75,188.75,,02/2017,02/2017,2/2,100.00%,July 2014,August 2017,32
N18000114,TRANSMISSION SYSTEM FOR CONNECTIVITY OF ESSAR POWER GUJARAT LIMITED (POWER GRID CORPORATION OF INDIA LIMITED),Completed,POWER / PGCIL,Gujarat,12/2011,552.44,609.44,609.44,501.6,02/2014,03/2016,10/10,100.00%,December 2011,August 2017,69
N18000099,TRANSMISSION SYSTEM FOR TRANSFER OF POWER FROM GEN.PROJ IN SIKKIM TO NR/WR PART-B (POWER GRID CORPORATION OF INDIA LIMITED),Completed,POWER / PGCIL,Sikkim,03/2011,1585.12,1585.12,1585.12,1452.46,11/2013,03/2016,11/12,100.00%,April 2011,August 2017,77
N18000112,TRANSMISSION SYSTEM STRENGTHENING IN WESTERN PART OF WR FOR IPPS GENERATION PROJECTS IN CHATTISGARH (POWER GRID CORPORATION OF INDIA LIMITED),Completed,POWER / PGCIL,Chhattisgarh,11/2011,2127.51,2619.59,2619.56,2581.34,07/2014,09/2017,6/8,100.00%,February 2012,August 2017,67
N18000204,"PATAN WIND FARM SITE, GUJARAT 50 MW (THDC INDIA LIMITED)",Completed,POWER / THDCIL,Gujarat,10/2015,315,315,315,14.61,10/2016,10/2016,2/2,100.00%,December 2015,August 2017,19
N24000123,"PIMPALGAON-NASIK-GONDE, NH-3 (NHDP-PHASE-III) (NATIONAL HIGHWAYS AUTHORITY OF INDIA)",Completed,ROAD TRANSPORT AND HIGHWAYS / NHAI,Maharashtra,03/2005,940,940,940,1415.36,07/2012,05/2017,3/3,100.00%,April 2011,June 2017,75
N12000088,3RD CONVERTER AND 4TH CASTER (RASTRIYA ISPAT NIGAM LIMITED),Completed,STEEL / RINL,Andhra Pradesh,07/2011,974.76,974.76,974.76,614.93,07/2016,12/2017,1/1,100.00%,December 2014,November 2017,36
N12000089,BLAST FURNACE-2 CATEGORY-1 CAPITAL REPAIRS (RASTRIYA ISPAT NIGAM LIMITED),Completed,STEEL / RINL,Andhra Pradesh,07/2011,877.73,877.73,877.73,746.08,07/2015,10/2017,2/2,100.00%,December 2014,September 2017,34
N12000092,TURBO BLOWER - 5 (RASTRIYA ISPAT NIGAM LIMITED),Completed,STEEL / RINL,Andhra Pradesh,12/2009,280,280,280,155.29,09/2016,10/2017,1/1,100.00%,December 2014,September 2017,34
N12000083,REBUILDING OF COB-7 AT BSL (STEEL AUTHORITY OF INDIA LIMITED (SAIL)),Completed,STEEL / SAIL,Jharkhand,10/2013,245.67,245.67,245.67,196.21,05/2016,12/2017,3/3,100.00%,December 2013,December 2017,49
N28000074,CONSTRUCTION OF NISM CAMPUS AT PATALGANGA RASAYANI DISTT RAIGADH MAHARASTRA (CENTRAL PUBLIC WORKS DEPARTMENT),Completed,URBAN DEVELOPMENT / CPWD,Maharashtra,12/2012,315,315,315,302.82,06/2015,09/2017,8/8,100.00%,September 2014,September 2017,37
N28000008,BANGALORE METRO RAIL PROJECT (METROPOLITAN RAPID TRANSPORT PROJECTS),Completed,URBAN DEVELOPMENT / MRTP,Karnataka,05/2006,6395,13845.01,13845.01,14200.11,12/2011,04/2017,3/3,100.00%,April 2011,September 2017,78
N06000056,RAJMAHAL OC EXP. (EASTERN COAL FIELDS LIMITED),Completed,COAL / ECL,Jharkhand,09/2009,153.82,153.82,153.82,131.07,03/2011,,6/6,100.00%,April 2011,November 2018,92
N16000245,FUEL QUALITY UPGRADATION (DHDT/DHDS) PROJECT AT GUJARAT REFINERY (INDIAN OIL CORPORATION LIMITED),Completed,PETROLEUM / IOCL,Gujarat,02/2016,931,931,931,650.06,07/2017,02/2018,7/7,100.00%,November 2016,April 2018,18
N16000148,PARADIP HALDIA DURGAPUR LPG PIPELINE (INDIAN OIL CORPORATION LIMITED),Completed,PETROLEUM / IOCL,Multi-State,02/2011,913,1330,1330,1308.86,07/2015,10/2018,1/1,100.00%,November 2012,November 2018,73
N16000201,PETCOKE EVACUATION PROJECT AT PARADIP REFINERY (INDIAN OIL CORPORATION LIMITED),Completed,PETROLEUM / IOCL,Odisha,03/2014,238.5,238.5,238.5,203.09,03/2017,10/2017,6/6,100.00%,June 2015,April 2018,35
N16000172,INTEGRATED DEVELOPMENT OF VASHISTA AND S-1 FIELDS (OIL & NATURAL GAS CORPORATION LIMITED),Completed,PETROLEUM / ONGC,Multi-State,05/2013,4124.35,5725.5,5725.5,5130.4,04/2016,,3/3,100.00%,March 2014,June 2018,52
N16000188,MH NORTH REDEVELOPMENT PHASE III (OIL & NATURAL GAS CORPORATION LIMITED),Completed,PETROLEUM / ONGC,Maharashtra,06/2014,5706.47,5813.25,5813.25,5724.54,05/2017,05/2018,16/16,100.00%,July 2014,June 2018,45
N18000199,BOKARO THERMAL POWER STATION-A (DAMODAR VALLEY CORPORATION),Completed,POWER / DVC,Jharkhand,08/2006,2313,4139,4366.64,3484,12/2011,,14/14,100.00%,August 2015,June 2018,35
N18000045,PARE HYDRO ELECTRIC PROJECT (NORTH EAST ELECTRIC POWER CORPORATION),Completed,POWER / NEEPCO,Arunachal Pradesh,12/2008,573.99,1337.76,1337.76,1633.21,08/2013,04/2018,38/38,100.00%,April 2011,April 2018,85
N18000119,TUIRIAL HYDRO ELECTRIC PROJECT (60MW) (NORTH EAST ELECTRIC POWER CORPORATION),Completed,POWER / NEEPCO,Mizoram,07/1998,368.72,1329.43,1329.43,1341.24,01/2014,11/2017,13/13,100.00%,January 2012,January 2018,73
N18000031,in generation Project (anticipated by Nov 17. KISHANGANGA HEP (3X110 MW),Completed,POWER / NHPC,Jammu & Kashmir,07/2007,3642.04,3642.04,5882.01,5233.88,07/2014,03/2018,6/6,100.00%,April 2011,February 2018,83
N18000143,COMMON TR. SYS. ASSOCIATED WITH EAST COAST AND NCC POWER PROJECTS IN SRIKAKULAM AREA A.P. PART- C (POWER GRID CORPORATION OF INDIA LIMITED),Completed,POWER / PGCIL,Multi-State,03/2013,514.2,703.1,703.1,603.57,06/2015,8/2018,10/10,100.00%,March 2013,August 2018,66
N18000197,GREEN ENERGY CORRIDORS INTER-STATE TRANSMISSION SCHEME (ISTS) - PART A (POWER GRID CORPORATION OF INDIA LIMITED),Completed,POWER / PGCIL,Multi-State,04/2015,1479.3,1479.3,1479.3,872.8,05/2017,06/2018,8/8,100.00%,April 2015,May 2018,35
N18000179,INTER-REGIONAL SYSTEM STRENGTHENING SCHEME IN WR AND NR (PART-B) (POWER GRID CORPORATION OF INDIA LIMITED),Completed,POWER / PGCIL,Multi-State,12/2014,6517.36,6517.36,6517.36,3772.8,04/2018,04/2018,12/12,100.00%,December 2014,March 2018,34
N18000116,SYSTEM STRENGTHENING IN NORTH AND WEST PART OF WR FOR IPP PROJECTS IN CHATTISGARH (POWER GRID CORPORATION OF INDIA LIMITED),Completed,POWER / PGCIL,Chhattisgarh,12/2011,1746.65,2228.71,2228.71,1975.13,08/2014,12/2017,11/11,100.00%,December 2011,January 2018,74
N18000085,loc. under ROW affecting balance TE & stgg. Critical. SYSTEM STRENGTHENING XII OF SR,Completed,POWER / PGCIL,Multi-State,02/2010,232.34,232.34,341,246.94,06/2012,03/2018,1/4,100.00%,April 2011,February 2018,83
N25000067,CAPITAL DREDGING PHASE-III AT KAMARAJAR PORT LIMITED (KAMARAJAR PORT LIMITED),Completed,SHIPPING AND PORTS / KPL,Tamil Nadu,12/2014,274.85,334,321.94,321.94,04/2017,12/2017,1/1,100.00%,December 2015,March 2018,22
N25000065,Expenditure (Rs. crore) CONSTRUCTION OF COAL BERTH-3 AT KAMARAJAR PORT LIMITED PPP (ANNUITY)(KAMARAJAR PORT LIMITED),Completed,SHIPPING AND PORTS / KPL,Tamil Nadu,10/2013,198.94,247,255,255.02,06/2017,,1/1,100.00%,December 2015,March 2018,22
N12000093,ALTERNATE GAS NETWORK AT BSL (STEEL AUTHORITY OF INDIA LIMITED (SAIL)),Completed,STEEL / SAIL,Jharkhand,03/2015,255.19,255.19,255.19,177.21,03/2018,03/2018,2/2,100.00%,March 2015,March 2018,31
N12000057,EXPANSION OF BHILAI STEEL PLANT (STEEL AUTHORITY OF INDIA LIMITED (SAIL)),Completed,STEEL / SAIL,Chhattisgarh,08/2010,17265,17265,17265,19855.23,03/2013,06/2018,38/38,100.00%,April 2011,June 2018,87
N28000095,CONSTRUCTION OF 1003 NOS 900 NOS TYPE 2 AND 54 NOS TYPE3 AND 33 NOS TYPE 4 AND 16 NOS TYPE 5 FAMILY EPC(CENTRAL PUBLIC WORKS DEPARTMENT),Completed,URBAN DEVELOPMENT / CPWD,Madhya Pradesh,12/2016,164,164,164,117.49,01/2018,09/2018,11/11,100.00%,January 2017,September 2018,21
N06000084,NORTH URIMARI OCP (3.0 MTY) (CENTRAL COAL FIELDS LIMITED),Completed,COAL / CCL,Jharkhand,12/2007,179.87,179.87,179.87,163.23,03/2012,07/2019,5/6,100.00%,April 2011,June 2019,99
N06000091,"KHADIA EXPANSION OPENCAST PROJECT(4 TO 10 MTPA,6MTPA INCREMENTAL) (NORTHERN COAL FIELDS LIMITED)",Completed,COAL / NCL,Uttar Pradesh,06/2011,1131.28,1131.28,1131.28,721.41,03/2018,03/2019,10/10,100.00%,July 2011,March 2019,87
N06000033,"NIGAHI OC EXPANSION PROJECT 10 MTY TO 15 MTY, SINGRAULI (NORTHERN COAL FIELDS LIMITED)",Completed,COAL / NCL,Madhya Pradesh,10/2007,259.4,259.4,486.57,266.38,03/2012,,1/3,100.00%,April 2011,March 2019,96
N06000120,GOKUL (WESTERN COAL FIELDS LIMITED),Completed,COAL / WCL,Maharashtra,11/2014,267.67,267.67,267.67,208.78,03/2018,,7/7,100.00%,January 2015,July 2019,49
N06000119,MAKARDHOKRA I OC (WESTERN COAL FIELDS LIMITED),Completed,COAL / WCL,Maharashtra,09/2014,266.23,266.23,266.23,144.38,03/2021,03/2021,12/12,100.00%,January 2015,April 2019,46
N39000002,CONSTRUCTION WORKS PHASE 3B (GOA SHIPYARD LIMITED),Completed,DEFENCE PRODUCTION / GSL,Goa,12/2016,285.95,286,285.95,81.83,08/2020,08/2020,7/16,100.00%,December 2016,July 2019,30
N39000001,CONSTRUCTION WORKS PHASE 4 (GOA SHIPYARD LIMITED),Completed,DEFENCE PRODUCTION / GSL,Goa,12/2016,167.69,168,167.69,138.39,05/2018,03/2019,7/10,100.00%,December 2016,July 2019,30
N16000072,PHUPLUR-HALDIA PIPELINE PROJECT PHASE-I (GAS AUTHORITY OF INDIA LIMITED),Completed,PETROLEUM / GAIL,Multi-State,07/2009,3957,3561,3397,2707.26,03/2012,06/2019,39/39,100.00%,May 2011,June 2019,97
N16000155,URAN CHAKAN SHIKRAPUR LPG PIPELINE (HINDUSTAN PETROLEUM CORPORATION LIMITED),Completed,PETROLEUM / HPCL,Multi-State,12/2009,309.81,723.4,723.4,703.45,08/2014,08/2019,40/40,100.00%,April 2013,August 2019,77
N16000250,BRANCH PIPELINE OF PAJPL TO UNA (INDIAN OIL CORPORATION LIMITED),Completed,PETROLEUM / IOCL,Himachal Pradesh,02/2016,151,151,151,147.35,,,4/4,100.00%,January 2017,September 2019,33
N16000195,JAIPUR-PANIPAT NAPTHA PIPELINE ALONG WITH AUGMENTATION OF KOYALI-SANGANER PRODUCT PIPELINE (INDIAN OIL CORPORATION LIMITED),Completed,PETROLEUM / IOCL,Multi-State,02/2015,890,890,887,609.28,,12/2019,5/6,100.00%,February 2015,November 2019,58
N16000248,"October,2019 FUEL QUALITY UPGRADATION (DHDT/PRIME G) PROJECT AT BARAUNI REFINERY (INDIAN OIL CORPORATION LIMITED)",Completed,PETROLEUM / IOCL,Bihar,07/2015,822.66,822.66,822.66,822.02,11/2018,08/2019,8/8,100.00%,January 2017,September 2019,33
N16000088,PARADIP-RAIPUR- RANCHI PIPELINE (INDIAN OIL CORPORATION LIMITED),Completed,PETROLEUM / IOCL,Multi-State,08/2009,1793,1793,1793,1788.86,09/2012,,8/8,100.00%,April 2011,June 2019,95
N16000179,POLYPROPYLENE PLANT AT PARADIP REFINERY (INDIAN OIL CORPORATION LIMITED),Completed,PETROLEUM / IOCL,Odisha,03/2014,3150,3150,3150,2573.02,09/2017,,6/6,100.00%,April 2014,December 2019,69
N16000061,ASSAM RENEWAL PROJECT FOR GROUP A (OIL & NATURAL GAS CORPORATION LIMITED),Completed,PETROLEUM / ONGC,Assam,03/2009,2465.15,2378.89,2378.86,2157.16,03/2013,12/2019,15/15,100.00%,April 2011,December 2019,105
N16000084,CONSTRUCTION OF 12 OFFSHORE SUPPLY VESSELS(OSV) (OIL & NATURAL GAS CORPORATION LIMITED),Completed,PETROLEUM / ONGC,Multi-State,06/2007,736.65,736.65,571.47,543.05,09/2011,,3/3,100.00%,April 2011,April 2019,97
N16000127,CONSTRUCTION OF ONE ETP AND THREE ETPS CUM WATER INJECTION PLANTS(WIP) (OIL & NATURAL GAS CORPORATION LIMITED),Completed,PETROLEUM / ONGC,Assam,06/2010,202.94,345.92,345.92,159.98,01/2014,11/2019,7/7,100.00%,August 2011,December 2019,87
N16000293,DEVELOPMENT OF BSE-11 BLOCK,Completed,PETROLEUM / ONGC,Maharashtra,02/2017,511.3,511.3,511.3,546.76,11/2019,11/2019,5/5,100.00%,October 2017,December 2019,27
N16000290,NW B-173A DEVELOPMENT PLAN FOR EXPLOITATION OF MUKTA PAY,Completed,PETROLEUM / ONGC,Maharashtra,01/2017,474.15,474.15,474.15,346.77,05/2019,05/2019,5/5,100.00%,October 2017,April 2019,19
N16000294,"ONGC,MAHARASHTRA 4TH PHASE DEVELOPMENT OF NBP FIELD",Completed,PETROLEUM / ONGC,Maharashtra,02/2017,968.61,1033.95,1033.95,968.11,11/2019,11/2019,5/5,100.00%,October 2017,December 2019,27
N18000071,TRIPURA GAS BASED POWER PROJECT (NORTH EAST ELECTRIC POWER CORPORATION),Completed,POWER / NEEPCO,Tripura,07/2009,421.01,421.01,1078.31,963.23,01/2012,,26/26,100.00%,April 2011,March 2019,96
N18000041,BONGAIGAON THERMAL POWER PROJECT (NATIONAL THERMAL POWER CORPORATION),Completed,POWER / NTPC,Assam,01/2008,4375.35,8150,8150,7457.41,07/2011,03/2019,38/38,100.00%,April 2011,March 2019,96
N18000174,"FGUTPP, UNCHAHAR STAGE-IV (1X500 MW) (NATIONAL THERMAL POWER CORPORATION)",Completed,POWER / NTPC,Uttar Pradesh,07/2013,3363.12,3363.12,3363.12,2244,12/2016,,28/28,100.00%,December 2014,April 2019,53
N18000133,SOLAPUR STPP (NATIONAL THERMAL POWER CORPORATION),Completed,POWER / NTPC,Maharashtra,03/2012,9395.18,2998,9395.18,9363.22,11/2016,03/2019,39/39,100.00%,July 2012,April 2019,82
N18000131,construction lines and fourth line is being ROW problem. KUDGI STPP STAGE 1,Completed,POWER / NTPC,Karnataka,01/2012,15166.19,15166.19,16934.65,15364,12/2016,,48/48,100.00%,July 2012,April 2019,82
N18000115,Grid Corporation Of India Limited SYTEM STRENGTHENING OF SOUTHERN REGION - XIV,Completed,POWER / PGCIL,Multi-State,12/2011,297.33,534.02,534.02,441.88,08/2014,02/2019,8/10,100.00%,December 2011,February 2019,87
180100258,KUNADANKULAM APP TRANS SYSTEM (PGCIL) (POWER GRID CORPORATION OF INDIA LIMITED),Completed,POWER / PGCIL,Tamil Nadu,05/2005,1779.29,2187.32,2187.32,2292.62,11/2008,12/2019,20/22,100.00%,April 2011,December 2019,105
N18000235,Satluj Jal Vidyut Nigam Limited 110 WIND POWER PROJECT AT SADLA IN DISTT. SURENDRANAGAR (GUJARAT),Completed,POWER / SJVN,Gujarat,11/2016,330,330,332,331.46,11/2017,04/2019,4/4,100.00%,March 2017,June 2019,28
N18000189,DHUKWAN SMALL HYDRO PROJECT (THDC INDIA LIMITED),Completed,POWER / THDCIL,Uttar Pradesh,05/2011,195.42,294.6,294.6,322.23,02/2014,12/2019,8/8,100.00%,April 2015,December 2019,57
220100256,Expenditure (Rs. crore) KAPTANGANJ-THAWE-SIWAN-CHHAPRA GC (NER) (NORTH EASTERN RAILWAY),Completed,RAILWAYS / NER,Multi-State,04/1999,744.71,744.71,1126.79,751.05,,,1/1,100.00%,April 2011,May 2019,98
N24000262,REHABILITATION AND UP-GRADATION OF NH-221 (NEW NH-30) FROM KM 32.735 TO KM 71.200 (CHANDRAGUDEM TO A EPC(DEPT OF ROAD TRANSPORT & HIGHWAYS),Completed,ROAD TRANSPORT AND HIGHWAYS / DORTH,Andhra Pradesh,12/2014,201.12,201,201.12,,02/2015,,4/4,100.00%,August 2015,April 2019,45
N24000615,FUNDED )2 LANING FROM CHANGLANG DISTRICT BOUNDARY - KHONSA (42.844KM) SECTION OF NH-52B IN THE STATE (NATIONAL HIGHWAYS AND INFRASTRUCTURE DEVELOPMENT CORPORATION Ltd.),Completed,ROAD TRANSPORT AND HIGHWAYS / NHIDCL,Arunachal Pradesh,01/2016,334.22,334.22,334.22,,06/2016,,4/4,100.00%,September 2016,April 2019,32
N24000329,IMPROVEMENT/ WIDENING TO TWO LANING WITH PAVED SHOULDER OF UDAIPUR-SABROOM SECTION FROM KM 55.00 TO EPC(NATIONAL HIGHWAYS AND INFRASTRUCTURE DEVELOPMENT CORPORATION Ltd.),Completed,ROAD TRANSPORT AND HIGHWAYS / NHIDCL,Tripura,05/2014,497.89,497.89,497.89,70.47,04/2017,,4/4,100.00%,December 2015,April 2019,35
N24000421,LANING FROM PASIGHAT TO PANGIN SECTION OF NH-229 FROM KM 0 TO KM 28 EPC(NATIONAL HIGHWAYS AND INFRASTRUCTURE DEVELOPMENT CORPORATION Ltd.),Completed,ROAD TRANSPORT AND HIGHWAYS / NHIDCL,Arunachal Pradesh,03/2015,235.08,235.08,235.08,47.81,05/2018,,4/4,100.00%,December 2015,April 2019,35
N24000266,REHABILITATION AND UPGRADATION FROM KM.425 400 TO 509 400 NH-565 OF PENCHALAKONA TO YERPEDU CONTRAC (PUBLIC WORKS DEPT OF STATE),Completed,ROAD TRANSPORT AND HIGHWAYS / PWD,Andhra Pradesh,01/2014,361.3,361.3,207.4,44.08,07/2014,,1/1,100.00%,December 2015,April 2019,41
N24000299,REHABILITATION AND UPGRADATION OF EXISTING NH-167 FROM KM 70/000 TO KM 125-150 EPC(PUBLIC WORKS DEPT OF STATE),Completed,ROAD TRANSPORT AND HIGHWAYS / PWD,Andhra Pradesh,02/2015,224.83,224.83,224.83,,05/2015,,4/4,100.00%,December 2015,April 2019,41
N24000242,REHABILITATION AND UPGRADATION OF NH -365 FROM KM 154.00 TO 187.00 (MANGALWARPET TO MALLAPLLY SECTIO EPC(PUBLIC WORKS DEPT OF STATE),Completed,ROAD TRANSPORT AND HIGHWAYS / PWD,Telangana,12/2013,158.65,158.65,158.65,103.5,03/2016,,4/4,100.00%,August 2015,April 2019,45
N24000241,REHABILITATION AND UPGRADATION OF NH -365 FROM KM 72.600 TO 121.00 (THANAMCHERLA TO JAMANDLAPALLY S EPC(PUBLIC WORKS DEPT OF STATE),Completed,ROAD TRANSPORT AND HIGHWAYS / PWD,Telangana,12/2013,177.18,177.18,177.18,40.51,03/2016,,4/4,100.00%,August 2015,April 2019,45
N24000244,REHABILITATION AND UPGRADATION OF NH -765 FROM KM 23.00 TO 108.00 (HYDERABAD TO DINDI SECTION) TO T EPC(PUBLIC WORKS DEPT OF STATE),Completed,ROAD TRANSPORT AND HIGHWAYS / PWD,Telangana,01/2014,340,340,340,,03/2016,,2/2,100.00%,August 2015,April 2019,45
N24000246,REHABILITATION AND UPGRADATION OF NH-221 FROM KM 71/2 TO 121/0 (OF VIJAYAWADA-JAGDALPUR AP BORDER TO EPC(PUBLIC WORKS DEPT OF STATE),Completed,ROAD TRANSPORT AND HIGHWAYS / PWD,Telangana,10/2014,244.3,244.3,156.09,,12/2016,,4/4,100.00%,August 2015,April 2019,41
N24000272,REHABILITATION AND UPGRADATION OF NH-42 (OLD NO.205) FROM KM.134/0 TO 202/050 (MUDIGUBBA TO ANANTHAP EPC(PUBLIC WORKS DEPT OF STATE),Completed,ROAD TRANSPORT AND HIGHWAYS / PWD,Andhra Pradesh,02/2015,266,266,266,,,,4/4,100.00%,December 2015,April 2019,41
N24000303,REHABILITATION AND UPGRADATION OF NH-565 FROM KM.198/694 TO 294/0 (MARKAPURAM TO VAGGAMPALLE SECTION EPC(PUBLIC WORKS DEPT OF STATE),Completed,ROAD TRANSPORT AND HIGHWAYS / PWD,Andhra Pradesh,02/2014,417.61,417.61,417.61,,06/2014,,2/2,100.00%,December 2015,April 2019,41
N24000243,YAN TO NIRMAL SEREHABILITATION AND UPGRADATION OF NH -222 FROM KM 615.00 TO 668.60 (KALCTION) TO TW EPC(PUBLIC WORKS DEPT OF STATE),Completed,ROAD TRANSPORT AND HIGHWAYS / PWD,Telangana,12/2013,244.08,244.08,244.08,38.32,03/2016,,4/4,100.00%,August 2015,April 2019,45
N25000066,Kamarajar Port Limited CONSTRUCTION OF COAL BERTH-4 AT KAMARAJAR PORT LIMITED,Completed,SHIPPING AND PORTS / KPL,Tamil Nadu,02/2015,244.5,258,275.98,275.58,12/2017,,1/1,100.00%,December 2015,July 2019,38
N12000120,ADDITIONAL WATER STORAGE RESERVOIR(KBR-II) (RASTRIYA ISPAT NIGAM LIMITED),Completed,STEEL / RINL,Andhra Pradesh,07/2015,465.85,465.85,465.85,390.25,07/2018,07/2019,4/4,100.00%,April 2017,June 2019,27
N06000086,i) Delay in handing over of forest land. TAPIN OCP (2.5 MTY),Completed,COAL / CCL,Jharkhand,08/2008,264.68,264.68,264.68,181.17,03/2012,03/2021,6/6,100.00%,April 2011,February 2020,107
060100092,Expenditure (Rs. crore) KULDA OCP (MAHANADI COALFIELDS LTD) (MAHANADI COAL FIELDS LIMITED),Completed,COAL / MCL,Odisha,01/2005,302.96,302.96,302.96,281.8,03/2010,03/2020,10/10,100.00%,April 2011,June 2020,110
N06000080,MANUGURU OC-II EXTENSION PHASE-II (SINGARENI COLLIERS COMPANY LIMITTED),Completed,COAL / SCCL,Telangana,03/2010,181.19,181.19,181.19,170.6,03/2012,,6/6,100.00%,April 2011,July 2020,112
N06000100,RG OC -III EXTENSION (PHASE -II) PROJECT (SINGARENI COLLIERS COMPANY LIMITTED),Completed,COAL / SCCL,Telangana,06/2012,365.01,365.01,365.01,182.49,06/2015,03/2020,36/36,100.00%,May 2013,May 2020,85
N06000079,RKP OCP PHASE-I (SINGARENI COLLIERS COMPANY LIMITTED),Completed,COAL / SCCL,Telangana,03/2010,209.78,209.78,209.78,137.38,03/2015,03/2020,31/31,100.00%,April 2011,April 2020,109
N06000066,PENGANGA OCP(REVISED) (WESTERN COAL FIELDS LIMITED),Completed,COAL / WCL,Maharashtra,09/2014,441.82,441.82,441.82,259.82,03/2014,03/2020,8/11,100.00%,April 2011,September 2020,108
N16000184,Expenditure (Rs. crore) RESID UPGRADATION PROJECT (CHENNAI PETROLEUM CORPORATION LIMITED),Completed,PETROLEUM / CPCL,Tamil Nadu,03/2013,3110.36,3110.36,3110.36,2915,11/2015,,52/52,100.00%,May 2014,July 2020,75
N16000238,MDPL CAPACITY EXPANSION AND PALANPUR VADODARA PIPELINE EXTENSION (HINDUSTAN PETROLEUM CORPORATION LIMITED),Completed,PETROLEUM / HPCL,Multi-State,09/2016,1879,1879,1689,1694.25,03/2020,10/2020,24/24,100.00%,October 2016,December 2020,47
N16000366,REDEVELOPMENT/ EXPANSION OF MEERUT DEPOT FOR ENHANCING PRODUCT HANDLING CAPACITY (HINDUSTAN PETROLEUM CORPORATION LIMITED),Completed,PETROLEUM / HPCL,Uttar Pradesh,08/2016,154.84,154.84,154.84,128.71,11/2019,,40/40,100.00%,June 2019,March 2020,10
N16000252,BRANCH PIPELINE FROM PATNA TO MOTIHARI BAITALPUR ON BKPL (INDIAN OIL CORPORATION LIMITED),Completed,PETROLEUM / IOCL,Bihar,05/2016,664,664,729.4,664.73,,02/2020,4/5,100.00%,January 2017,January 2020,37
N16000322,BS-VI PROJECT (PHASE-I) AT HALDIA REFINERY (INDIAN OIL CORPORATION LIMITED),Completed,PETROLEUM / IOCL,West Bengal,05/2018,2934.4,2934.4,2934.4,1957.94,09/2019,02/2020,11/11,100.00%,May 2018,March 2020,23
N16000320,BS-VI PROJECT AT BONGAIGAON REFINERY (INDIAN OIL CORPORATION LIMITED),Completed,PETROLEUM / IOCL,Assam,05/2018,1222,1222,1222,764.17,09/2019,02/2020,7/7,100.00%,May 2018,March 2020,23
N16000310,BS-VI PROJECT AT GUJARAT REFINERY (INDIAN OIL CORPORATION LIMITED),Completed,PETROLEUM / IOCL,Gujarat,03/2018,3380,3380,3380,2381,09/2019,02/2020,9/9,100.00%,March 2018,March 2020,25
N16000306,BS-VI PROJECT AT MATHURA REFINERY (INDIAN OIL CORPORATION LIMITED),Completed,PETROLEUM / IOCL,Uttar Pradesh,01/2018,666.64,666.64,666.64,493.9,09/2019,,6/6,100.00%,February 2018,June 2020,29
N16000325,BS-VI PROJECT AT PANIPAT REFINERY (INDIAN OIL CORPORATION LIMITED),Completed,PETROLEUM / IOCL,Haryana,12/2017,3529,3529,3529,2095.75,09/2019,02/2020,9/9,100.00%,May 2018,March 2020,23
N16000309,CAPTIVE DHAMRA-HALDIA REFINERY NATURAL GAS PIPELINE WITH SPURLINE TO PARADIP REFINERY (INDIAN OIL CORPORATION LIMITED),Completed,PETROLEUM / IOCL,Gujarat,08/2017,1342,1342,1342,6.3,08/2020,,1/1,100.00%,March 2018,December 2020,33
N16000243,INDMAX PROJECT AT BONGAIGAON REFINERY (INDIAN OIL CORPORATION LIMITED),Completed,PETROLEUM / IOCL,Assam,02/2016,2582,2582,2582,1718.52,11/2019,02/2020,17/17,100.00%,November 2016,March 2020,41
N16000284,INFRASTRUCTURE DEVLOPMENT TO FACILITATE GRID POWER IMPORT AT 220KV AT GUJARAT REFINERY,Completed,PETROLEUM / IOCL,Gujarat,09/2016,208.35,208.35,208.35,208.35,07/2020,8/2020,10/10,100.00%,September 2017,November 2020,39
N16000277,INSTALLATION OF ADDITIONAL CRUDE TANKS (7 NOS) AT PARADIP REFINERY (INDIAN OIL CORPORATION LIMITED),Completed,PETROLEUM / IOCL,Odisha,05/2016,429,429,429,429,01/2019,9/2020,6/6,100.00%,August 2017,November 2020,40
N16000354,TMTPA LPG BOTTLING PLANT AT GORAKHPUR UP (INDIAN OIL CORPORATION LIMITED),Completed,PETROLEUM / IOCL,Uttar Pradesh,03/2014,204,204,204,152.42,09/2019,,6/6,100.00%,April 2019,July 2020,16
N16000255,CAPACITY ENHANCEMENT/ REVAMP OF NHT-2/PLATFORMER-2/CCR- 2/PSA-2/RSU (MANGALORE REFINERY AND PETROCHEMICALS LIMITED),Completed,PETROLEUM / MANGALORE REFIN,Karnataka,05/2015,224,207,185,164.61,04/2019,,8/8,100.00%,January 2017,July 2020,42
N16000256,RAILWAY SIDING PROJECT FOR EVACUATION OF PETCOKE (MANGALORE REFINERY AND PETROCHEMICALS LIMITED),Completed,PETROLEUM / MANGALORE REFIN,Karnataka,10/2015,135,171,170.7,156.65,03/2019,,11/11,100.00%,January 2017,July 2020,42
N16000292,DEVELOPMENT OF B-147 FIELD,Completed,PETROLEUM / ONGC,Maharashtra,02/2017,546.15,565.15,565.15,521.61,11/2019,03/2020,5/5,100.00%,October 2017,March 2020,30
N16000212,"ENHANCED RECOVERY FROM BASSEIN FIELD THROUGH INTEGRATED DEVELOPMENT OF MUKTA, BASSEIN AND PANNA FORM",Completed,PETROLEUM / ONGC,Maharashtra,01/2015,4619.94,4619.94,4619.94,4674.78,12/2017,03/2020,5/5,100.00%,February 2016,March 2020,50
N16000131,INTEGRATED DEVELOPMENT OF B-127 FIELDS (OIL & NATURAL GAS CORPORATION LIMITED),Completed,PETROLEUM / ONGC,Maharashtra,12/2011,2059.63,2665.65,2665.65,2011.8,03/2015,03/2020,18/18,100.00%,April 2012,March 2020,96
N16000198,"MUKTA, BASSEIN AND PANNA - [N16000212],ONGC,MAHARASHTRA DAMAN DEVELOPMENT PROJECT",Completed,PETROLEUM / ONGC,Maharashtra,08/2014,6086.08,5842.31,5842.31,4784.88,05/2019,03/2020,14/14,100.00%,May 2015,February 2020,58
N16000197,MUMBAI HIGH SOUTH (MHS) REDEVELOPMENT PHASE-III (OIL & NATURAL GAS CORPORATION LIMITED),Completed,PETROLEUM / ONGC,Maharashtra,11/2014,6068.8,6068.8,5296.93,4956.86,04/2019,03/2020,9/9,100.00%,May 2015,March 2020,59
N16000204,NEELAM REDEVELOPMENT PLAN FOR EXPLOITATION OF BASSEIN AND MUKTA PAY (OIL & NATURAL GAS CORPORATION LIMITED),Completed,PETROLEUM / ONGC,Maharashtra,08/2015,2818.88,968.61,2818.88,2907.03,03/2019,04/2020,5/5,100.00%,August 2015,June 2020,59
N16000335,PIPELINE REPLACEMENT PROJECT-V (OFFSHORE) (OIL & NATURAL GAS CORPORATION LIMITED),Completed,PETROLEUM / ONGC,Maharashtra,04/2018,766.37,766.37,766.37,539.43,12/2019,04/2020,5/5,100.00%,July 2018,June 2020,24
N24000951,NETRA VILLAGE TO MANDORE SECTION OF NH-65 KM 267+500 TO 296+070 (4L) UNDER EPC. (MINISTRY OF ROAD TRANSPORT AND HIGHWAYS (STATE PWDs)),Completed,ROAD TRANSPORT AND HIGHWAYS / MoRTH,Rajasthan,10/2014,382.81,382.81,382.81,338.39,01/2015,,4/4,100.00%,May 2019,June 2020,14
N24000920,WIDENING FROM TWO LANE TO FOUR LANE WITH PAVED SHOULDER AND STRENGTHNING OF EXISTING PAVEMENT BETWEE (MINISTRY OF ROAD TRANSPORT AND HIGHWAYS (STATE PWDs)),Completed,ROAD TRANSPORT AND HIGHWAYS / MoRTH,Gujarat,03/2016,223.67,223.67,223.67,112.81,02/2017,,4/4,100.00%,May 2019,December 2020,20
N24000977,BORDUMSA NAMCHIK (BURIDEHING - JAIRAMPUR) ROAD ON NH-52B (NEW NH-215) FROM KM. 0.15 (STARTING CHAIN (NATIONAL HIGHWAYS AND INFRASTRUCTURE DEVELOPMENT CORPORATION Ltd.),Completed,ROAD TRANSPORT AND HIGHWAYS / NHIDCL,Arunachal Pradesh,07/2015,189.91,189.91,189.91,160.05,,,4/4,100.00%,May 2019,December 2020,20
N24000324,LANING FROM PASIGHAT TO PANGIN SECTION OF NH-229 FROM KM 41.3 TO KM 58.42 (EXISTING KM 42 TO KM 59 EPC(NATIONAL HIGHWAYS AND INFRASTRUCTURE DEVELOPMENT CORPORATION Ltd.),Completed,ROAD TRANSPORT AND HIGHWAYS / NHIDCL,Arunachal Pradesh,03/2015,194.11,194.11,194.11,196.23,05/2018,,4/4,100.00%,December 2015,December 2020,56
N24000325,LANING OF SINGER RIVER TO SIZOH NALA IN ARUNACHAL PRADESH ON EPC BASIS EPC(NATIONAL HIGHWAYS AND INFRASTRUCTURE DEVELOPMENT CORPORATION Ltd.),Completed,ROAD TRANSPORT AND HIGHWAYS / NHIDCL,Arunachal Pradesh,10/2015,179.82,179.82,179.82,199.53,01/2019,,4/4,100.00%,December 2015,December 2020,55
N24000614,National Highways And Infrastructure Development Corporation Ltd. 2-LANING WITH PAVED SHOULDER OF NH-52 FROM KM 583.450.TO KM 605.600(EXISTING CHAINAGE FROMKM.583.450,Completed,ROAD TRANSPORT AND HIGHWAYS / NHIDCL,Arunachal Pradesh,01/2016,183.65,183.65,183.65,187.33,11/2016,,4/4,100.00%,September 2016,December 2020,52
N12000094,INSTALLATION OF NEW HOT STRIP MILL AT RSP (STEEL AUTHORITY OF INDIA LIMITED (SAIL)),Completed,STEEL / SAIL,Odisha,04/2015,3127.3,3127.3,3127.3,3201.42,04/2018,01/2020,3/3,100.00%,April 2015,March 2020,54
N28000108,CONSTRACTION OF NIT AP PHASE 1A AT TADEPALLIGUIDEM AP (CENTRAL PUBLIC WORKS DEPARTMENT),Completed,URBAN DEVELOPMENT / CPWD,Andhra Pradesh,01/2018,206.58,206.58,206.58,185.84,03/2019,,7/7,100.00%,February 2018,June 2020,29
N28000062,CONSTRUCTION OF PERMANENT CAMPUS OF IISER KOLKATA AT HARINGHANTA KALYANI NADIA,Completed,URBAN DEVELOPMENT / CPWD,West Bengal,02/2014,156.57,156.57,156.57,159.35,09/2015,,16/16,100.00%,September 2014,June 2020,70
N28000088,"HUMAN RESOURCE DEVELOPMENT CONSTRUCTION OF DIFFERENT BUILDINGS UNDER PHASE-I FOR IIT ROPAR AT ROPAR, PUNJAB (CENTRAL PUBLIC WORKS DEPARTMENT)",Completed,URBAN DEVELOPMENT / CPWD,Punjab,02/2014,388,500.18,490,445.66,01/2015,08/2020,12/12,100.00%,October 2015,August 2020,57
N28000073,UPGRADATION OF NATIONAL FIRE SERVICES COLLEGE AT NAGPUR MAHARASTRA (CENTRAL PUBLIC WORKS DEPARTMENT),Completed,URBAN DEVELOPMENT / CPWD,Maharashtra,06/2010,205,166.97,205,166.12,03/2012,12/2019,20/20,100.00%,September 2014,January 2020,55
N16000312,CONSTRUCTION OF A NEW POL DEPOT AT VILLAGE DATA IN HISAR DISTRICT IN HARYANA (HINDUSTAN PETROLEUM CORPORATION LIMITED),Completed,PETROLEUM / HPCL,Haryana,11/2017,255,300,300,275.68,11/2020,06/2021,46/46,100.00%,March 2018,July 2021,41
N16000281,MUMBAI REFINERY EXPANSION PROJECT (HINDUSTAN PETROLEUM CORPORATION LIMITED),Completed,PETROLEUM / HPCL,Maharashtra,09/2015,4199,5060,5060,4808.22,03/2020,,135/135,100.00%,August 2017,July 2021,48
N16000339,BS VI PROJECT AT GUWAHATI REFINERY,Completed,PETROLEUM / IOCL,Assam,08/2018,557,557,557,559.57,2/2022,11/2021,5/5,100.00%,August 2018,December 2021,41
N16000348,"FUEL QUALITY UPGRADATION (NSU,NHT CCR NEW UNIT) PROJECT AT BARAUNI REFINERY",Completed,PETROLEUM / IOCL,Bihar,06/2017,951.64,951.64,951.64,708.43,10/2019,11/2020,11/11,100.00%,February 2019,February 2021,25
N16000297,DEVELOPMENT OF R-SERIES FIELDS INCLUDING REVIVAL OF R 12 (RATNA) (OIL & NATURAL GAS CORPORATION LIMITED),Completed,PETROLEUM / ONGC,Maharashtra,02/2017,4006.83,4475.92,3596,3526.55,05/2021,05/2021,15/15,100.00%,December 2017,December 2021,49
180100239,KAMENG HYDROELECTRIC PROJECT (NEEPCO) (NORTH EAST ELECTRIC POWER CORPORATION),Completed,POWER / NEEPCO,Arunachal Pradesh,12/2004,2496.9,7927.34,7927.34,8225.88,12/2009,2/2021,30/30,100.00%,April 2011,May 2021,122
N18000176,DARLIPALLI STPP STAGE-I (2X800 MW) (NATIONAL THERMAL POWER CORPORATION),Completed,POWER / NTPC,Odisha,02/2014,12532.44,13140.91,13140.91,12084.99,08/2018,07/2021,42/42,100.00%,December 2014,July 2021,74
N18000205,KHARGONE STPP STAGE I (1320 MW) (NATIONAL THERMAL POWER CORPORATION),Completed,POWER / NTPC,Madhya Pradesh,03/2015,9870.51,9870.51,11148.86,10019.31,09/2019,,41/41,100.00%,January 2016,July 2021,61
N18000140,LARA SUPER THERMAL POWER PROJECT STAGE-I (2 X 800 MW) (NATIONAL THERMAL POWER CORPORATION),Completed,POWER / NTPC,Chhattisgarh,12/2012,11846,11846,12739.82,13766.78,05/2017,,41/41,100.00%,January 2013,July 2021,103
N18000132,MOUDA STPP STAGE 2 (NATIONAL THERMAL POWER CORPORATION),Completed,POWER / NTPC,Maharashtra,03/2012,7921.47,7921.47,7921.47,5302,09/2016,,41/41,100.00%,July 2012,July 2021,109
N18000193,MUNPL-MEJA TPP - JV (2X660 MW) Joint Venture(NATIONAL THERMAL POWER CORPORATION),Completed,POWER / NTPC,Uttar Pradesh,04/2012,9750.89,9750.89,12176.28,11130,12/2016,,40/40,100.00%,April 2015,July 2021,76
N18000175,TANDA TPP STAGE-II (2X660 MW) (NATIONAL THERMAL POWER CORPORATION),Completed,POWER / NTPC,Uttar Pradesh,09/2014,9188.98,9188.98,9842.02,7391.78,03/2019,,42/42,100.00%,December 2014,July 2021,74
N18000155,Expenditure (Rs. crore) EASTERN REGION STRENGTHENING SCHEME-V (POWER GRID CORPORATION OF INDIA LIMITED),Completed,POWER / PGCIL,Multi-State,10/2013,1364.52,1364.52,1891.41,1290.03,05/2016,,12/12,100.00%,October 2013,August 2021,95
N18000061,Grid Corporation Of India Limited 107 TR. SYSTEM ASSOCIATED WITH MUNDRA ULTRA MEGA POWER PROJECT,Completed,POWER / PGCIL,Multi-State,10/2008,4824.12,4824.12,5071.94,4612.66,10/2012,,8/11,100.00%,April 2011,August 2021,125
N18000109,SYTEM STRENGTHENING XIII OF SR GRID (POWER GRID CORPORATION OF INDIA LIMITED),Completed,POWER / PGCIL,Multi-State,10/2011,487.49,487.49,639.46,590.3,06/2014,,10/12,100.00%,October 2011,August 2021,119
N18000181,TRANSMISSION SYSTEM ASSOICATED WITH TEHRI PUMP STORAGE PLANT (PSP) (POWER GRID CORPORATION OF INDIA LIMITED),Completed,POWER / PGCIL,Multi-State,01/2015,871.62,871.62,902.49,628.13,10/2017,,5/5,100.00%,January 2015,August 2021,74
N18000168,TRANSMISSION SYSTEM STRENGTHENING IN WR-NR TRANSMISSION CORRIDOR FOR IPPS IN CHHATTISGARH (POWER GRID CORPORATION OF INDIA LIMITED),Completed,POWER / PGCIL,Chhattisgarh,06/2014,5151.37,5151.37,5151.37,3269.93,,,9/12,100.00%,May 2014,August 2021,82
N22000091,be started due to non - availability of land. BARDHAMAN-KATWA (GC),Completed,RAILWAYS / ER,West Bengal,04/2007,1106.62,1106.62,1091.59,1001.66,12/2010,03/2025,7/7,100.00%,April 2011,August 2021,125
N24000938,REHABILITATION AND UPGRADATION OF NEW NH-544DD (OLD SH-30) FROM DESIGN CHAINAGE KM 0.000 TO 56.000 ( (MINISTRY OF ROAD TRANSPORT AND HIGHWAYS (STATE PWDs)),Completed,ROAD TRANSPORT AND HIGHWAYS / MoRTH,Andhra Pradesh,03/2018,297.12,294,294.12,373.98,07/2018,,4/4,100.00%,May 2019,July 2021,27
N24000930,REHABILITATION AND UPGRADATION OF NH67 FROM KM 424.650 TO 487.693 OF GOOTY-TADIPATRI SECTION TO TWO (MINISTRY OF ROAD TRANSPORT AND HIGHWAYS (STATE PWDs)),Completed,ROAD TRANSPORT AND HIGHWAYS / MoRTH,Andhra Pradesh,11/2016,378.24,378.24,378.24,315.42,01/2018,,4/4,100.00%,May 2019,April 2021,24
N24000621,SIX LANNING OF KISHANGARH UDAIPUR AHMEDABAD SECTION FROM KM.90.000 (NEAR GULABPURA) TO KM. 214.870 ( (NATIONAL HIGHWAYS AUTHORITY OF INDIA),Completed,ROAD TRANSPORT AND HIGHWAYS / NHAI,Rajasthan,09/2016,1239.82,1239.82,1727.66,1691,,,4/4,100.00%,September 2016,August 2021,60
N24000518,TWO LANING WITH PS OF BIHARAHARIF -BARBIGHA - MOKAMA (NATIONAL HIGHWAYS AUTHORITY OF INDIA),Completed,ROAD TRANSPORT AND HIGHWAYS / NHAI,Bihar,08/2015,399.54,399.54,297.27,259.67,,,4/4,100.00%,December 2015,August 2021,69
N24000978,LANING FROM KM. 40.00 TO KM. 58.27 OF CHANGLANG/ TIRAP DISTRICT BOUNDARY TO CHANGLANG OF NH-52B IN (NATIONAL HIGHWAYS AND INFRASTRUCTURE DEVELOPMENT CORPORATION Ltd.),Completed,ROAD TRANSPORT AND HIGHWAYS / NHIDCL,Arunachal Pradesh,03/2015,172.75,172.75,172.75,134.38,,,4/4,100.00%,May 2019,August 2021,28
N12000119,CENTRAL DISPATCH YARD (RASTRIYA ISPAT NIGAM LIMITED),Completed,STEEL / RINL,Andhra Pradesh,08/2015,320.66,336,336,279.57,08/2018,11/2020,4/4,100.00%,April 2017,January 2021,46
N12000117,COKE OVEN BATTERY-5 (RASTRIYA ISPAT NIGAM LIMITED),Completed,STEEL / RINL,Andhra Pradesh,12/2011,2858,2858,2858,2018.72,12/2017,09/2022,5/6,100.00%,July 2016,November 2021,65
N12000116,FORGED WHEEL PLANT (RASTRIYA ISPAT NIGAM LIMITED),Completed,STEEL / RINL,Uttar Pradesh,04/2014,1682.85,1682.85,2100,1767.98,09/2018,09/2021,5/5,100.00%,July 2016,December 2021,66
N12000096,MODERNISATION OF STEEL MELTING SHOP NO.1 AT BOKARO STEEL PLANT (STEEL AUTHORITY OF INDIA LIMITED (SAIL)),Completed,STEEL / SAIL,Jharkhand,05/2015,1154.18,1154.18,1154.18,1027.04,12/2017,01/2021,2/2,100.00%,May 2015,January 2021,65
N12000121,REPLACEMENT OF CONVERTER SHELLS TOGETHER WITH BOTTOM STIRRING SYSTEM AND INSTALLATION OF SECONDARY E (STEEL AUTHORITY OF INDIA LIMITED (SAIL)),Completed,STEEL / SAIL,West Bengal,12/2018,263.36,263.36,263.36,253.46,09/2020,08/2021,4/4,100.00%,February 2019,August 2021,31
N28000143,C/O STEEL STRUCTURE BUILDINGS USING PRE-ENGINEERED TECHNOLOGY AT AFRICA AVENUE AND KG MARG (CENTRAL PUBLIC WORKS DEPARTMENT),Completed,URBAN DEVELOPMENT / CPWD,Delhi,02/2020,532,532,532,541,11/2020,09/2021,5/5,100.00%,July 2020,September 2021,15
N04000084,CONSTRUCTION OF NEW INTEGRATED TERMINAL BUILDING AND ASSOCIATED WORKS AT AGARTALA AIRPORT (AIRPORT AUTHORITY OF INDIA LIMITED),Completed,CIVIL AVIATION / AAI,Tripura,09/2015,438.28,255.68,402,405.76,06/2019,12/2021,1/1,100.00%,July 2019,October 2022,37
N06000182,NORTH URIMARI EXPANSION OCP (CENTRAL COAL FIELDS LIMITED),Completed,COAL / CCL,Jharkhand,03/2019,1553.06,1553.06,778.8,416.42,03/2023,03/2023,2/2,100.00%,August 2019,January 2022,30
N06000103,RECAST EPR AMRAPALI OC (CENTRAL COAL FIELDS LIMITED),Completed,COAL / CCL,Jharkhand,02/2012,4983.58,4983.58,4983.58,370.76,03/2020,03/2028,8/8,100.00%,June 2013,January 2022,98
N06000015,environment clearance ii) Delay in land acquisition. MAGADH OC 20 MTY (CCL),Completed,COAL / CCL,Jharkhand,08/2008,6964.33,7254.37,7254.37,814.23,07/2012,03/2028,7/7,100.00%,April 2011,January 2022,128
N06000020,EXPANSION PR OF JHANJRA UG(5.00 MTY) OLD (3.50) MTY (EASTERN COAL FIELDS LIMITED),Completed,COAL / ECL,West Bengal,11/2015,1210.12,602.86,1210.12,91.96,03/2011,03/2029,9/13,100.00%,April 2011,January 2022,124
N06000067,ANANTA OC EXPANSION PH-III (15.0 MTY) (MAHANADI COAL FIELDS LIMITED),Completed,COAL / MCL,Odisha,08/2008,207.28,207.28,207.28,271.27,03/2012,03/2022,5/7,100.00%,April 2011,January 2022,126
N06000034,BHUBANESWARI EXPENSION OCP(40.0 MTY) (MAHANADI COAL FIELDS LIMITED),Completed,COAL / MCL,Odisha,12/2007,3145.45,3145.45,3145.45,678.24,03/2017,03/2031,12/12,100.00%,April 2011,January 2022,128
N06000044,EXPANSION PR OF BALRAM EXPANSION OCP(15 MTY) OLD (8 MTY) (MAHANADI COAL FIELDS LIMITED),Completed,COAL / MCL,Odisha,12/2007,3504.21,3504.21,3504.21,592.9,03/2009,03/2029,3/5,100.00%,April 2011,January 2022,128
N06000078,RAMAGUNDAM OC-II EXTENSION (SINGARENI COLLIERS COMPANY LIMITTED),Completed,COAL / SCCL,Telangana,12/2009,418.97,418.97,489.62,416.07,03/2012,03/2023,1/2,100.00%,April 2011,January 2022,130
N06000049,BATURA OCP (2.0 MTY) (SOUTH-EASTERN COAL FIELDS LIMITED),Completed,COAL / SECL,Madhya Pradesh,09/2008,1186.64,203.82,1186.64,258.71,03/2015,03/2026,6/11,100.00%,April 2011,January 2022,103
N06000075,Delay in Environment and forestry Clearance. JAGANNATHPOR OCP(3.00MTY),Completed,COAL / SECL,Chhattisgarh,09/2008,152.43,459.49,459.49,201.61,03/2015,03/2022,9/11,100.00%,April 2011,January 2022,130
N08000018,GAS TURBINE GENERATOR AND HEAT RECOVERY STEAM GENERATOR PROJECT AT RCF TROMBAY (RASHTRIYA CHEMICAL & FERTILISER LIMITED),Completed,FERTILISERS / RCF,Maharashtra,04/2018,426.72,426.72,426.72,365.67,04/2020,07/2022,,100.00%,March 2018,June 2022,52
N20000001,Natrip Implementation Socity NATIONAL AUTOMOTIVE TESTING AND RD INFRASTRUCTURE PROJECT (NATRIP),Completed,HEAVY INDUSTRY / NATIS,Multi-State,04/2011,1718,3727.3,1718,,09/2011,,,100.00%,April 2015,July 2022,63
N16000288,CITY GAS DISTRIBUTION (CGD) NETWORK VARANASI,Completed,PETROLEUM / GAIL,Uttar Pradesh,04/2017,287.49,345.15,345.15,265.22,04/2022,02/2022,53/53,100.00%,October 2017,March 2022,54
N16000384,BARMER PALANPUR PIPELINE LIMITED),Completed,PETROLEUM / HPCL,Multi-State,11/2019,776,776,764,598.17,11/2022,11/2022,20/20,100.00%,April 2020,November 2022,30
N16000296,EXTENSION OF VISAKH-VIJAYAWADA-SECUNDERABAD PIPELINE (VVSPL) FROM VIJAYAWADA TO DHARMAPURI AND CONST (HINDUSTAN PETROLEUM CORPORATION LIMITED),Completed,PETROLEUM / HPCL,Multi-State,09/2017,2677,3185,3185,2943.7,03/2021,8/2022,26/26,100.00%,November 2017,August 2022,58
N16000367,HASSAN CHERLAPALLI LPG PIPELINE (HINDUSTAN PETROLEUM CORPORATION LIMITED),Completed,PETROLEUM / HPCL,Karnataka,06/2019,2166.38,2166.38,2166.38,2166.38,06/2022,12/2022,18/18,100.00%,July 2019,December 2022,41
N16000407,KV GRID SUPPLY EPC(HINDUSTAN PETROLEUM CORPORATION LIMITED),Completed,PETROLEUM / HPCL,Andhra Pradesh,10/2020,303.4,303.4,303.4,199.17,03/2021,,6/6,100.00%,January 2021,April 2022,16
N16000380,SETTING UP OF PHASE LL FACILITIES FOR HPCL GREEN R AND D CENTRE AT BENGALURU (HINDUSTAN PETROLEUM CORPORATION LIMITED),Completed,PETROLEUM / HPCL,Karnataka,06/2018,380,380,380,360.01,11/2021,03/2022,19/19,100.00%,December 2019,March 2022,28
N16000316,TMTPA NEW LPG PLANT AT BARHI JHARKAND STATE (HINDUSTAN PETROLEUM CORPORATION LIMITED),Completed,PETROLEUM / HPCL,Jharkhand,06/2017,161.5,161.5,161.5,149.1,06/2020,04/2022,12/12,100.00%,April 2018,April 2022,49
N16000315,"TMTPA NEW LPG PLANT AT PATALGANGA(DIST RAIGAD), MAHARASHTRA",Completed,PETROLEUM / HPCL,Maharashtra,06/2017,249.26,278.5,278.5,278.49,06/2020,9/2022,12/12,100.00%,April 2018,December 2022,57
N16000333,AUGMENTATION OF MATHURA-TUNDLA PIPELINE AND ITS EXTENSION FOR HOOK UP WITH BARAUNI-KANPUR PIPELINE A (INDIAN OIL CORPORATION LIMITED),Completed,PETROLEUM / IOCL,Uttar Pradesh,03/2018,676,676,676,676,12/2021,8/2022,3/3,100.00%,July 2018,December 2022,52
N16000193,AUGMENTATION OF PARADIP-HALDIA-DURGAPUR LPG PIPELINE AND ITS EXTENSION UPTO PATNA AND MUZAFFARPUR (INDIAN OIL CORPORATION LIMITED),Completed,PETROLEUM / IOCL,Multi-State,01/2015,1823,3027.9,3027.9,2494.42,,3/2023,5/5,100.00%,February 2015,December 2022,95
N16000308,CAPTIVE NATURAL GAS PIPELINE FROM DAHEJ TO KOYALI REFINERY (INDIAN OIL CORPORATION LIMITED),Completed,PETROLEUM / IOCL,Odisha,08/2017,315,315,315,236.11,12/2021,02/2022,3/3,100.00%,March 2018,March 2022,49
N16000337,INSTALLATION OF 'INDJET' UNIT AT BARAUNI REFINERY (INDIAN OIL CORPORATION LIMITED),Completed,PETROLEUM / IOCL,Bihar,07/2018,189,189,189,188.29,1/2021,03/2022,8/8,100.00%,August 2018,March 2022,44
N16000300,KHARAGPUR LPG BOTTLING PLANT (INDIAN OIL CORPORATION LIMITED),Completed,PETROLEUM / IOCL,West Bengal,04/2017,163.02,207.36,207.36,153.78,04/2020,10/2022,26/26,100.00%,February 2018,October 2022,57
N16000377,LAB REVAMP AT GUJARAT REFINERY,Completed,PETROLEUM / IOCL,Gujarat,10/2019,403,403,403,233.08,12/2021,07/2022,,100.00%,November 2019,July 2022,33
N16000317,LPG BP PROJECT MOTIHARI (INDIAN OIL CORPORATION LIMITED),Completed,PETROLEUM / IOCL,Bihar,05/2018,206.5,206.5,206.5,179.04,03/2021,02/2022,26/26,100.00%,April 2018,March 2022,48
N16000171,LPG TERMINAL AT KOCHI (INDIAN OIL CORPORATION LIMITED),Completed,PETROLEUM / IOCL,Kerala,10/2015,607.06,1236,1236,748.98,01/2016,12/2022,52/52,100.00%,January 2014,December 2022,108
N16000196,PARADIP LPG IMPORT FACILITY (INDIAN OIL CORPORATION LIMITED),Completed,PETROLEUM / IOCL,Multi-State,01/2015,690,690,690,622,,03/2022,36/36,100.00%,February 2015,March 2022,86
N16000286,across NH-2 Indian Oil Corporation Limited AUGMENTATION OF CTMPL,Completed,PETROLEUM / IOCL,Tamil Nadu,12/2016,228,228,228,163.93,06/2020,12/2021,5/5,100.00%,October 2017,January 2022,52
N16000257,Mangalore Refinery And Petrochemicals Limited 100 BSVI UPGRADATION,Completed,PETROLEUM / MANGALORE REFIN,Karnataka,09/2016,1810,1810,1810,1809.28,12/2019,03/2022,12/12,100.00%,January 2017,February 2022,61
N16000319,Mangalore Refinery And Petrochemicals Limited 110 SEA WATER DESALINATION PLANT,Completed,PETROLEUM / MANGALORE REFIN,Karnataka,11/2017,581,637,637,593.44,03/2020,12/2021,3/3,100.00%,April 2018,January 2022,46
N16000128,CONVERSION OF RIG SAGAR SAMRAT TO MOBILE OFFSHORE PRODUCTION UNIT(MOPS) (OIL & NATURAL GAS CORPORATION LIMITED),Completed,PETROLEUM / ONGC,Maharashtra,03/2011,861.79,2001.34,2001.34,1681.69,05/2013,12/2022,8/8,100.00%,August 2011,December 2022,137
N16000357,"DEVELOPMENT OF NEW MARGINAL FIELD WO 24-3, D30 AND B192 ALONG WITH FACILITY FOR CO2 MITIGATION (OIL & NATURAL GAS CORPORATION LIMITED)",Completed,PETROLEUM / ONGC,Maharashtra,02/2019,2292.46,224.75,2357.7,2357.7,05/2021,12/2022,6/6,100.00%,May 2019,December 2022,44
N16000359,MUMBAI HIGH SOUTH REDEVELOPMENT PHASE-IV (OIL & NATURAL GAS CORPORATION LIMITED),Completed,PETROLEUM / ONGC,Maharashtra,05/2019,3660.71,3740.05,3740.05,3637.73,04/2021,05/2022,6/6,100.00%,May 2019,May 2022,37
N16000404,REDEVELOPMENT OF NANDASAN FIELD (OIL & NATURAL GAS CORPORATION LIMITED),Completed,PETROLEUM / ONGC,Gujarat,02/2020,444.87,444.87,444.87,383.7,08/2022,11/2022,6/6,100.00%,January 2021,November 2022,23
N18000190,BRBCL-NABINAGAR TPP- JV (4X250 MW) (NATIONAL THERMAL POWER CORPORATION),Completed,POWER / NTPC,Bihar,01/2007,5353,10566,10566,8839.26,05/2014,,25/25,100.00%,April 2015,April 2022,85
N18000192,NPGCPL-NABINAGAR STPP - JV (3X660 MW) Joint Venture(NATIONAL THERMAL POWER CORPORATION),Completed,POWER / NTPC,Bihar,01/2013,12964.6,19413,17304,15763.67,01/2018,03/2022,45/45,100.00%,April 2015,April 2022,85
N18000276,ROURKELA PP-II EXPANSION (1X250 MW) - NSPCL,Completed,POWER / NTPC,Odisha,05/2016,1885.13,2311.8,2426,2050.89,12/2018,03/2022,10/10,100.00%,August 2019,April 2022,33
N18000298,PARASAN SOLAR POWER PROJECT (SATLUJ JAL VIDYUT NIGAM LIMITED),Completed,POWER / SJVN,Uttar Pradesh,08/2021,313.58,392.3,392.3,439.44,12/2022,,5/5,100.00%,October 2021,November 2022,12
N22000287,BHADRACHALAM ROAD-SATTUPALLI (SOUTH CENTRAL RAILWAY),Completed,RAILWAYS / SCR,Multi-State,04/2010,704.31,927.94,927.94,665.57,,05/2022,1/1,100.00%,August 2013,May 2022,106
N22000288,"KADAPA-BANGALORE (NL), KADAPA-PENDLIMARRI PH-I (SOUTH CENTRAL RAILWAY)",Completed,RAILWAYS / SCR,Multi-State,04/2008,2132.77,2132.77,3037.95,347.1,,03/2027,1/1,100.00%,August 2013,May 2022,106
N22000259,MANUGURU-RAMAGUNDAM (SOUTH CENTRAL RAILWAY),Completed,RAILWAYS / SCR,Telangana,04/2013,1112,2911.84,2911.84,,,,1/1,100.00%,August 2013,May 2022,106
N22000332,ARSIKERE-TUMKUR (SOUTH WESTERN RAILWAY),Completed,RAILWAYS / SWR,Karnataka,03/2015,578,749.69,758.36,679.62,,02/2022,2/2,100.00%,May 2015,May 2022,85
N24001200,ALWAR NUH SECTION ON EPC MODE IN THE STATE OF RAJASTHAN,Completed,ROAD TRANSPORT AND HIGHWAYS / MoRTH,Rajasthan,03/2019,178.13,178.13,178.13,164.94,,,4/4,100.00%,August 2019,February 2022,31
N24000904,CONSTN. OF 4 LANING IN KM.99.00 TO 114.375 PACKAGE-V (EPC) INCLUDING BHIWANI BYPASS (MINISTRY OF ROAD TRANSPORT AND HIGHWAYS (STATE PWDs)),Completed,ROAD TRANSPORT AND HIGHWAYS / MoRTH,Haryana,01/2017,247.25,247.25,247.25,247.25,03/2019,10/2022,1/1,100.00%,April 2019,November 2022,44
N24000957,CONSTRUCTION OF TWO LANE FLEXIBLE PAVEMENT WITH PAVED SHOULDER FROM KM 3.650 TO KM 58.325 OF NH-709,Completed,ROAD TRANSPORT AND HIGHWAYS / MoRTH,Rajasthan,11/2017,163.95,163.95,163.95,122.04,04/2018,07/2020,4/4,100.00%,May 2019,February 2022,34
N24000923,UPGRADATION OF NEW NATIONAL HIGHWAY NO 168 TO TWO LANE WITH PAVED SIDE SHOULDER CONFIGURATION BETWEE EPC(MINISTRY OF ROAD TRANSPORT AND HIGHWAYS (STATE PWDs)),Completed,ROAD TRANSPORT AND HIGHWAYS / MoRTH,Gujarat,03/2018,464.07,464.07,464.07,319.8,11/2018,07/2021,4/4,100.00%,May 2019,April 2022,36
N24000959,UPGRADATION TO 2LANE WITH PAVED SHOULDER FROM KM . 43/900 TO 91/0 OF KUNDAL-NAYA KHEDA-JHADOL-SOM- (MINISTRY OF ROAD TRANSPORT AND HIGHWAYS (STATE PWDs)),Completed,ROAD TRANSPORT AND HIGHWAYS / MoRTH,Rajasthan,02/2018,341.79,341.79,341.79,226,05/2018,,4/4,100.00%,May 2019,April 2022,36
N24000658,4-LANNING OF YAVATMAL-WARDHA SECTION(KM 400.575 TO 465.500),Completed,ROAD TRANSPORT AND HIGHWAYS / NHAI,Maharashtra,03/2017,988.34,988.34,1043.28,,03/2020,01/2022,3/3,100.00%,March 2017,February 2022,60
N24000222,AHMEDABAD TO VADODARA SECTION PPP (BOT)(NATIONAL HIGHWAYS AUTHORITY OF INDIA),Completed,ROAD TRANSPORT AND HIGHWAYS / NHAI,Gujarat,01/2013,2125.24,2125.24,2125.24,445.07,12/2015,11/2018,3/3,100.00%,March 2013,October 2022,116
N24000605,BALANCE WORK OF 2-LANE WITH PAVED SHOULDER OF BHOPAL- SANCHI SECTION (NATIONAL HIGHWAYS AUTHORITY OF INDIA),Completed,ROAD TRANSPORT AND HIGHWAYS / NHAI,Madhya Pradesh,08/2016,227.49,227.49,227.49,193.99,,06/2020,4/4,100.00%,August 2016,May 2022,70
N24000705,BALANCE WORK OF 4-LANNING OF LALGHATI TO MUBARAKPUR OF HIGHWAYS AUTHORITY OF INDIA),Completed,ROAD TRANSPORT AND HIGHWAYS / NHAI,Madhya Pradesh,09/2017,374.4,374.4,204.65,215.49,09/2017,12/2020,4/4,100.00%,October 2017,May 2022,56
N24000706,BALANCE WORK OF 4-LANNING OF OBEDULLAGANJ TO ITARSI Projects(NATIONAL HIGHWAYS AUTHORITY OF INDIA),Completed,ROAD TRANSPORT AND HIGHWAYS / NHAI,Madhya Pradesh,09/2017,990.61,990.61,990.61,681.43,09/2017,12/2021,4/4,100.00%,October 2017,May 2022,56
N24000847,CONSTRUCTION OF FLYOVER AT LAKHANI TOWN ON NH-53 (OLD NH- 6) EPC(NATIONAL HIGHWAYS AUTHORITY OF INDIA),Completed,ROAD TRANSPORT AND HIGHWAYS / NHAI,Maharashtra,03/2018,291.53,291.53,291.53,264.99,,,4/4,100.00%,October 2018,October 2022,49
N24000849,CONSTRUCTION OF FLYOVER IN SAKOLI TOWN ON NH-53 (OLD NH-6) EPC(NATIONAL HIGHWAYS AUTHORITY OF INDIA),Completed,ROAD TRANSPORT AND HIGHWAYS / NHAI,Maharashtra,03/2018,289.21,289.21,289.21,240.4,,,4/4,100.00%,October 2018,October 2022,49
N24000224,DELHI AGRA APPROVED LENGTH 180.0 KM PPP (BOT)(NATIONAL HIGHWAYS AUTHORITY OF INDIA),Completed,ROAD TRANSPORT AND HIGHWAYS / NHAI,Delhi,10/2012,1928.22,1928.22,1928.22,1890.04,04/2015,12/2022,4/4,100.00%,March 2013,November 2022,117
N24000587,FOUR LANING OF MAHUVA TO KAGAVADAR OF NH-8E FROM KM. 100.100 TO KM 139.915 (DESIGN CHAINAGE FROM KM (NATIONAL HIGHWAYS AUTHORITY OF INDIA),Completed,ROAD TRANSPORT AND HIGHWAYS / NHAI,Rajasthan,06/2016,763.23,763.23,763.23,198.01,06/2019,,1/1,100.00%,June 2016,January 2022,68
N24000702,FOUR LANNING BALANCE WORK FOR BHOPAL-BIAORA SECTION OF NH-12 FROM MUBARAKPUR TO BIAORA FROM KM 124,Completed,ROAD TRANSPORT AND HIGHWAYS / NHAI,Madhya Pradesh,10/2017,639.97,639.97,639.97,485.05,10/2017,06/2021,4/4,100.00%,October 2017,May 2022,56
N24000125,GUJARAT/MAHARASHTRA BORDERSURAT-HAZIRA PORT SECTION PPP (BOT)(NATIONAL HIGHWAYS AUTHORITY OF INDIA),Completed,ROAD TRANSPORT AND HIGHWAYS / NHAI,Gujarat,03/2010,1509.1,1509.1,1509.1,3684.44,09/2012,08/2020,3/3,100.00%,April 2011,May 2022,134
N24000159,INDORE-DEWAS(NH-3) PPP (BOT)(NATIONAL HIGHWAYS AUTHORITY OF INDIA),Completed,ROAD TRANSPORT AND HIGHWAYS / NHAI,Madhya Pradesh,11/2010,325,325,325,475,05/2013,,3/3,100.00%,May 2011,October 2022,138
N24000136,INDORE-JHABUA-GUJRAT/MP PPP (BOT)(NATIONAL HIGHWAYS AUTHORITY OF INDIA),Completed,ROAD TRANSPORT AND HIGHWAYS / NHAI,Madhya Pradesh,10/2010,1175,1175,1175,1175,04/2013,12/2022,4/4,100.00%,April 2011,October 2022,139
N24000209,KRISHNANAGAR-BERHAMPUR PPP (ANNUITY)(NATIONAL HIGHWAYS AUTHORITY OF INDIA),Completed,ROAD TRANSPORT AND HIGHWAYS / NHAI,West Bengal,02/2012,702.16,702.16,1154.5,702.16,07/2014,12/2022,4/4,100.00%,August 2012,November 2022,91
N24000563,LANING OF GAGALHERI- SAHARANPUR- YAMUNANAGAR (UP/HARYANA BORDER) SECTION OF NH-73 FROM KM 33.000 ( (NATIONAL HIGHWAYS AUTHORITY OF INDIA),Completed,ROAD TRANSPORT AND HIGHWAYS / NHAI,Uttar Pradesh,03/2016,1668,2501.85,2501.85,946.08,,02/2022,4/4,100.00%,April 2016,May 2022,74
N24000362,LANING WITH PAVED SHOULDER OF SITARGANJ - TANAKUR SECTION OF NH-125 (NATIONAL HIGHWAYS AUTHORITY OF INDIA),Completed,ROAD TRANSPORT AND HIGHWAYS / NHAI,Uttar Pradesh,09/2015,368.73,368.73,368.73,1301,09/2016,,,100.00%,December 2015,October 2022,83
N24000423,LANING WITH PS OF GULABPURA - UNIARA (NATIONAL HIGHWAYS AUTHORITY OF INDIA),Completed,ROAD TRANSPORT AND HIGHWAYS / NHAI,Rajasthan,10/2015,597,597,597,,10/2017,09/2021,4/4,100.00%,December 2015,May 2022,78
N24000562,LANNING OF CHUTMALPUR-GANESHPUR SECTION OF NH-72A FROM KM 0.000 (KM 22.825 OF MH-73) TO KM 17.900 (NATIONAL HIGHWAYS AUTHORITY OF INDIA),Completed,ROAD TRANSPORT AND HIGHWAYS / NHAI,Uttarakhand,03/2016,1443,2330.79,2330.79,1246.85,,,3/3,100.00%,April 2016,October 2022,79
N24000693,LANNING OF PORBANDAR DWARKA SECTION IN THE STATE OF GUJARAT (NATIONAL HIGHWAYS AUTHORITY OF INDIA),Completed,ROAD TRANSPORT AND HIGHWAYS / NHAI,Gujarat,06/2017,1958.88,1958.88,2047.39,1993.81,06/2020,10/2021,3/3,100.00%,June 2017,October 2022,65
N24000230,"November,2022 WIDENING OF KHED-SINNAR STRETCH OF PUNE NASHIK SECTION OF NH-50 (NATIONAL HIGHWAYS AUTHORITY OF INDIA)",Completed,ROAD TRANSPORT AND HIGHWAYS / NHAI,Maharashtra,05/2013,1348.2,1348.2,1348.2,1348.2,,10/2022,2/2,100.00%,December 2013,October 2022,107
N24000131,SURAT- DAHISAR(SIX LANE) KM 263 TO KM 502 PPP (BOT)(NATIONAL HIGHWAYS AUTHORITY OF INDIA),Completed,ROAD TRANSPORT AND HIGHWAYS / NHAI,Multi-State,02/2009,1693.75,1693.75,1693.75,374,08/2011,05/2022,,100.00%,April 2011,July 2022,133
N24000522,TWO LANING WITH PS OF CHHAPRA -REWAGHAT - MUZAFFARPUR (NATIONAL HIGHWAYS AUTHORITY OF INDIA),Completed,ROAD TRANSPORT AND HIGHWAYS / NHAI,Bihar,08/2015,516.13,516.13,516.13,649.27,,1/2021,4/4,100.00%,December 2015,October 2022,83
N24000760,CONSTRUCTION OF TWO LANE WITH HARD SHOULDERS OF PFUTSERO-PHEK ROAD FROM EXISTING KM 19.900 TO KM40.0 (NATIONAL HIGHWAYS AND INFRASTRUCTURE DEVELOPMENT CORPORATION Ltd.),Completed,ROAD TRANSPORT AND HIGHWAYS / NHIDCL,Nagaland,03/2018,251.97,251.97,251.97,251.97,09/2018,,3/4,100.00%,April 2018,August 2022,53
N24000327,LANING FROM LONGDING TO KANUBARI OF NH-52B FROM KM 0 TO KM 47.213 IN ARUNACHAL PRADESH EPC(NATIONAL HIGHWAYS AND INFRASTRUCTURE DEVELOPMENT CORPORATION Ltd.),Completed,ROAD TRANSPORT AND HIGHWAYS / NHIDCL,Arunachal Pradesh,03/2015,394,522.86,394,380,06/2018,,3/3,100.00%,December 2015,April 2022,71
N24000328,LANING WITH PAVED SHOULDER OF AGARTALA-UDAIPUR SECTION OF NH-44 FROM KM 6.800 TO KM 55.00 IN THE S EPC(NATIONAL HIGHWAYS AND INFRASTRUCTURE DEVELOPMENT CORPORATION Ltd.),Completed,ROAD TRANSPORT AND HIGHWAYS / NHIDCL,Tripura,10/2014,369,369,369,,03/2018,,,100.00%,December 2015,July 2022,74
N24000976,National Highways And Infrastructure Development Corporation Ltd. 2-LANING OF EXISTING AKAJAN LIKABALI BAME ROAD ON EPC BASIS FROM DESIGN KM. 12.000 TO KM. 33.000 (EX,Completed,ROAD TRANSPORT AND HIGHWAYS / NHIDCL,Arunachal Pradesh,10/2015,210.5,210.5,210.5,145.79,,,4/4,100.00%,May 2019,April 2022,36
N24001319,STRENGTHENING OF CHURAIBARI - AGARTALA SECTION OF NH-08 EPC(NATIONAL HIGHWAYS AND INFRASTRUCTURE DEVELOPMENT CORPORATION Ltd.),Completed,ROAD TRANSPORT AND HIGHWAYS / NHIDCL,Tripura,06/2020,257.96,257.96,257.96,,1/2022,,,100.00%,May 2021,July 2022,15
N24000869,TWO- LANE WITH PAVED SHOULDER CONFIGURATION OF IMPHAL - MOREH SECTION OF NH-39 FROM KM 350.00 TO KM (NATIONAL HIGHWAYS AND INFRASTRUCTURE DEVELOPMENT CORPORATION Ltd.),Completed,ROAD TRANSPORT AND HIGHWAYS / NHIDCL,Manipur,08/2017,517.57,517.57,517.57,,10/2018,06/2021,,100.00%,April 2019,July 2022,40
N24000972,TWO-LANING OF JORAM – KOLORIANG ROAD (NH-713) FROM DESIGN KM. 20+000 TO KM. 32+050 [EXISTING KM 20.0 (NATIONAL HIGHWAYS AND INFRASTRUCTURE DEVELOPMENT CORPORATION Ltd.),Completed,ROAD TRANSPORT AND HIGHWAYS / NHIDCL,Arunachal Pradesh,02/2017,175.06,175.06,175.06,,,,,100.00%,May 2019,July 2022,39
N24000973,TWO-LANING OF JORAM – KOLORIANG ROAD (NH-713) FROM DESIGN KM. 32+050 TO KM. 44+000 [EXISTING KM 35.1 (NATIONAL HIGHWAYS AND INFRASTRUCTURE DEVELOPMENT CORPORATION Ltd.),Completed,ROAD TRANSPORT AND HIGHWAYS / NHIDCL,Arunachal Pradesh,02/2017,176.12,176.12,176.12,293,,04/2022,,100.00%,May 2019,July 2022,39
N24000391,LANING OF MOGA -TALLEWAL SECTION OF NH-71 FROM KM 77.200 TO 114.00 EPC(MINISTRY OF ROAD TRANSPORT AND HIGHWAYS (STATE PWDs)),Completed,ROAD TRANSPORT AND HIGHWAYS / PWD,Punjab,11/2015,889.24,904.82,904.82,849.98,,,1/1,100.00%,December 2015,November 2022,84
N12000118,REBUILDING OF COKE OVEN BATTERY NO-8 AT BSL (STEEL AUTHORITY OF INDIA LIMITED (SAIL)),Completed,STEEL / SAIL,Jharkhand,11/2016,262.87,262.87,262.87,274.8,06/2019,12/2022,1/1,100.00%,December 2016,December 2022,73
N28000087,"CONSTRUCTION OF 108 NOS. GPRA TYPE-VII FLATS IN POCKET-I AT DEEN DAYAL UPADHYAYA MARG, NEW DELHI (CENTRAL PUBLIC WORKS DEPARTMENT)",Completed,URBAN DEVELOPMENT / CPWD,Delhi,06/2015,197.33,197.33,197.33,220,,4/2022,2/2,100.00%,March 2016,August 2022,78
N28000133,DEPARTMENT OF HIGHER EDUCATION C/O PERMANENT CAMPUS FOR NITAP UNDER PHASE 1B AT TADEPALLIGUDEM A.P,Completed,URBAN DEVELOPMENT / CPWD,Andhra Pradesh,02/2019,186,199,210.6,206.2,09/2020,07/2021,7/7,100.00%,November 2019,February 2022,28
N28000065,DEPARTMENT OF HIGHER EDUCATION Central Public Works Department DIFFERENT BUILDINGS UNDER PHASE 1 NORTH FOR IIT MANDI AT KAMAND,Completed,URBAN DEVELOPMENT / CPWD,Himachal Pradesh,11/2012,270.83,270.83,244,235.32,11/2014,11/2021,8/8,100.00%,September 2014,May 2022,93
N28000119,"HUMAN RESOURCE DEVELOPMENT 389 DEVELOPMENT OF PERMANENT CAMPUS FOR IIT JODHPUR (PHASE II) AT KARWAR, JODHPUR RAJASTHAN",Completed,URBAN DEVELOPMENT / CPWD,Rajasthan,12/2016,549.31,559.49,580,559.49,07/2019,07/2021,6/6,100.00%,June 2018,February 2022,45
N28000106,"RE-DEVELOPMENT OF GOVT. OF INDIA PRESS, MINTO ROAD, NEW DELHI (SH: CONSTRUCTION OF NEW BUILDING (2 B (CENTRAL PUBLIC WORKS DEPARTMENT)",Completed,URBAN DEVELOPMENT / CPWD,Delhi,11/2017,238.56,238.56,238.56,208.57,05/2020,02/2022,2/2,100.00%,January 2018,January 2022,49
N06000095,NEYVELI NEW THERMAL POWER PROJECT(2X500 MW) (NEYVELI LIGNITE CORPORATION),Completed,COAL / NLC,Tamil Nadu,06/2011,5907.11,8990,8990,7826.67,12/2015,2/2021,35/35,100.00%,December 2011,November 2023,144
N06000215,RCE OF KISTARAM OPENCAST PROJECT (SINGARENI COLLIERS COMPANY LIMITTED),Completed,COAL / SCCL,Telangana,3/2017,164.04,164.04,164.04,144.1,03/2021,3/2024,1/1,100.00%,February 2022,November 2023,22
N06000212,RCE-II OF JALAGAM VENGALRAO OPENCAST PROJECT-II (SINGARENI COLLIERS COMPANY LIMITTED),Completed,COAL / SCCL,Telangana,3/2019,473.22,473.22,473.22,447.5,03/2021,3/2023,4/4,100.00%,February 2022,November 2023,22
N21000008,AIIMS - MOTHER AND CHILD BLOCK (HOSPITAL SERVICES CONSULTANCY CORPORATION LTD),Completed,HEALTH AND FAMILY WELFARE / HSCC,Delhi,12/2013,204.44,204.44,285,285,05/2017,6/2021,2/2,100.00%,December 2015,May 2023,90
N21000011,CONSTRUCTION OF HOSPITAL AND OPD BLOCK NCI JHAJJAR (HOSPITAL SERVICES CONSULTANCY CORPORATION LTD),Completed,HEALTH AND FAMILY WELFARE / HSCC,Haryana,09/2014,505.58,505.58,586.96,586.96,03/2018,4/2020,2/2,100.00%,December 2015,May 2023,89
N21000009,Hospital Services Consultancy Corporation Ltd 103 AIIMS - OPD(NEW),Completed,HEALTH AND FAMILY WELFARE / HSCC,Delhi,08/2014,293.65,293.65,325,299.76,05/2017,1/2020,5/5,100.00%,December 2015,May 2023,90
N21000010,"Hospital Services Consultancy Corporation Ltd 119 CONSTRUCTION OF HOSPITAL BLOCK, IIT, KHARAGPUR",Completed,HEALTH AND FAMILY WELFARE / HSCC,West Bengal,12/2014,168.9,168.9,191.2,182.1,05/2017,1/2021,3/3,100.00%,December 2015,May 2023,80
N21000012,Hospital Services Consultancy Corporation Ltd SATELLITE CENTRE PGI CHANDIGARH SANGRUR PUNJAB,Completed,HEALTH AND FAMILY WELFARE / HSCC,Punjab,07/2016,152.95,152.95,177.92,171.9,02/2018,4/2021,1/1,100.00%,November 2016,May 2023,78
N21000028,Nbcc For Health 128 AIIMS BILASPUR,Completed,HEALTH AND FAMILY WELFARE / NBCC,Himachal Pradesh,04/2018,1351,1351,1471.04,1185.1,09/2021,12/2022,4/4,100.00%,August 2019,May 2023,46
N16000274,BOKARO-ANGUL PIPELINE PROJECT (GAS AUTHORITY OF INDIA LIMITED),Completed,PETROLEUM / GAIL,Multi-State,03/2017,3437,3048,2776,2463.3,12/2020,4/2023,24/24,100.00%,July 2017,May 2023,71
N16000390,HARIDWAR RISHIKESH DEHRADUN PIPELINE PROJECT (GAS AUTHORITY OF INDIA LIMITED),Completed,PETROLEUM / GAIL,Uttar Pradesh,08/2018,217.92,217.92,180,148.4,04/2021,6/2023,14/14,100.00%,July 2020,June 2023,36
N16000355,SULTANPUR JHAJJAR HISSAR PIPELINE (SJHPL) PROJECT (GAS AUTHORITY OF INDIA LIMITED),Completed,PETROLEUM / GAIL,Haryana,08/2018,286.42,327,327.01,285.6,08/2020,3/2023,16/16,100.00%,April 2019,March 2023,48
N16000408,SULPHUR FORMING UNIT IN SRU,Completed,PETROLEUM / HPCL,Andhra Pradesh,10/2020,210.94,210.94,210.94,174.86,08/2021,2/2023,6/6,100.00%,January 2021,May 2023,29
N16000326,CREATING INFRASTRUCTURE AT GUJARAT REFINERY AND DUMAD FOR KOYALI AHMEDNAGAR SOLAPUR PIPELINE (INDIAN OIL CORPORATION LIMITED),Completed,PETROLEUM / IOCL,Gujarat,10/2017,906,906,906,453.07,02/2020,2/2023,8/8,100.00%,May 2018,January 2023,57
N16000353,ETHANOL PRODUCTION FROM PSA OFF GAS BASED ON LANZATECH TECHNOLOGY AT PANIPAT REFINERY (INDIAN OIL CORPORATION LIMITED),Completed,PETROLEUM / IOCL,Haryana,10/2018,598,753.89,753.89,679.2,02/2020,2/2023,5/5,100.00%,March 2019,March 2023,49
N16000338,ETHYLENE GLYCOL PROJECT AT PARADIP (INDIAN OIL CORPORATION LIMITED),Completed,PETROLEUM / IOCL,Odisha,04/2018,5654,5654,5654,4641.99,7/2021,1/2023,10/10,100.00%,August 2018,January 2023,54
N16000363,"INFRASTRUCTURE DEVELOPMENT TO FACILITATE IMPORT OF GRID POWER AT 220 KV, PANIPAT (INDIAN OIL CORPORATION LIMITED)",Completed,PETROLEUM / IOCL,Haryana,12/2018,278.6,278.6,278.6,194.96,06/2021,11/2023,5/5,100.00%,May 2019,November 2023,55
N16000318,LPG BP PROJECT JODHPUR,Completed,PETROLEUM / IOCL,Rajasthan,03/2018,229.8,229.8,229.8,165.84,,,26/26,100.00%,April 2018,March 2023,60
N16000340,NAPHTHA CRACKER EXPANSION PROJECT AT PANIPAT (INDIAN OIL CORPORATION LIMITED),Completed,PETROLEUM / IOCL,Haryana,08/2018,1636,1636,1636,1366.57,8/2020,11/2023,7/7,100.00%,August 2018,November 2023,64
N16000282,Osmanabad (0.50 km) and Solapur (2.0 Km) districts. SITARGANJ LPG PROJECT,Completed,PETROLEUM / IOCL,Uttarakhand,02/2017,160.1,160.1,160.1,125.58,02/2020,3/2023,26/26,100.00%,August 2017,March 2023,68
N16000194,PARADIP HYDERABAD PIPLEINE (INDIAN OIL CORPORATION LIMITED),Completed,PETROLEUM / IOCL,Multi-State,01/2015,2321,3338,3338,3288.45,,2/2023,5/5,100.00%,February 2015,January 2023,96
N16000345,PARADIP SOMNATHPUR HALDIA PIPELINE (INDIAN OIL CORPORATION LIMITED),Completed,PETROLEUM / IOCL,Odisha,10/2018,1297.5,1297.5,1297.5,1129.18,10/2021,8/2023,1/1,100.00%,December 2018,September 2023,58
N16000471,CREATION OF GDU AND DPD FACILITIES AT RAJAHMUNDRY,Completed,PETROLEUM / ONGC,Andhra Pradesh,3/2022,211.22,211.22,211.22,6.12,5/2024,5/2024,4/4,100.00%,November 2022,September 2023,11
N16000360,Expenditure (Rs. crore) HEERA REDEVELOPMENT - PHASE III (OIL & NATURAL GAS CORPORATION LIMITED),Completed,PETROLEUM / ONGC,Maharashtra,06/2019,2494.68,2494.68,2494.68,2481.66,12/2021,12/2023,6/6,100.00%,May 2019,November 2023,55
N16000241,Field Development Plan of Madanam NELP-IV Block CY-ONN-2002,Completed,PETROLEUM / ONGC,Tamil Nadu,11/2015,650.82,390.52,624.35,471.33,03/2019,12/2024,6/6,100.00%,November 2016,November 2023,85
N16000370,PIPELINE REPLACEMENT PROJECT (PRP-VI) (OIL & NATURAL GAS CORPORATION LIMITED),Completed,PETROLEUM / ONGC,Maharashtra,05/2019,763.92,763.92,830.87,830.87,12/2020,5/2023,5/5,100.00%,July 2019,May 2023,47
N18000265,NAITWAR MORI HEP (SATLUJ JAL VIDYUT NIGAM LIMITED),Completed,POWER / SJVN,Uttarakhand,10/2017,648.33,648.33,1272.29,1213.4,12/2021,12/2023,32/32,100.00%,December 2017,November 2023,72
N22000394,DOUBLING OF TRACK BETWEEN GOOTY AND DHARMAVARAM OF SOUTH CENTRAL RAILWAY (RAIL INDIA TECHNICAL AND ECONOMIC SERVICE),Completed,RAILWAYS / RITES,Telangana,03/2015,636.38,998.3,998.3,1081.75,03/2021,2/2023,3/3,100.00%,July 2016,May 2023,77
220100327,KHURDA ROAD - BARANG 3RD LINE (DL) (ECOR) (RAIL VIKAS NIGAM LTD.),Completed,RAILWAYS / RVNL,Odisha,04/2000,133.41,207,433,524.27,03/2009,7/2023,1/1,100.00%,April 2011,September 2023,150
N22000264,BHADRACHALAM-KOVVUR (SOUTH CENTRAL RAILWAY),Completed,RAILWAYS / SCR,Multi-State,04/2012,923.23,2868,2.46,1944.77,,,1/1,100.00%,August 2013,September 2023,99
N22000325,HUBLI- CHIKJAJUR (SOUTH WESTERN RAILWAY),Completed,RAILWAYS / SWR,Karnataka,03/2015,1156.94,1156.94,1849.5,1590.73,,3/2023,5/5,100.00%,May 2015,May 2023,97
N24001007,ANJANGAON TO MAH/MP BORDER (MINISTRY OF ROAD TRANSPORT AND HIGHWAYS (STATE PWDs)),Completed,ROAD TRANSPORT AND HIGHWAYS / MoRTH,Madhya Pradesh,01/2017,359,359,359,326.56,06/2019,,2/4,100.00%,May 2019,November 2023,55
N24001025,INDAPAUR TO AGARDANDA (MINISTRY OF ROAD TRANSPORT AND HIGHWAYS (STATE PWDs)),Completed,ROAD TRANSPORT AND HIGHWAYS / MoRTH,Maharashtra,01/2017,355.17,355.17,355.17,318.68,07/2019,2/2023,4/4,100.00%,May 2019,August 2023,52
N24001071,JALKOT TO TOGRI (MINISTRY OF ROAD TRANSPORT AND HIGHWAYS (STATE PWDs)),Completed,ROAD TRANSPORT AND HIGHWAYS / MoRTH,Maharashtra,07/2018,299.92,300,299.92,188.96,08/2020,12/2023,2/4,100.00%,May 2019,November 2023,55
N24001089,MALEGAON TO RISOD (MINISTRY OF ROAD TRANSPORT AND HIGHWAYS (STATE PWDs)),Completed,ROAD TRANSPORT AND HIGHWAYS / MoRTH,Maharashtra,02/2018,303.24,303,303.24,199.08,12/2019,3/2023,2/4,100.00%,May 2019,August 2023,52
N24001137,Ministry Of Road Transport And Highways (State Pwds) KALMATH TO ZARAP,Completed,ROAD TRANSPORT AND HIGHWAYS / MoRTH,Maharashtra,09/2016,126,2617.44,1338.13,,03/2020,,,100.00%,May 2019,August 2023,52
N24000950,"WIDENING, STRENGTHENING AND RECONSTRUCTION OF NH-552- EXTN FROM KM 76/600 TO 112/00 (SAWAI MADHOPUR (MINISTRY OF ROAD TRANSPORT AND HIGHWAYS (STATE PWDs))",Completed,ROAD TRANSPORT AND HIGHWAYS / MoRTH,Rajasthan,11/2017,187.82,187.82,187.82,151.49,04/2018,4/2021,4/4,100.00%,May 2019,September 2023,53
N24000783,2 LANING WITH PAVED SHOULDER FROM KM 30.800 TO KM 70.800 AND 2 LANING WITHOUT PAVED SHOULDER FROM KM,Completed,ROAD TRANSPORT AND HIGHWAYS / NHAI,Karnataka,02/2018,486.78,486.78,486.78,181.99,,5/2024,3/3,100.00%,August 2018,June 2023,59
N24000138,HUNGUND-SURATHKAL AND MANGALORE-KNT/KERALA BORDER (NATIONAL HIGHWAYS AUTHORITY OF INDIA),Completed,ROAD TRANSPORT AND HIGHWAYS / NHAI,Karnataka,09/2010,946,1046.56,1046.56,830.85,03/2013,12/2023,4/4,100.00%,April 2011,November 2023,152
N24001340,LANING OF DEWAS-UJJAIN OF SECTION NH-148 NG FROM KM 0+000 TO KM 41.42 IN MP ON HAM MODE PPP BOT (Hybrid Annuity)(NATIONAL HIGHWAYS AUTHORITY OF INDIA),Completed,ROAD TRANSPORT AND HIGHWAYS / NHAI,Madhya Pradesh,11/2019,1093.48,716,716,,07/2021,,,100.00%,July 2021,August 2023,26
N24000949,CONSTRUCTION OF 2 LANING OF EXISTING HUNLI-ANINI ROAD ON EPC BASIS FROM DESIGN KM 92.500 TO KM 106.5,Completed,ROAD TRANSPORT AND HIGHWAYS / NHIDCL,Arunachal Pradesh,12/2016,188.78,262.97,188.78,1145,,,,100.00%,May 2019,January 2023,45
N24000746,CONSTRUCTION OF MAJOR BRIDGE OVER HUMPHREY STRAIT CREEK BETWEEN KM. 129.420 TO KM. 130.600 OF NH 4 C (NATIONAL HIGHWAYS AND INFRASTRUCTURE DEVELOPMENT CORPORATION Ltd.),Completed,ROAD TRANSPORT AND HIGHWAYS / NHIDCL,Multi-State,03/2015,277.17,277.17,277.17,252.52,04/2017,4/2020,4/4,100.00%,March 2018,January 2023,59
N24000755,CONSTRUCTION OF TWO LANE WITH HARD SHOULDERS OF CHAKABAMA-ZUNHEBOTO ROAD FROM EXISTING KM 25.760 TO (NATIONAL HIGHWAYS AND INFRASTRUCTURE DEVELOPMENT CORPORATION Ltd.),Completed,ROAD TRANSPORT AND HIGHWAYS / NHIDCL,Nagaland,03/2018,239.3,239.3,239.3,174.15,09/2018,11/2022,4/4,100.00%,April 2018,January 2023,58
N24001268,IMPROVEMENT/WIDENING TO 2 LANING OF STRETCH FROM KHONGSANG TO TAMENGLONG OF NH-137 EPC(NATIONAL HIGHWAYS AND INFRASTRUCTURE DEVELOPMENT CORPORATION Ltd.),Completed,ROAD TRANSPORT AND HIGHWAYS / NHIDCL,Manipur,3/2019,471,471,471,319.81,07/2022,3/2023,4/4,100.00%,January 2021,November 2023,34
N24001311,KAILASHAHAR TO KHOWAI PKG-2 EPC(NATIONAL HIGHWAYS AND INFRASTRUCTURE DEVELOPMENT CORPORATION Ltd.),Completed,ROAD TRANSPORT AND HIGHWAYS / NHIDCL,Tripura,11/2020,206.78,218.23,218.23,197.72,7/2022,2/2023,4/4,100.00%,May 2021,April 2023,22
N24001249,LANING FROM MANU-SIMLUNG ( PKG III) EPC(NATIONAL HIGHWAYS AND INFRASTRUCTURE DEVELOPMENT CORPORATION Ltd.),Completed,ROAD TRANSPORT AND HIGHWAYS / NHIDCL,Tripura,06/2020,347.36,347.36,347.36,224.48,01/2022,7/2023,4/4,100.00%,January 2021,October 2023,34
N24001312,LANING OF CHURACHANDPUR TUIVAI SECTION OF NH-102B (1A PACKAGES) EPC(NATIONAL HIGHWAYS AND INFRASTRUCTURE DEVELOPMENT CORPORATION Ltd.),Completed,ROAD TRANSPORT AND HIGHWAYS / NHIDCL,Manipur,3/2020,167.95,167.95,167.95,84.16,6/2022,5/2023,4/4,100.00%,May 2021,August 2023,27
N24000322,National Highways And Infrastructure Development Corporation Ltd. 301 FOUR LANING FROM GOHPUR TO HOLONGI SECTION FROM KM 264.10 OF NH 52 TO KM 20.37 OF NH 52A,Completed,ROAD TRANSPORT AND HIGHWAYS / NHIDCL,Assam,03/2015,168.39,168.39,168.39,259.79,11/2018,10/2022,4/4,100.00%,December 2015,February 2023,81
N24000616,National Highways And Infrastructure Development Corporation Ltd. CONSTRUCTION OF 2-LANE ROAD FROM EXISTING KM 21.500 OF HUNLI-ANINI ROAD( NEAR ITHUN BRIDGE) TO KM 37,Completed,ROAD TRANSPORT AND HIGHWAYS / NHIDCL,Arunachal Pradesh,04/2016,245.79,322.15,322.15,260.5,,10/2022,4/4,100.00%,September 2016,March 2023,79
N24000695,National Highways And Infrastructure Development Corporation Ltd. RHENOK-RORAHTHANG-PAKYONG ON NH 717A,Completed,ROAD TRANSPORT AND HIGHWAYS / NHIDCL,Sikkim,04/2017,388,530.67,530.67,478.17,10/2017,5/2022,4/4,100.00%,August 2017,January 2023,66
N24000678,TWO LANING OF AKAJAN LIKABALI BAME ROAD ON EPC BASIS FROM EXISTING KM 71.000 TO KM 99.000 (DESIGN KM (NATIONAL HIGHWAYS AND INFRASTRUCTURE DEVELOPMENT CORPORATION Ltd.),Completed,ROAD TRANSPORT AND HIGHWAYS / NHIDCL,Arunachal Pradesh,03/2017,284.09,323.49,323.49,284.02,04/2017,12/2022,4/4,100.00%,April 2017,June 2023,75
N24000679,TWO LANING OF EXISTING HAYULIANG HAWAI ROAD ON EPC BASIS FROM DESIGN KM. 17.000 (KHUPA) TO KM. 34.00 (NATIONAL HIGHWAYS AND INFRASTRUCTURE DEVELOPMENT CORPORATION Ltd.),Completed,ROAD TRANSPORT AND HIGHWAYS / NHIDCL,Arunachal Pradesh,02/2017,195.23,252.79,252.79,209.93,04/2017,1/2023,4/4,100.00%,April 2017,June 2023,75
N24000680,TWO LANING OF EXISTING HAYULIANG HAWAI ROAD ON EPC BASIS FROM DESIGN KM. 34.000 TO KM. 51.825 [EXIST (NATIONAL HIGHWAYS AND INFRASTRUCTURE DEVELOPMENT CORPORATION Ltd.),Completed,ROAD TRANSPORT AND HIGHWAYS / NHIDCL,Arunachal Pradesh,02/2017,203.36,263.31,263.31,210.65,04/2017,3/2023,4/4,100.00%,April 2017,June 2023,75
N24000690,TWO LANING OF EXISTING KHUPA HAYULIANG HAWAI ROAD ON EPC BASIS FROM DESIGN KM. 0.000 (KHUPA) TO KM. (NATIONAL HIGHWAYS AND INFRASTRUCTURE DEVELOPMENT CORPORATION Ltd.),Completed,ROAD TRANSPORT AND HIGHWAYS / NHIDCL,Arunachal Pradesh,01/2017,198.22,252.05,252.05,173.22,04/2017,10/2022,4/4,100.00%,April 2017,March 2023,72
N24000866,UP-GRADATION TO 4-LANE WITH PAVED SHOULDER OF JAMMU- AKHNOOR SECTION OF NH-144A FROM CANAL HEAD (KM 0 (NATIONAL HIGHWAYS AND INFRASTRUCTURE DEVELOPMENT CORPORATION Ltd.),Completed,ROAD TRANSPORT AND HIGHWAYS / NHIDCL,Jammu & Kashmir,03/2018,404.17,404.17,404.17,166.1,08/2018,10/2022,4/4,100.00%,April 2019,April 2023,49
N28000120,"DEPARTMENT OF HIGHER EDUCATION Cpwd Of Higher Education 538 CONSTRUCTION OF VARIOUS BUILDINGS UNDER PHASE 1C AT IIT ROPAR, PUNJAB",Completed,URBAN DEVELOPMENT / CPWD,Punjab,01/2018,430,430,355,372.68,9/2018,6/2023,5/5,100.00%,August 2018,September 2023,62
N02000010,KAKRAPAR ATOMIC POWER PROJECT - 3 AND 4 (NPCIL ),Completed,ATOMIC ENERGY / NPCIL,Gujarat,10/2009,11459,22517,22517,21479,12/2015,3/2024,,100.00%,May 2011,September 2024,160
N06000083,Date of Commissioning Original (MM/YYYY) Cumulative Expenditure in Rs. Crore 1 CHURI BENTI UG (0.81 MTY) (CCL),Completed,COAL / CCL,Jharkhand,08/2007,163.51,163.51,163.51,133.35,03/2011,11/2024,,100.00%,April 2011,September 2024,161
N06000088,Date of Commissioning Original (MM/YYYY) Cumulative Expenditure in Rs. Crore 1 KARMA OCP (1.0MTY) (CCL),Completed,COAL / CCL,Jharkhand,06/2009,162.46,162.46,162.46,95.92,03/2014,9/2024,,100.00%,April 2011,July 2024,159
N06000158,VIJAY WEST OPENCAST PROJECT (SECL ),Completed,COAL / SECL,Chhattisgarh,05/2017,976.95,976.95,976.95,,03/2026,3/2026,,100.00%,July 2017,July 2024,80
N16000289,CITY GAS DISTRIBUTION (CGD) NETWORK BHUBANESHWAR,Completed,PETROLEUM / GAIL,Odisha,07/2017,243.53,243.53,243.53,237.03,07/2022,3/2024,10/10,100.00%,October 2017,March 2024,77
N16000327,CITY GAS DISTRIBUTION (CGD) NETWORK PATNA,Completed,PETROLEUM / GAIL,Bihar,10/2017,359.25,359.25,359.25,293.6,10/2022,3/2024,10/10,100.00%,May 2018,March 2024,70
N16000328,"CITY GAS DISTRIBUTION (CGD) NETWORK, CUTTACK",Completed,PETROLEUM / GAIL,Odisha,07/2017,182.2,182.2,182.2,144.55,07/2022,3/2024,9/9,100.00%,May 2018,March 2024,70
N16000329,"CITY GAS DISTRIBUTION (CGD) NETWORK, RANCHI",Completed,PETROLEUM / GAIL,Jharkhand,10/2017,226.45,226.45,226.45,257.39,10/2022,3/2024,19/19,100.00%,May 2018,March 2024,70
N16000389,"CITY GAS DISTRIBUTION, JAMSHEDPUR",Completed,PETROLEUM / GAIL,Jharkhand,10/2017,221.45,221.45,221.45,173.57,10/2022,3/2025,9/9,100.00%,June 2020,March 2024,45
N16000352,2ND GENERATION ETHANOL PLANT AT PANIPAT REFINERY (INDIAN OIL CORPORATION LIMITED),Completed,PETROLEUM / IOCL,Haryana,01/2019,909,909,909,853.82,01/2021,3/2024,6/6,100.00%,March 2019,January 2024,58
N16000321,CATALYST MANUFACTURING UNIT OF 1500 MTPA CAPACITY AT PANIPAT REFINERY (INDIAN OIL CORPORATION LIMITED),Completed,PETROLEUM / IOCL,Haryana,04/2018,206.63,340.76,340.76,284.95,02/2020,1/2024,7/7,100.00%,May 2018,January 2024,68
N16000324,DEVLEOPMENT OF GRID INFRASTRUCTURE FOR IMPORTING GRID POWER AT 220 KV AT BARAUNI REFINERY (INDIAN OIL CORPORATION LIMITED),Completed,PETROLEUM / IOCL,Bihar,12/2017,199.36,199.36,199.36,171.1,10/2020,1/2024,2/2,100.00%,May 2018,January 2024,68
N16000253,ENNORE THIRUVALLUR BENGALURU PUDUCHERRY NAGAPATTINAM MADURAITUTICORIN GAS PIPELINE (IOCL ),Completed,PETROLEUM / IOCL,Tamil Nadu,05/2016,4497,6025,6025,5519.37,,3/2025,,100.00%,January 2017,October 2024,93
N16000332,INCH CRUDE OIL PIPELINE IN HALDIA-BARAUNI SECTION OF PHBPL AND CONVERSION OF EXISTING 18 INCH HAL (INDIAN OIL CORPORATION LIMITED),Completed,PETROLEUM / IOCL,Odisha,03/2018,3712,3696,3696,2915.64,09/2022,3/2024,3/3,100.00%,July 2018,March 2024,68
N16000323,INFRASTRUCTURE DEVELOPMENT TO FACILITATE BULK IMPORT OF GRID POWER AT 220 KV AT MATHURA REFINERY,Completed,PETROLEUM / IOCL,Uttar Pradesh,08/2017,255.4,255.4,255.4,244.31,08/2020,3/2024,3/3,100.00%,May 2018,February 2024,69
N16000249,KOYALI AHMEDNAGAR SOLAPUR PIPELINE,Completed,PETROLEUM / IOCL,Maharashtra,05/2016,1945,2251,2251,2100.35,,2/2024,5/5,100.00%,January 2017,February 2024,85
N16000283,Meeting held with DM East Champaran on 25.06.2022. LPG BP PROJECT KHORDHA,Completed,PETROLEUM / IOCL,Odisha,12/2016,161.59,179.06,179.06,153.78,12/2019,12/2023,26/26,100.00%,August 2017,February 2024,78
N16000381,villages out of total 665 villages received. LPG BP PROJECT CHITTOOR,Completed,PETROLEUM / IOCL,Andhra Pradesh,07/2019,167,200.82,200.82,110.26,07/2022,2/2024,5/5,100.00%,January 2020,February 2024,49
N16000401,Commissioning Original (MM/YYYY) Cumulative Expenditure in Rs. Crore 1 DEVANGONTHI MARKETING TERMINAL (MANGALORE REFIN),Completed,PETROLEUM / MANGALORE REFIN,Karnataka,6/2020,200,304,304,255.87,06/2023,8/2024,,100.00%,December 2020,August 2024,44
N16000482,CONSTRUCTION OF TWO PRODUCED WATER TREATMENT PLANTS (PWTP) AT BECHARAJI AND SOBHASAN INSTALLATION OF (ONGC),Completed,PETROLEUM / ONGC,Gujarat,7/2021,320.2,320.2,187.61,176.01,7/2024,9/2024,,100.00%,May 2023,September 2024,16
N16000433,"GAS ASSISTED GRAVITY DRAINAGE SCHEME, KASOMARIGAON (ONGC )",Completed,PETROLEUM / ONGC,Assam,8/2021,218.38,218.38,218,100,02/2023,11/2024,,100.00%,December 2021,November 2024,33
180100210,PARBATI HEP (4X200 MW) (NHPC) II,Completed,POWER / NHPC,Himachal Pradesh,09/2002,3919.59,12160,11278.29,183,09/2009,09/2009,,100.00%,April 2011,May 2024,157
N18000277,"3/2029} 1,381.84 (N.A.) {1,803.00} 1,042.24 45.1 1756 DURGAPUR PP-III (2X20 MW) - NSPCL (NTPC )",Completed,POWER / NTPC,West Bengal,12/2016,529.68,633.8,679,558.39,11/2018,3/2024,,100.00%,August 2019,December 2024,64
N18000292,ANTA SOLAR 90 MW (NTPC ),Completed,POWER / NTPC,Rajasthan,1/2021,382.22,509.85,382.22,497.17,3/2022,3/2022,,100.00%,June 2021,December 2024,42
180100242,BARH STPP(3X660MW) NTPC,Completed,POWER / NTPC,Bihar,02/2005,8692.97,21312.11,21312.11,22311.28,11/2010,11/2024,,100.00%,April 2011,May 2024,157
N18000294,CHHATTARGARH 150 MW (NTPC ),Completed,POWER / NTPC,Rajasthan,2/2021,599.99,599.99,599.99,599.99,7/2022,3/2024,,100.00%,June 2021,December 2024,42
N18000212,TELANGANA SUPER THERMAL POWER PROJECT PHASE I (NTPC ),Completed,POWER / NTPC,Telangana,01/2016,10598.98,10998,10998,10437.71,07/2020,2/2024,,100.00%,April 2016,December 2024,98
N18000329,AUGMENTATION OF TRANSFORMATION CAPACITY IN SOUTHERN REGION. (PGCIL ),Completed,POWER / PGCIL,Multi-State,3/2022,176.22,176.22,176.22,95.43,03/2023,3/2024,,100.00%,April 2022,June 2024,26
N18000317,Grid Corporation Of India Limited 103 RELIABLE COMMUNICATION SCHEME UNDER CENTRAL SECTOR FOR NORTHERN REGION,Completed,POWER / PGCIL,Multi-State,11/2018,241.38,241.38,241.38,243.75,11/2021,6/2024,,100.00%,February 2022,June 2024,28
N18000305,Grid Corporation Of India Limited 107 TRANSMISSION SYSTEM STRENGTHENING SCHEME FOR EVACUATION OF POWER FROM SOLAR ENERGY ZONES IN RAJASTHA,Completed,POWER / PGCIL,Rajasthan,6/2021,713.82,713.82,713.82,671.59,12/2022,8/2024,,100.00%,February 2022,August 2024,30
N18000302,IMPLEMENTATION OF 500 MVAR THYRISTOR CONTROLLED REACTOR AT KURUKSHETRA (PGCIL),Completed,POWER / PGCIL,Haryana,1/2019,267.33,267.33,267.33,111.63,03/2022,12/2023,,100.00%,February 2022,June 2024,28
N18000327,"NORTH EAST-NORTHERN/ WESTERN INTERCONNECTOR-I, PART-C (PGCIL )",Completed,POWER / PGCIL,Assam,3/2019,1326,1326,1520,1466.21,03/2023,12/2023,,100.00%,April 2022,June 2024,26
N18000316,NORTH EASTERN REGION STRENGTHENING SCHEME-XII (PGCIL ),Completed,POWER / PGCIL,Multi-State,5/2021,576.42,576.42,576.42,419.96,03/2023,8/2024,,100.00%,February 2022,November 2024,33
N18000341,POWERGRID NEEMUCH TRANSMISSION SYSTEM LIMITED (PGCIL),Completed,POWER / PGCIL,Multi-State,8/2022,863.99,863.99,863.99,547.13,2/2024,3/2024,,100.00%,October 2022,June 2024,20
N18000339,RELIABLE COMMUNICATION SCHEME UNDER CENTRAL SECTOR FOR SOUTHERN REGION (PGCIL),Completed,POWER / PGCIL,Multi-State,11/2018,173.94,173.94,173.94,130.76,11/2021,6/2023,,100.00%,August 2022,June 2024,22
N18000371,SCHEME TO RELIEVE HIGH LOADING OF WR-NR INTER REGIONAL CORRIDOR (PGCIL),Completed,POWER / PGCIL,Rajasthan,2/2023,200.58,200.58,200.58,134.39,5/2024,6/2024,,100.00%,October 2023,June 2024,8
N18000262,TRANSMISSION SYSTEM FOR EVACUTION OF POWER FROM NEYVELI LIGNITE CORP LTD TS - I (REPLACEMENT) IN NEY (PGCIL),Completed,POWER / PGCIL,Tamil Nadu,05/2017,186.17,186.17,219.66,180.54,07/2019,7/2019,,100.00%,October 2017,June 2024,80
N18000314,"TRANSMISSION SYSTEM FOR PROVIDING CONNECTIVITY TO RE PROJECTS AT BIKANER (PG), FATEHGARH-II AND BHAD (PGCIL)",Completed,POWER / PGCIL,Rajasthan,1/2020,562.86,545.88,545.88,409.38,01/2021,5/2023,,100.00%,February 2022,June 2024,28
N18000307,TRANSMISSION SYSTEM STRENGTHENING SCHEME FOR EVACUATION OF POWER FROM SOLAR ENERGY ZONES IN RAJASTHA (PGCIL ),Completed,POWER / PGCIL,Rajasthan,6/2021,1006,1006,1006,884.11,12/2022,10/2024,,100.00%,February 2022,November 2024,33
N18000303,TRANSMISSION SYSTEM STRENGTHENING SCHEME FOR EVACUATION OF POWER FROM SOLAR ENERGY ZONES IN RAJASTHA (PGCIL),Completed,POWER / PGCIL,Rajasthan,3/2021,353.85,353.85,353.85,273.06,12/2022,12/2023,,100.00%,February 2022,June 2024,28
N24002047,6L ACCESS CONTROLLED HIGHWAY FROM JN WITH JAITPUR PUSHTA ROAD TO JN WITH SECTOR 62/65 DIVIDING ROAD (NHAI ),Completed,RAILWAYS,Haryana,5/2020,1328.07,2346,2346,1087.16,8/2023,10/2024,,100.00%,February 2024,October 2024,9
N22000195,AGARTALA-AKHAURA NL (NFR ),Completed,RAILWAYS / NFR,Tripura,04/2012,569.63,708.73,380.92,84,,9/2022,,100.00%,July 2013,September 2024,134
N24001218,"12/1/2022 2,298.00 10 REHABILITATION AND UPGRADATION OF NH 111 FROM KM 163.400 TO 215.800 SHIVNAGAR TO AMBIKAPUR SECTION (MoRTH)",Completed,ROAD TRANSPORT AND HIGHWAYS / MoRTH,Chhattisgarh,11/2015,335.32,397.32,335.32,345.52,06/2017,7/2024,,100.00%,November 2019,August 2024,57
N24001105,12/2023} 218.38 (N.A.) {218.38} 182.63 99.78 966 CHIMUR TO WARORA (MoRTH ),Completed,ROAD TRANSPORT AND HIGHWAYS / MoRTH,Maharashtra,11/2016,467.7,467.7,467.7,235.04,03/2019,3/2019,,100.00%,May 2019,September 2024,64
N24000892,2L+PS OF THIKRI ANJAD SECTION OF NH-347B (MoRTH ),Completed,ROAD TRANSPORT AND HIGHWAYS / MoRTH,Madhya Pradesh,11/2017,249.05,249.05,249.05,221.19,07/2018,8/2021,,100.00%,April 2019,December 2024,68
N24001219,6/1/2017 345.52 11 REHABILITATION AND UPGRADATION OF NH 200 FROM KM 178.944 TO 241.553 BANARI VILLAGE TO MASANIA KALA V (MoRTH),Completed,ROAD TRANSPORT AND HIGHWAYS / MoRTH,Chhattisgarh,01/2016,476.2,610.18,543.73,501.42,09/2016,7/2024,,100.00%,November 2019,August 2024,57
N24001048,8/2023} 210.81 (N.A.) {210.81} 210.81 96.5 943 MEHKAR TO AJISPUR (MoRTH ),Completed,ROAD TRANSPORT AND HIGHWAYS / MoRTH,Maharashtra,01/2017,232.77,232.77,232.77,151.6,07/2019,8/2023,,100.00%,May 2019,September 2024,64
N24001463,ALLAHGANJ TO MIRANPUR KATRA SECTION OF NH-730C FROM KM.52.770 TO 114.00 (MoRTH ),Completed,ROAD TRANSPORT AND HIGHWAYS / MoRTH,Uttar Pradesh,4/2020,294.84,309.99,294.84,293.39,7/2024,2/2024,,100.00%,September 2022,December 2024,27
N24001460,CONSTRUCTION OF 4 LANE ELEVATED VIADUCT AT KM. 7.500 MUNSHI PULIA OF NH-24A (MoRTH),Completed,ROAD TRANSPORT AND HIGHWAYS / MoRTH,Uttar Pradesh,12/2021,170.6,170.6,170.6,153.26,9/2024,7/2024,,100.00%,September 2022,July 2024,22
N24000926,CONSTRUCTION OF SIGNATURE BRIDGE BETWEEN DWARKA AND BEY DWARKA AND ITS APPROACHES IN THE STATE OF GU EPC(MINISTRY OF ROAD TRANSPORT AND HIGHWAYS (STATE PWDs)),Completed,ROAD TRANSPORT AND HIGHWAYS / MoRTH,Gujarat,08/2017,962.43,978.93,978.93,892.54,03/2018,05/2024,,100.00%,May 2019,April 2024,59
N24000887,CONSTRUCTION OF TWINS 2- LANE ROB AND ITS APPROACHES IN REPLACEMENT OF EXISTING LEVEL CROSSING GATE N (MoRTH ),Completed,ROAD TRANSPORT AND HIGHWAYS / MoRTH,West Bengal,06/2016,236.78,263.26,263.26,232.54,08/2019,1/2025,,100.00%,April 2019,December 2024,68
N24000922,DEVELOPMENT OF CHILODA GANDHINAGAR SARKHEJ OF NH 147 OLD NH 8C FROM KM 0/0 TO KM 44/042 IN THE STATE EPC(MINISTRY OF ROAD TRANSPORT AND HIGHWAYS,Completed,ROAD TRANSPORT AND HIGHWAYS / MoRTH,Gujarat,12/2017,867.97,913.49,913.49,795.92,11/2018,06/2024,,100.00%,May 2019,April 2024,59
N24001062,DHAD BHOKARDAN TO BHOKARDHAN SILLOD (MoRTH ),Completed,ROAD TRANSPORT AND HIGHWAYS / MoRTH,Maharashtra,03/2018,336.21,336,336.21,236.11,12/2019,3/2024,,100.00%,May 2019,September 2024,64
N24000928,FOUR LANING OF 5.122 KM OF NH9(NEW NH 65) FROM KM 269.900(DESIGN CH0.0) TO KM 275/622(DESIGN CH 5.12 (MoRTH ),Completed,ROAD TRANSPORT AND HIGHWAYS / MoRTH,Andhra Pradesh,10/2015,333.21,353.43,342.71,100,12/2015,1/2021,,100.00%,May 2019,September 2024,64
N24001073,KOTHARI TO DHANORA (MoRTH),Completed,ROAD TRANSPORT AND HIGHWAYS / MoRTH,Maharashtra,09/2018,301.38,301,301.38,240.32,08/2020,8/2020,,100.00%,May 2019,September 2024,64
N24000940,REHABILITATION AND UPGRADATION OF KARNATATKA/AP BORDER-GOOTY SECTION FROM KM 368.920 TO KM 424.225 O (MoRTH),Completed,ROAD TRANSPORT AND HIGHWAYS / MoRTH,Andhra Pradesh,03/2016,995.09,995,995,64,05/2016,05/2016,,100.00%,May 2019,May 2024,60
N24000968,REHABILITATION AND UPGRADATION OF MACHILIPATNAM TO AVANIGADDA SECTION FROM KM84/550 - 124/200 OF NH2 (MoRTH),Completed,ROAD TRANSPORT AND HIGHWAYS / MoRTH,Andhra Pradesh,11/2016,376.25,414.44,70,,08/2017,08/2017,,100.00%,May 2019,May 2024,60
N24000939,REHABILITATION AND UPGRADATION OF NEW NH-544E FROM KM. 0.000 TO KM 56.803 OF KODIKONDA - MADAKASIRA (MoRTH),Completed,ROAD TRANSPORT AND HIGHWAYS / MoRTH,Andhra Pradesh,03/2018,504.19,504,504,78,11/2018,11/2018,,100.00%,May 2019,May 2024,60
N24000422,REHABILITATION AND UPGRADATION OF NH- 42 FROM KM 4-350 TO KM 75-600 (MoRTH ),Completed,ROAD TRANSPORT AND HIGHWAYS / MoRTH,Andhra Pradesh,3/2015,309.01,309.01,309.01,100,9/2015,5/2018,,100.00%,August 2022,October 2024,26
N24000932,REHABILITATION AND UPGRADATION OF NH-340 FROM KM 0/0 TO KM 60/380 (DESIGN CH. 0/000 TO 60/025 EXCLUD (MoRTH),Completed,ROAD TRANSPORT AND HIGHWAYS / MoRTH,Andhra Pradesh,01/2017,319.28,319.28,241.94,100,08/2017,7/2022,,100.00%,May 2019,September 2024,64
N24000929,REHABILITATION AND UPGRADATION OF NH219(NEW NH42) FROM KM 244.930 TO 299.775 (MADANAPALLI PUNGANURU (MoRTH),Completed,ROAD TRANSPORT AND HIGHWAYS / MoRTH,Andhra Pradesh,09/2016,372.68,309.37,274.76,100,02/2017,2/2022,,100.00%,May 2019,September 2024,64
N24000963,REHABILITATION AND UPGRADATION OF NH565 FROM EXISTING KM 361.330(DORNALA T JUNCTION) TO KM 420.800(P (MoRTH ),Completed,ROAD TRANSPORT AND HIGHWAYS / MoRTH,Andhra Pradesh,01/2018,418.03,386.99,386.99,365.55,08/2018,12/2021,,100.00%,May 2019,September 2024,64
N24001041,SHIROD SHAHPURER TO NANDED (MoRTH),Completed,ROAD TRANSPORT AND HIGHWAYS / MoRTH,Maharashtra,01/2017,211.34,211.34,211.34,136.33,07/2019,12/2023,,99.90%,May 2019,September 2024,64
N24001197,UP GRADATION OF NEWLY DECLARED NH 341 TO TWO LANE WITH PAVED SHOULDER CONFIGURATION BETWEEN KM. 65.4 (MINISTRY OF ROAD TRANSPORT AND HIGHWAYS,Completed,ROAD TRANSPORT AND HIGHWAYS / MoRTH,Gujarat,03/2018,351,270,270,139,06/2021,07/2023,,100.00%,August 2019,April 2024,56
N24001380,WIDENING EXISTING 2 LANE TO 4 LANE WITH PAVED SHOULDER INCLUDING STRENGTHENING CARRIAGEWAY FROM KM 8 (MoRTH),Completed,ROAD TRANSPORT AND HIGHWAYS / MoRTH,Tamil Nadu,08/2020,302.62,345.62,345.62,324.68,02/2021,5/2024,,100.00%,August 2021,June 2024,28
N24001454,WIDENING FROM TWO LANE TO TWO LANE WITH PAVED SHOULDER FROM KM 34/000 TO 49/000 AND TWO LANE TO FOUR EPC(MINISTRY OF ROAD TRANSPORT AND HIGHWAYS,Completed,ROAD TRANSPORT AND HIGHWAYS / MoRTH,Tamil Nadu,2/2022,184.15,184.15,184.15,184.21,8/2022,8/2024,4/4,100.00%,August 2022,March 2024,19
N24001376,WIDENING OF EXISTING ROAD TO 2 LANE WITH PAVED SHOULDER FROM HUKANJURI TO KHONSA SECTION OF NH-315A (MoRTH ),Completed,ROAD TRANSPORT AND HIGHWAYS / MoRTH,Arunachal Pradesh,3/2021,182.55,182.55,182.55,119.02,09/2021,3/2027,,100.00%,August 2021,June 2024,34
N24001645,4L OF MALOUT-MANDI DABWALI SECTION PKG-01 DANEWALA AT KM 7.000 TO MANDI DABWALI AT KM 29.500 OF NH-0 (NHAI ),Completed,ROAD TRANSPORT AND HIGHWAYS / NHAI,Punjab,12/2020,366.85,366.85,366.85,519.77,6/2023,2/2024,,100.00%,April 2023,September 2024,17
N24001597,BALANCE WORK OF RANCHI- MAHULIA SECTION OF NH-33 FROM KM 113.730 (VIKAS) TO KM 140.000 (RAMPUR) (PKG- (NHAI ),Completed,ROAD TRANSPORT AND HIGHWAYS / NHAI,Jharkhand,1/2019,466.55,518,466.55,,12/2020,7/2024,,100.00%,March 2023,October 2024,19
N24001784,CONSTRUCTION OF EIGHT LANE EXPRESSWAY STARTING AT CH. 47+000 NEAR KHANPUR GHATI AND ENDS AT HARYANA (NHAI ),Completed,ROAD TRANSPORT AND HIGHWAYS / NHAI,Haryana,11/2018,1935.61,1935.61,1935.61,856.41,9/2021,10/2024,,99.90%,May 2023,September 2024,16
N24000662,CONSTRUCTION OF PARTIALLY ACESS CONTROLLED FOUR LANE ELEVATED HIGHWAY BETWEEN SAMRALA CHOWK (DESIGN (NHAI),Completed,ROAD TRANSPORT AND HIGHWAYS / NHAI,Punjab,03/2017,754.54,808.6,808.6,800.29,03/2020,8/2024,,100.00%,March 2017,July 2024,88
N24001414,DELHI-AMRITSAR-KATRA EXPRESSWAY (PHASE-I PKG-VI) FROM JUNCTION WITH PATIALA-SAMANA- PATRAN ROAD (SH-1 (NHAI),Completed,ROAD TRANSPORT AND HIGHWAYS / NHAI,Punjab,12/2020,733,908.28,908.28,868.44,01/2024,7/2024,,100.00%,October 2021,September 2024,35
N24001752,FOUR LANING OF BAL. WORKS OF BARASAT-KRISHNAGAR FROM KM.48.553 TO KM.115.272 (NHAI ),Completed,ROAD TRANSPORT AND HIGHWAYS / NHAI,West Bengal,12/2018,2375.87,2843.79,2843.79,2371.78,2/2023,11/2024,,100.00%,April 2023,October 2024,18
N24000558,NAGPUR RING ROAD PACKAGE-1 (NHAI ),Completed,ROAD TRANSPORT AND HIGHWAYS / NHAI,Maharashtra,03/2016,546,546,528.35,100,,9/2024,,100.00%,April 2016,November 2024,103
N24001231,PACKAGE-21 CONSTRUCTION OF EIGHTLANE ACCESS- CONTROLLED EXPRESSWAY CARRIAGEWAY FROM KAMLIYA VILLAGE (NATIONAL HIGHWAYS AUTHORITY OF INDIA),Completed,ROAD TRANSPORT AND HIGHWAYS / NHAI,Madhya Pradesh,2/2019,4265.42,990.97,4708.42,3121.76,12/2019,7/2024,0/0,100.00%,September 2020,March 2024,42
N24001232,PACKAGE-24 CONSTRUCTION OF EIGHTLANE ACCESS- CONTROLLED EXPRESSWAY CARRIAGEWAY FROM RANNI VILLAGE TO,Completed,ROAD TRANSPORT AND HIGHWAYS / NHAI,Delhi,02/2019,847,847,847,920.5,03/2020,4/2024,3/3,100.00%,September 2020,March 2024,42
N24001234,PACKAGE-25 CONSTRUCTION OF EIGHTLANE ACCESS- CONTROLLED EXPRESSWAY CARRIAGEWAY FROM MIYATI VILLAGE T,Completed,ROAD TRANSPORT AND HIGHWAYS / NHAI,Madhya Pradesh,2/2019,996.27,996.27,996.27,1079,03/2020,4/2024,3/3,100.00%,September 2020,March 2024,42
N24001185,SIX LANING OF CHAKERI TO ALLAHABAD SECTION OF NH-2 FROM KM 483.687 TO KM 628.753 (DESIGN LENGTH ? 14 (NHAI ),Completed,ROAD TRANSPORT AND HIGHWAYS / NHAI,Uttar Pradesh,11/2017,2159,2262,2262,2249.93,01/2019,12/2024,,100.00%,August 2019,December 2024,64
N24001672,SIX LANNING OF MANDI DABWALI (PUNJAB/HARYANA BORDER)- CHAUTALA ROAD SECTION FROM PROPOSED MANDI DABW (NHAI),Completed,ROAD TRANSPORT AND HIGHWAYS / NHAI,Haryana,1/2021,864.27,864,864.27,586.82,1/2024,9/2024,,99.96%,April 2023,September 2024,16
N24001352,11/2024} 188.36 (N.A.) {188.36} 126.71 97.95 103 IMPHAL ? MOREH PACKAGE- 3 (NHIDCL ),Completed,ROAD TRANSPORT AND HIGHWAYS / NHIDCL,Manipur,3/2021,259.31,259.31,259.31,144.94,12/2022,6/2024,,100.00%,July 2021,December 2024,40
N24001399,12/2024} 234.08 (N.A.) {234.08} 139.45 90.34 1064 IMPHAL ? MOREH (PACKAGE 4) (NHIDCL ),Completed,ROAD TRANSPORT AND HIGHWAYS / NHIDCL,Manipur,3/2021,277.99,277.99,277.99,146.35,01/2023,4/2024,,100.00%,September 2021,November 2024,37
N24001285,2 LANING OF KOHIMA - JESSAMI SECTION (PACKAGE IV) EPC(NATIONAL HIGHWAYS AND INFRASTRUCTURE DEVELOPMENT CORPORATION Ltd.),Completed,ROAD TRANSPORT AND HIGHWAYS / NHIDCL,Nagaland,3/2020,330.78,330.78,221,,12/2021,03/2023,,100.00%,January 2021,April 2024,39
N24001318,2-LANING OF KHOWAI -AGARTALA SECTION FROM DESIGN KM 31.300 TO KM 45.300 OF NH-208A PKG-3 (NHIDCL ),Completed,ROAD TRANSPORT AND HIGHWAYS / NHIDCL,Tripura,9/2020,173.17,173.17,93.35,100,4/2022,5/2024,,100.00%,May 2021,November 2024,42
N24001398,4/2025} 310.76 (N.A.) {310.76} 110.92 74.16 115 MARIAM - PEREN (PKG 2A) (NHIDCL ),Completed,ROAD TRANSPORT AND HIGHWAYS / NHIDCL,Manipur,7/2021,204.58,204.58,204.58,126.78,03/2023,3/2023,,100.00%,September 2021,June 2024,33
N24001283,9/1/2016 502.91 12 CONSTRUCTION OF TWO LANE WITH PAVED SHOULDER OF SELLING-DULTE SECTION OF NH-06 (PKG-IV) (NHIDCL),Completed,ROAD TRANSPORT AND HIGHWAYS / NHIDCL,Mizoram,3/2020,281.78,253.41,253.41,237.91,07/2022,1/2024,,100.00%,January 2021,August 2024,41
N24001351,9/2024} 188.36 (N.A.) {188.36} 120.27 94.92 1060 MARIAM - PEREN PKG-2B (NHIDCL ),Completed,ROAD TRANSPORT AND HIGHWAYS / NHIDCL,Manipur,2/2021,232.26,232.26,232.26,156.93,12/2022,3/2024,,100.00%,July 2021,August 2024,35
N24000944,CONSTRUCTION OF 2 LANING OF EXISTING HUNLI- ANINI ROAD ON EPC BASIS FROM DESIGN KM 106.200 TO KM 120. (NHIDCL),Completed,ROAD TRANSPORT AND HIGHWAYS / NHIDCL,Arunachal Pradesh,12/2016,200.44,200.44,200.44,161.25,,9/2023,,100.00%,May 2019,July 2024,62
N24001321,DEMBUEN - BRUNI EPC(NATIONAL HIGHWAYS AND INFRASTRUCTURE DEVELOPMENT CORPORATION Ltd.),Completed,ROAD TRANSPORT AND HIGHWAYS / NHIDCL,Arunachal Pradesh,12/2020,606.63,606.63,606.63,281.69,3/2023,9/2023,4/4,100.00%,May 2021,January 2024,30
N24001452,DIBRUGARH-LAHOAL-CHABUA BYPASS PACKAGE-2 (NHIDCL ),Completed,ROAD TRANSPORT AND HIGHWAYS / NHIDCL,Assam,4/2022,170.95,170.95,170.95,125.71,7/2024,8/2024,,100.00%,August 2022,November 2024,26
N24001357,DULTE- KWALKULH - CHAMPAI PKG.3 (NHIDCL),Completed,ROAD TRANSPORT AND HIGHWAYS / NHIDCL,Mizoram,3/2021,674.71,674.71,674.71,589.25,06/2023,1/2024,,100.00%,July 2021,September 2024,36
N24000902,FOUR LANING OF BALACHERA- HARANGAJAO SECTION OF NH-54 (EXT) FROM KM 275.00 TO KM 244.000 IN THE STATE (NHIDCL ),Completed,ROAD TRANSPORT AND HIGHWAYS / NHIDCL,Assam,10/2017,818,887.68,887.68,874.3,,4/2024,,100.00%,April 2019,November 2024,67
N24000903,IMPROVEMENT/WIDENING TO 2-LANE WITH EARTHEN SHOULDERS FROM RANIKOR TO NONGJRI EXISTING CHAINAGE FROM (NHIDCL ),Completed,ROAD TRANSPORT AND HIGHWAYS / NHIDCL,Meghalaya,03/2019,306.28,306.28,233.49,100,05/2019,12/2023,,100.00%,April 2019,September 2024,65
N24001392,JORAM ? KOLORIANG ROAD FROM EXISTING KM104.850 TO KM 122.60 (PKG- 6) (NHIDCL ),Completed,ROAD TRANSPORT AND HIGHWAYS / NHIDCL,Arunachal Pradesh,8/2020,199.03,199.03,102.85,100,04/2022,7/2023,,100.00%,September 2021,September 2024,36
N24001330,KARGIL-ZANSKR PACKAGE-5,Completed,ROAD TRANSPORT AND HIGHWAYS / NHIDCL,Ladakh,8/2020,169.79,217.99,169.79,200.8,12/2023,6/2023,4/4,100.00%,May 2021,February 2024,31
N24001346,KARGIL-ZANSKR PACKAGE-6 EPC(NATIONAL HIGHWAYS AND INFRASTRUCTURE DEVELOPMENT CORPORATION Ltd.),Completed,ROAD TRANSPORT AND HIGHWAYS / NHIDCL,Ladakh,1/2021,239.81,265.41,239.81,281,05/2024,12/2023,4/4,100.00%,July 2021,March 2024,28
N24001347,KARGIL-ZANSKR PACKAGE-7 EPC(NATIONAL HIGHWAYS AND INFRASTRUCTURE DEVELOPMENT CORPORATION Ltd.),Completed,ROAD TRANSPORT AND HIGHWAYS / NHIDCL,Ladakh,1/2021,308.86,328.6,308.86,340.05,06/2024,12/2023,4/4,100.00%,July 2021,March 2024,30
N24001267,REHABILITATION AND UP-GRADATION OF ROAD FROM DESIGN KM 11.800 TO KM 25.250 OF KAILASHAHAR-KURTI BRID EPC(NATIONAL HIGHWAYS AND INFRASTRUCTURE DEVELOPMENT CORPORATION Ltd.),Completed,ROAD TRANSPORT AND HIGHWAYS / NHIDCL,Tripura,3/2020,178.43,208.74,208.74,86.76,07/2022,10/2023,4/4,100.00%,January 2021,March 2024,38
N24001333,TWO- LANE WITH PAVED SHOULDER CONFIGURATION OF IMPHAL - MOREH SECTION OF NH-39 FROM KM 330 TO KM 350 (NHIDCL ),Completed,ROAD TRANSPORT AND HIGHWAYS / NHIDCL,Assam,9/2019,761.54,820.56,761.54,430.31,5/2023,5/2023,,100.00%,May 2021,July 2024,36
N24001248,WIDENING/IMPROVEMENT TO 4- LANE WITH PAVED SHOULDER FROM CH.75.330KM TO CH.88.00KM (DESIGN CH.71.800 (NHIDCL ),Completed,ROAD TRANSPORT AND HIGHWAYS / NHIDCL,Assam,8/2020,208.84,208.84,208.84,193.59,04/2022,7/2024,,100.00%,January 2021,December 2024,47
N12000126,UP GRADATION OF AUTOMATION SYSTEM OF HOT STRIP MILL AT BOKARO STEEL PLANT (SAIL),Completed,STEEL / SAIL,Jharkhand,2/2022,207.74,207.74,207.74,185.01,06/2024,6/2024,,100.00%,March 2022,June 2024,25
N28000097,CHENNAI METRO RAIL LTD (PHASE 1 EXT) (CMRL ),Completed,URBAN DEVELOPMENT / CMRL,Tamil Nadu,06/2016,3770,3770,3770,2527.73,03/2018,2/2021,,100.00%,February 2017,November 2024,93
N28000089,"C/O OF 152 NOS TYPE-II,304 NOS,TYPE-III,76 NOS, TYPE-IV QTRS. FOR INCOME TAX DEPARTMENT AT CHENNAI (CPWD FOR FINANC )",Completed,URBAN DEVELOPMENT / CPWD,Tamil Nadu,12/2015,209,262,14,,,10/2022,,100.00%,November 2015,May 2024,102
N28000075,CONSTRUCTION OF MEGA HOSTEL II FOR NIT CALICUT KERALA,Completed,URBAN DEVELOPMENT / CPWD,Kerala,01/2010,165.23,165.23,343,,10/2012,10/2012,,100.00%,September 2014,April 2024,115
N28000103,"RESIDENTIAL QUATERS FOR HAL,BANGLORE",Completed,URBAN DEVELOPMENT / CPWD,Karnataka,12/2016,195,200,246.31,162,02/2020,,,100.00%,July 2017,March 2024,80
N28000136,DELHI METRO RAIL EXTENSION FROM NAJAFGARH TO DHANSA BUS STAND (DMRC ),Completed,URBAN DEVELOPMENT / DMRC,Delhi,05/2017,565,739.49,565,522.33,12/2020,11/2022,,100.00%,November 2019,November 2024,60
N30000029,DETAILED PROJECT REPORT FOR I AND D SEWERAGE SYSTEM AND STP FOR ASANSOL AND KULTI TOWNS (KMDA ),Completed,WATER RESOURCES / KMDA,West Bengal,01/2019,384.96,384.96,384.96,,04/2022,12/2024,,100.00%,November 2019,October 2024,59
N04000081,"AIRSIDE CAPACITY ENHANCEMENT OF NSBI AIRPORT, KOLKATA (AAI )",Completed,CIVIL AVIATION / AAI,West Bengal,01/2019,389.71,397,397,396.61,11/2021,5/2023,,100.00%,July 2019,June 2025,70
N04000088,"C/O NEW GREENFIELD AIRPORT AT HISSAR, RAJKOT, GUJARAT (AAI )",Completed,CIVIL AVIATION / AAI,Gujarat,1/2018,1405,1405,1304.63,100,08/2022,12/2024,,100.00%,December 2020,June 2025,53
N04000086,"CO CIVIL AVIATION REASEARCH ORG. (PH- II) AT BEGUMPET AIRPORT, HYDRABAD (AAI )",Completed,CIVIL AVIATION / AAI,Telangana,5/2020,353.61,353.61,303.22,100,05/2022,6/2023,,100.00%,December 2020,March 2025,50
N04000080,CONSTRUCTION OF ATC TOWER AND TECHNICAL BLOCK AT NSCBI AIRPORT KOLKATA (AAI ),Completed,CIVIL AVIATION / AAI,West Bengal,01/2016,458,458,251.64,100,03/2020,12/2023,,100.00%,July 2019,June 2025,70
N04000076,"CONSTRUCTION OF COMBINED OPERATIONAL OFFICES FOR DGCA, BCAS, AAIB, AERA AND AAI AT SAFDARJUNG AIRPOR (AAI )",Completed,CIVIL AVIATION / AAI,Delhi,11/2016,303.8,374.98,351.21,344.93,04/2020,4/2024,,100.00%,July 2019,June 2025,66
N04000085,"CONSTRUCTION OF DOMESTIC PASSENGER TERMINAL BUILDING AT DEHRADUN AIRPORT, DEHRADUN (AAI )",Completed,CIVIL AVIATION / AAI,Uttarakhand,07/2018,456.86,500,500,483.96,09/2020,9/2024,,100.00%,July 2019,June 2025,70
N04000079,"CONSTRUCTION OF NEW INTEGRATED TERMINAL BUILDING, RECONSTRUCTION OF OLD TERMINAL BUILDING, MODIFICAT (AAI )",Completed,CIVIL AVIATION / AAI,Maharashtra,03/2017,475.39,533.56,533.14,100,04/2021,12/2023,,100.00%,July 2019,June 2025,70
N04000094,DEVELOPMENT OF AYODHYA AIRPORT PHASE-01 (AAI ),Completed,CIVIL AVIATION / AAI,Uttar Pradesh,3/2021,242.14,328,358,344.58,12/2022,7/2025,,99.90%,March 2022,June 2025,36
N04000098,DEVELOPMENT OF GWALIOR AIRPORT PHASE 01 (AAI ),Completed,CIVIL AVIATION / AAI,Madhya Pradesh,10/2021,446.12,455,455,451.55,08/2023,8/2024,,100.00%,June 2022,June 2025,34
N04000090,DEVELOPMENT OF TUTICORIN AIRPORT (AAI ),Completed,CIVIL AVIATION / AAI,Tamil Nadu,6/2019,380.87,451.74,451.74,362.06,03/2022,4/2025,,100.00%,December 2020,June 2025,53
N04000089,EXT AND STR. OF EXISTING RUNWAY 08/26 AT TIRUPATI AIRPORT (AAI ),Completed,CIVIL AVIATION / AAI,Andhra Pradesh,8/2017,177.1,177.1,143.08,100,02/2020,1/2024,,100.00%,December 2020,March 2025,50
N04000096,"EXTENSION OF RUNWAY WITH BLAST PAD, RESA, TAXIWAY, APRON, GSE AREA, ISOLATION BAY, NEW DOMESTIC TERM (AAI )",Completed,CIVIL AVIATION / AAI,Maharashtra,6/2017,255.68,270,270,267.86,12/2020,4/2024,,100.00%,March 2022,June 2025,38
N04000093,"EXTENSION OF TERMINAL BUILDING, PTT, APRON AND CAR PARK AT SURAT AIRPORT. (AAI )",Completed,CIVIL AVIATION / AAI,Gujarat,8/2018,353.25,353.25,348.78,100,02/2021,3/2025,,100.00%,March 2022,June 2025,38
N04000073,"Progress (%) CIVIL AVIATION 1 CONSTRUCTION OF NEW INTEGRATED TERMINAL BUILDING AT VSI AIRPORT, PORTBLAIR (AAI )",Completed,CIVIL AVIATION / AAI,Multi-State,10/2013,417.23,707.73,707.73,698.8,,6/2023,,100.00%,October 2014,June 2025,127
N04000087,UPGRADATION OF JABALPUR AIRPORT (AAI ),Completed,CIVIL AVIATION / AAI,Madhya Pradesh,6/2016,412.24,412.24,403.17,100,06/2021,7/2024,,100.00%,December 2020,June 2025,53
N04000075,UPGRADATION OF PASSENGER TERMINAL BUILDING AND AIRSIDE FACILITIES AT TIRUCHIRAPALLI INTERNATIONAL AI (AAI ),Completed,CIVIL AVIATION / AAI,Tamil Nadu,08/2018,951.28,1112.49,1112.49,1112.49,10/2021,12/2023,,100.00%,July 2019,March 2025,67
N18000272,Khurja super Thermal Power Plant [2X660 MW] (THDC India Limited),Completed,COAL,Uttar Pradesh,03/2019,11089.42,13276.2,12951.99,100,09/2023,09/2025,,100.00%,April 2019,November 2025,78
N18000342,OMKARESHWAR FLOATING SOLAR POWER PROJECT [90 MW] (Satluj Jal Vidyut Nigam [SJVN] Thermal Limited),Completed,COAL,Madhya Pradesh,11/2022,646.17,646.17,646.17,,4/2024,,,100.00%,December 2022,July 2025,22
N18000328,Transmission system for evacuation of Power from Pakaldul HEP in Chenab Valley HEPs - LTA System (Power Grid Corporation of India Limited [POWERGRID]),Completed,COAL,Jammu & Kashmir,2/2022,318.12,318.12,317.12,100,04/2025,11/2025,,100.00%,April 2022,October 2025,41
N18000304,Transmission system strengthening scheme for evacuation of power from solar energy zones in Rajasthan[8.1 GW] under phase-II- Part E (Power Grid Corporation of India Limited [POWERGRID]),Completed,COAL,Rajasthan,3/2021,1433.28,1433,1418.67,98,12/2022,12/2025,,100.00%,February 2022,November 2025,33
N06000126,"Total 3,781.80 - COAL Bharat Coking Coal Limited 11 MADHUBAND NLW WASHERY",Completed,COAL / BCCL,Jharkhand,08/2010,289.45,302,302,300.01,05/2014,11/2023,,100.00%,May 2015,January 2025,116
N06000162,DUDHICHUA EXPANSION OCP (10 TO 20 MTPA) (NCL ),Completed,COAL / NCL,Madhya Pradesh,11/2017,1255.17,1255.17,1398.56,1254.21,03/2022,8/2024,,100.00%,July 2018,January 2025,78
N42000007,"CONSTRUCTION OF PERMANENT CAMPUS FOR IISER AT JANGALAPALLI VILLAGE, YERPEDU MANDAL, CHITTOOR DISTRIC (CPWD EDUCATION )",Completed,DEFENCE PRODUCTION / CPWD EDUCATION,Andhra Pradesh,9/2019,588.72,656.39,656.39,630.55,9/2022,6/2024,,100.00%,October 2020,June 2025,55
N28000131,CONSTRUCTION OF PERMANENT CAMPUS IIT JAMMU (PHASE 1C) (CPWD EDUCATION ),Completed,DEFENCE PRODUCTION / CPWD EDUCATION,Jammu & Kashmir,1/2018,676,1144.68,1144.68,54.75,,4/2025,,100.00%,October 2019,June 2025,65
N28000141,"DEPARTMENT OF HIGHER EDUCATION 316 C/O PERMANENT CAMPUS OF IIT BHILAI AT KUTHELABHATA, DURG CHHATTISGARH, STAGE I PHASE I. (CPWD EDUCATION )",Completed,DEFENCE PRODUCTION / CPWD EDUCATION,Chhattisgarh,3/2020,808.62,879.22,808.62,640.7,07/2022,3/2024,,100.00%,May 2020,June 2025,60
N42000002,"HIGHER EDUCATION 386 CONSTRUCTION OF PERMANENT CAMPUS FOR NATIONAL INSTITUTE OF TECHNOLOGY GOA AT CUNCOLIM, GOA. (CPWD EDUCATION )",Completed,DEFENCE PRODUCTION / CPWD EDUCATION,Goa,05/2019,303.9,390.4,390.4,360,03/2020,12/2024,,100.00%,December 2019,June 2025,65
N42000009,PERMANENT CAMPUS FOR IIM BODH GAYA (CPWD EDUCATION ),Completed,DEFENCE PRODUCTION / CPWD EDUCATION,Bihar,9/2018,375,375,375,342.18,09/2020,3/2025,,100.00%,January 2021,June 2025,52
N21000029,"CONSTRUCTION OF AIIMS AT JAMMU VIJAYPUR, SAMBA JAMMU AND KASHMIR (CPWD FOR HEALTH )",Completed,HEALTH AND FAMILY WELFARE / CPWD FOR HEALTH,Jammu & Kashmir,3/2019,1404,1642,1642,1461.68,09/2023,5/2025,,100.00%,December 2019,June 2025,65
N10000011,"9/2025} 4,103.00 (5,677.40) {5,677.40} 3,201.37 67.87 1219 UTKAL D AND E COAL BLOCK (NALCO )",Completed,MINES / NALCO,Odisha,05/2016,534,1021.97,829.39,88.5,01/2020,3/2024,,100.00%,March 2017,June 2025,98
N10000017,CONSTRUCTION OF RED MUD POND - II AT NALCO DAMANJODI ODISHA (NALCO ),Completed,MINES / NALCO,Odisha,9/2019,225.79,270.66,5,100,3/2023,5/2024,,100.00%,September 2023,June 2025,20
N28000153,"C/o 184 MS Flats for Hon'ble MPs at BKS Marg, New Delhi (Central Public Works Department [CPWD])",Completed,MINISTRY OF HOUSING & URBAN AFFAIRS,Delhi,1/2022,646.53,646.52,545.86,100,11/2024,09/2025,,100.00%,September 2022,October 2025,36
702682,Dibrugarh Water Supply Infrastructure Project (Ministry of Housing & Urban Affairs),Completed,MINISTRY OF HOUSING & URBAN AFFAIRS,Assam,01/2020,186.8,186.8,1664.41,100,03/2023,12/2025,,100.00%,August 2025,October 2025,3
N16000439,3/2030} 169.00 (N.A.) {169.00} 70.56 17.9 1120 NORTH EAST GAS GRID (IGGL ),Completed,PETROLEUM / IGGL,Multi-State,11/2020,9265,9265,9265,6270.19,03/2024,3/2027,,100.00%,April 2022,June 2025,35
N16000361,ADDITIONAL STORAGE TANKS AT PARADIP (IOCL ),Completed,PETROLEUM / IOCL,Odisha,11/2018,462.3,552.44,552.44,493.72,09/2021,3/2025,,100.00%,May 2019,April 2025,70
N16000436,PIPELINE REPLACEMENT PROJECT - VII (ONGC ),Completed,PETROLEUM / ONGC,Maharashtra,1/2022,3183.58,3645.23,3417,99.5,05/2024,3/2025,,100.00%,January 2022,January 2025,33
612688,"Construction of New OPD Block 200 Bed ward Basement + GF + 6 Floors at the location of old OPD block, at existing ESIC Hospital/ Medical college campus, Sanathnagar, Hyderabad (Employee's State Insurance Company [ESIC])",Completed,POWER,Telangana,11/2017,211.13,211.13,198.95,100,10/2021,06/2025,,100.00%,October 2025,October 2025,1
N18000372,TRANSMISSION SYSTEM FOR EVACUATION OF POWER FROM RAJASTHAN REZ PHASE-IV PART- I (BIKANER COMPLEX) PAR (PGCIL ),Completed,POWER,Rajasthan,6/2023,202.39,202.39,20.04,100,1/2025,2/2025,,100.00%,October 2023,January 2025,15
N18000293,BHENSARA 320 MW (NTPC ),Completed,POWER / NTPC,Rajasthan,1/2021,1221.73,1533.38,1533.38,1139.42,7/2022,3/2025,,100.00%,June 2021,May 2025,46
N18000296,"MW SOLAR PV PROJECT IN GUJARAT (LIMBDI, MESANKA AND RADHANPUR) (NTPC )",Completed,POWER / NTPC,Gujarat,5/2021,674.92,726.79,726.79,572.53,09/2022,4/2025,,100.00%,August 2021,May 2025,44
N18000177,NORTH KARANPURA STPP (3X660 MW) (NTPC ),Completed,POWER / NTPC,Jharkhand,02/2014,16242.9,16242.9,17323.08,98,02/2019,3/2025,,100.00%,December 2014,June 2025,125
N18000353,ER WR TRANSMISSION LIMITED (PGCIL ),Completed,POWER / PGCIL,Multi-State,3/2023,281.16,281.16,281.16,281.15,3/2025,6/2025,,100.00%,April 2023,June 2025,25
N18000264,HVDC BIPOLE LINK BETWEEN WR AND SR -NORTH TRICHUR - SCHEME -II AC SYSTEM STRENGTHENING AT PUGALUR EN (PGCIL ),Completed,POWER / PGCIL,Multi-State,08/2017,1931.39,2635.55,2635.55,1972.44,02/2020,9/2025,,100.00%,October 2017,January 2025,87
N18000343,SYSTEM STRENGTHENING SCHEME FOR EASTERN AND NORTH EASTERN REGION (PGCIL ),Completed,POWER / PGCIL,Multi-State,10/2022,307.87,307.87,307.87,298.87,10/2025,6/2025,,100.00%,December 2022,June 2025,29
N18000358,TRANSMISSION NETWORK EXPANSION IN GUJARAT ASSOCIATED WITH INTEGRATION OF RE PROJECTS FROM KHAVDA POT (PGCIL ),Completed,POWER / PGCIL,Gujarat,3/2023,815.12,815.12,815.12,758.09,3/2025,7/2025,,100.00%,April 2023,June 2025,25
N18000338,TRANSMISSION NETWORK EXPANSION IN GUJARAT TO INCREASE ATC FROM ISTS: PART C (PGCIL ),Completed,POWER / PGCIL,Gujarat,7/2022,186.19,186.19,186.19,71.53,03/2025,3/2025,,100.00%,July 2022,March 2025,31
N18000354,TRANSMISSION SYSTEM ASSOCIATED WITH WESTERN REGION EXPANSION SCHEME XXVII (PGCIL ),Completed,POWER / PGCIL,Chhattisgarh,3/2023,271.69,271.69,271.69,186.03,9/2024,3/2025,,100.00%,April 2023,March 2025,22
N18000355,TRANSMISSION SYSTEM ASSOCIATED WITH WESTERN REGION EXPANSION SCHEME- XXVIII AND XXIX (PGCIL ),Completed,POWER / PGCIL,Chhattisgarh,3/2023,260.3,260.3,260.3,187.79,3/2025,3/2025,,100.00%,April 2023,March 2025,22
N24001755,4-LANING OF MEERUT NAJIBABAD SECTION FROM KM. 11.500 TO KM 39.250 AND KM 86.590 TO KM. 112.545.IN TH (NHAI ),Completed,RAILWAYS,Uttar Pradesh,10/2019,1936.68,2458.03,1380.9,100,3/2023,12/2024,,100.00%,April 2023,June 2025,25
N24001722,6L OF MADURAVOYAL TO SRIPERUMBUDUR SECTION FROM KM. 13.800 TO KM. 37.000 OF NH-4 THROUGH STATE HIGH (NHAI ),Completed,RAILWAYS,Tamil Nadu,11/2021,463.44,463.07,463.44,334.8,2/2023,12/2024,,100.00%,April 2023,June 2025,25
N24001797,6L OF WAINGANGA BRIDGE - BHANDARA (INCLUDING BHANDARA BYPASS) SECTION FROM KM 485.000 TO KM 499.800 (NHAI ),Completed,RAILWAYS,Maharashtra,10/2021,815.77,815.77,815.77,732.7,1/2024,5/2025,,100.00%,May 2023,June 2025,24
N22000548,ADRAJ MOTI- VIAJAPUR (39.75 KM) (WR ),Completed,RAILWAYS,Gujarat,5/2022,296.54,296.54,178.95,80,5/2030,9/2025,,100.00%,August 2023,June 2025,21
N22000609,AZIMGANJ-MURSHIDABAD (JIYAGANJ) INCL. RLY. BRIDGE OVER RIVER BHAGIRATHI (ER ),Completed,RAILWAYS,West Bengal,10/2001,164.33,164.33,187.05,160.82,2/2024,2/2024,,100.00%,August 2023,April 2025,8
N24001936,BALANCE WORK OF CONTSRUCTION OF TWO/FOUR LANE WITH PAVED SHOULDER FROM KM. 54.370 TO KM. 101.400 (BI (MoRTH ),Completed,RAILWAYS,Karnataka,3/2021,344.79,344.79,10,90,3/2023,7/2024,,100.00%,October 2023,June 2025,19
N22000566,Bahraich - Nanpara - Nepalganj Road Gauge Conversion (North Eastern Railway [NER]),Completed,RAILWAYS,Uttar Pradesh,7/2020,950,550,507.02,100,12/2024,09/2025,,100.00%,August 2023,September 2025,24
N24002069,CONSTRUCTION OF ADDITIONAL 3 LANE WITH PAVED SHOULDER (DESIGN LENGTH 8.87 KM) AS REALIGNMENT OF BAKA (NHAI ),Completed,RAILWAYS,Madhya Pradesh,7/2022,209.29,492.83,209.29,140.22,8/2022,12/2024,,100.00%,February 2024,June 2025,16
N24001828,CONSTRUCTION OF BYPASS TO GUDIYATHAM TOWN IN KM 23/100 ? 29/250 INCLUDING LA AND SHIFTING OF NH-234 (MoRTH ),Completed,RAILWAYS,Tamil Nadu,1/2022,221.03,243.95,243.95,176.5,11/2024,5/2025,,100.00%,June 2023,June 2025,21
N24001775,CONSTRUCTION OF PROPOSED REWARI BYPASS (DESIGN LENGTH 14.4 KM) NH-11 AS A FEEDER ROUTE IN THE STATE (NHAI ),Completed,RAILWAYS,Haryana,2/2020,808.31,958,930.44,100,1/2023,12/2024,,100.00%,May 2023,June 2025,24
N24002013,CONSTRUCTION OF TWO LANE WITH PAVED SHOULDER FROM KM.0 TO KM. 80 ON NH 548B (VIJAYAPURA- SANKESWAR SE (MoRTH ),Completed,RAILWAYS,Karnataka,3/2021,766.64,766.64,13.55,75,8/2023,10/2024,,100.00%,January 2024,June 2025,17
N24001696,FOUR LANING OF JITTANDAHALLI TO DHARMAPURI SECTION OF NH-844 (PKG- III) FROM KM.60+100 TO KM.94+460 (NHAI ),Completed,RAILWAYS,Tamil Nadu,2/2019,1291.37,1291.37,215.02,,8/2023,12/2024,,100.00%,April 2023,June 2025,25
N24001829,FOUR LANING OF OTTANCHATRAM TO PALANI SECTION FROM KM 30/700 TO KM 55/000 OF NH 209(NEW NH- 83) INCLU (MoRTH ),Completed,RAILWAYS,Tamil Nadu,10/2022,172.15,172.15,172.15,163.82,11/2024,5/2025,,100.00%,May 2023,June 2025,16
N28000159,KOCHI METRO RAIL PROJECT PHASE IB SECTION FROM S N JUNCTION TO THRIPUNITHURA (KMRCL ),Completed,RAILWAYS,Kerala,6/2019,355.7,448,448.33,448.39,9/2023,9/2023,,100.00%,July 2024,May 2025,10
N28000156,National Building Construcion Corporation Ltd 1117 REDEVELOPMENT OF GPRA AT NETAJI NAGAR NEW DELHI PACKAGE 2,Completed,RAILWAYS,Delhi,10/2016,1536.72,1536.72,507.85,91.5,3/2024,3/2025,,100.00%,November 2023,June 2025,18
N26000118,OPTICAL TRANSPORT NETWORK (OTN) PH-4 IN BSNL (BSNL ),Completed,RAILWAYS,Multi-State,2/2024,810.99,810.99,810.99,635.37,8/2025,8/2025,,100.00%,March 2024,June 2025,15
705694,Provision of Work-site Tampers [WST] Railway Project (EDTK[MC]/RB),Completed,RAILWAYS,Delhi,01/2016,187.72,187.72,141.91,100,12/2023,01/2026,,100.00%,July 2025,November 2025,5
N24002018,REHABILITATION AND UPGRADATION TO 2-LANE WITH PAVED SHOULDER CONFIGURATION OF JIRAPUR- SUSNER-MP-RJ B (MoRTH ),Completed,RAILWAYS,Madhya Pradesh,1/2022,239.72,232.22,232.22,73.4,3/2024,3/2025,,100.00%,January 2024,June 2025,17
N24002153,"STRENGTHENING OF 2L+PS FROM KM 17/8 ? 18/2, CONSTRUCTION OF 2L+PS FROM KM 18/2 TO KM 20/0 AND CONSTR (MoRTH )",Completed,RAILWAYS,Multi-State,3/2023,169.68,169.68,169.68,145.29,2/2024,8/2025,,100.00%,August 2024,June 2025,10
N24002137,STRENGTHENING OF 6-LANE PIMPALGAON-NASHIK-GONDE (KM. 380 - KM. 440) SECTION OF NH-3 IN MAHARASHTRA U (NHAI ),Completed,RAILWAYS,Maharashtra,2/2024,175,206.49,206.49,198.54,3/2025,3/2025,,100.00%,June 2024,May 2025,11
N24002152,WIDENING FROM 2L+PS TO 4L/4L+PS AND IMPROVEMENTS THE SELECTED STRETHCES FROM KM 26/5 - 81/2 INCLU (MoRTH ),Completed,RAILWAYS,Multi-State,3/2023,274.84,274.84,274.84,265.83,11/2023,11/2025,,100.00%,August 2024,June 2025,10
N24002085,WIDENING OF RAEBARELI TO PRAYAGRAJ SECTION FROM KM. 82.650 TO KM. 161.450 OF NH- 30 AND LINK ROAD FRO (NHAI ),Completed,RAILWAYS,Uttar Pradesh,11/2023,1470.93,1470.93,1470.93,69.56,3/2025,3/2025,,100.00%,February 2024,April 2025,14
N24001945,WIDENING TO 2 LANE WITH PAVED SHOULDERS FROM KM 116.800 TO 149.070(DESIGN CHANGES) ON HOSADURGA HOL (MoRTH ),Completed,RAILWAYS,Karnataka,8/2022,170.34,170.34,4.25,72,2/2024,12/2024,,100.00%,October 2023,June 2025,19
N24001947,WIDENING TO EXISTING 2 LANE WITH PAVED SHOULDER TO 4 LANE WITH PAVED SHOULDER FROM DESIGN KM 153.00 (MoRTH ),Completed,RAILWAYS,Karnataka,2/2023,177.94,177.94,6.66,47,2/2025,2/2025,,100.00%,October 2023,June 2025,19
N24001943,WIDENING TO TWO LANE WITH PAVED SHOULDERS FROM KM. 33.13 TO KM. 40.23 AND KM. 52.00 TO KM. 71.00 (EX (MoRTH ),Completed,RAILWAYS,Karnataka,9/2022,172.98,172.98,6.48,65,3/2024,1/2025,,100.00%,October 2023,June 2025,19
N22000379,"3/2022} 1,547.38 (N.A.) {1,547.38} 1,202.08 88.5 1234 KORAPUT - SINGAPUR ROAD DOUBLING (ECOR )",Completed,RAILWAYS / ECOR,Odisha,04/2015,2362,2361.74,2361.74,1816.25,03/2021,3/2026,,100.00%,June 2016,June 2025,107
N22000523,DARBHANGA - BYPASS LINE CONNECTING SHISHO HALT AND KAKARGHATI EXCL DARBHANGA YARD (7.64 KM) (ECR ),Completed,RAILWAYS / ECR,Bihar,6/2019,983.62,253.23,415,417.57,6/2025,10/2024,,100.00%,August 2023,April 2025,19
N22000419,KARAILA ROAD - SHAKTINAGAR DOUBLING (ECR ),Completed,RAILWAYS / ECR,Uttar Pradesh,08/2015,762.97,762.97,762.97,808.96,03/2018,12/2024,,100.00%,July 2016,April 2025,104
N22000417,RAMNA - SINGRAULI DOUBLING (ECR ),Completed,RAILWAYS / ECR,Uttar Pradesh,08/2015,2880.4,2880.4,2880.4,3074.78,03/2020,1/2025,,100.00%,July 2016,April 2025,104
N22000502,"MANSA-BHATINDA (PHASE-I), INCL. NEW MATERIAL MODIFICATION FOR RAMA MANDI (RAMAN) - SADA SINGHWALA VI (NR )",Completed,RAILWAYS / NR,Punjab,6/2009,404,404,404,190,08/2016,8/2025,,100.00%,January 2021,April 2025,50
N22000485,ANUPPUR-KATNI (SECR ),Completed,RAILWAYS / SECR,Madhya Pradesh,04/2015,1860.94,1680,2311.02,1955.51,12/2021,3/2025,,100.00%,September 2018,June 2025,80
N22000510,PURULIA TO KOTSHILA DOUBLING (39.1 KM) (SER ),Completed,RAILWAYS / SER,West Bengal,4/2018,393.83,393.83,393.83,319.21,06/2022,3/2025,,100.00%,November 2021,June 2025,42
N22000618,MORAPPUR- DHARMAPURI (SR ),Completed,RAILWAYS / SR,Tamil Nadu,2/2019,358.95,358.95,40.09,,3/2028,3/2028,,100.00%,August 2023,June 2025,21
N22000504,ANAND GODHRA DOUBLING PROJECT 79 KMS (WR ),Completed,RAILWAYS / WR,Gujarat,4/2017,692.26,692.26,692.26,688.88,03/2020,6/2025,,100.00%,September 2021,June 2025,44
N22000505,MEHSANA PALANPUR DOUBLING PROJECT 65.10 KMS (WR ),Completed,RAILWAYS / WR,Gujarat,4/2018,537.31,537.31,688.74,844.55,03/2024,10/2024,,100.00%,September 2021,April 2025,42
N24001102,11/2023} 307.63 (N.A.) {307.63} 232.57 96.27 965 PANDHARPUR TO SANGOLA (MoRTH ),Completed,ROAD TRANSPORT AND HIGHWAYS / MoRTH,Maharashtra,07/2017,218.38,218.38,218.38,182.63,07/2019,12/2023,,100.00%,May 2019,May 2025,71
N24001017,12/2023} 391.06 (391) {391.06} 287.6 92.76 928 DAHEGAON TO KUHI (MoRTH ),Completed,ROAD TRANSPORT AND HIGHWAYS / MoRTH,Maharashtra,01/2017,228.89,229,228.89,154.82,06/2019,12/2023,,100.00%,May 2019,June 2025,72
N24001374,4-LANING OF ITANAGAR TO BANDARDEWA SECTION OF NH-415 FROM KM 51+700 TO KM 59+199 (PACKAGE-C) ON EPC (MoRTH ),Completed,ROAD TRANSPORT AND HIGHWAYS / MoRTH,Arunachal Pradesh,6/2020,437.6,437.6,437.6,365.93,08/2021,3/2027,,100.00%,August 2021,January 2025,41
N24001097,6/2024} 388.44 (N.A.) {388.44} 240.05 88.16 962 SELDOH TO PANVAR (MoRTH ),Completed,ROAD TRANSPORT AND HIGHWAYS / MoRTH,Maharashtra,07/2018,404.33,404,404.33,140.65,05/2020,5/2020,,100.00%,May 2019,March 2025,69
N24001008,AJANTHA TO BULDHANA (MoRTH ),Completed,ROAD TRANSPORT AND HIGHWAYS / MoRTH,Andaman & Nicobar,02/2017,401,401,401,260.08,07/2019,12/2023,,100.00%,May 2019,May 2025,71
N24001021,AMDI TO SAONER (MoRTH ),Completed,ROAD TRANSPORT AND HIGHWAYS / MoRTH,Maharashtra,01/2017,396.91,397,396.91,289.79,06/2019,12/2023,,100.00%,May 2019,May 2025,71
N24001018,BHANDARA TO GHOTITOK (MoRTH ),Completed,ROAD TRANSPORT AND HIGHWAYS / MoRTH,Maharashtra,01/2017,392.83,393,392.83,274.75,06/2019,6/2019,,100.00%,May 2019,May 2025,71
N24001292,CONSTRUCTION OF 2 LANE ROAD OF POTIN TO PANGIN SECTION OF NH 13 FROM KM 117.56 TO KM 163.59 (PACKAGE (MoRTH ),Completed,ROAD TRANSPORT AND HIGHWAYS / MoRTH,Arunachal Pradesh,3/2019,543.05,543.05,600,588.85,11/2020,3/2027,,100.00%,January 2021,January 2025,48
N24001293,CONSTRUCTION OF 2 LANE ROAD OF POTIN TO PANGIN SECTION OF NH 13 FROM KM 206.66 TO KM 247.05 (PACKAGE (MoRTH ),Completed,ROAD TRANSPORT AND HIGHWAYS / MoRTH,Arunachal Pradesh,3/2019,486.7,486.7,486.7,480.44,10/2020,3/2027,,100.00%,January 2021,January 2025,48
N24001291,CONSTRUCTION OF 2 LANE ROAD OF POTIN TO PANGIN SECTION OF NH 13 FROM KM 77.95 TO KM 117.56 (PACKAGE (MoRTH ),Completed,ROAD TRANSPORT AND HIGHWAYS / MoRTH,Arunachal Pradesh,3/2019,421.48,421.48,421.48,365.83,11/2020,3/2027,,100.00%,January 2021,January 2025,48
N24001179,CONSTRUCTION OF 2 LANE WITH PAVED SHOULDER FROM KM. 168 TO 183.783 (YESEMYONG TO UNGER) ON MOKOKCHUN (MoRTH ),Completed,ROAD TRANSPORT AND HIGHWAYS / MoRTH,Nagaland,03/2017,217.35,217.35,217.35,214.18,11/2020,2/2023,,100.00%,July 2019,April 2025,68
N24001455,CONSTRUCTION OF 4 LANE WITH PAVED SHOULDERS THIRUVAYARU BYPASS IN BETWEEN EXISTING KM.55/926 TO 62/6 (MoRTH ),Completed,ROAD TRANSPORT AND HIGHWAYS / MoRTH,Tamil Nadu,2/2022,191.33,207.97,207.97,100.42,8/2022,3/2025,,100.00%,August 2022,June 2025,33
N24001424,CONSTRUCTION OF FOUR-LANE ELEVATED VIADUCT FROM KM.4+634 TO KM.6+345 ON NH- 24A INCLUDING RETAINING W (MoRTH ),Completed,ROAD TRANSPORT AND HIGHWAYS / MoRTH,Uttar Pradesh,3/2021,185.09,269.81,269.81,266.35,03/2022,1/2025,,100.00%,March 2022,June 2025,38
N24001427,CONSTRUCTION OF ROB WITH APPROACHES IN LIEU OF L C NO 165 OF AHMEDABAD PALANPUR BETWEEN RAILWAY STAT (MoRTH ),Completed,ROAD TRANSPORT AND HIGHWAYS / MoRTH,Gujarat,6/2020,166.21,166.21,97.12,93,04/2023,9/2024,,100.00%,May 2022,June 2025,34
N24001013,DIGRAS DARWAH KARANJA (MoRTH ),Completed,ROAD TRANSPORT AND HIGHWAYS / MoRTH,Maharashtra,01/2017,391.06,391,391.06,287.6,06/2019,12/2023,,100.00%,May 2019,June 2025,72
N24001168,ESTIMATE FOR WIDENING TWO LANE TO FOUR LANE FROM FROM KM.129.00 TO 144.00 OF NH- 63 ANKOLA-GOOTY SECT (MoRTH ),Completed,ROAD TRANSPORT AND HIGHWAYS / MoRTH,Karnataka,05/2018,171.6,171.6,129.72,100,05/2018,12/2023,,100.00%,June 2019,June 2025,71
N24001162,IMPROVEMENT AND RECONSTRUCTION TO TWO LANE WITH PAVED SHOULDERS FROM KM 489.845 (NEW KM.58.125) AN (MoRTH ),Completed,ROAD TRANSPORT AND HIGHWAYS / MoRTH,Karnataka,03/2018,325.86,386.41,356.76,100,10/2018,11/2022,,100.00%,June 2019,June 2025,71
N24001138,PARLI PIMPLA DAHIGUDA (MoRTH ),Completed,ROAD TRANSPORT AND HIGHWAYS / MoRTH,Maharashtra,02/2017,205.72,206,205.72,85.71,06/2019,8/2023,,100.00%,May 2019,May 2025,71
N24001158,RECONSTRUCTION TO TWO LANE WITH PAVED SHOULDERS FROM DS. CH. 442+180 (EX. KM 448.00) TO DS. CH.485+2 (MoRTH ),Completed,ROAD TRANSPORT AND HIGHWAYS / MoRTH,Karnataka,03/2018,159.97,242.61,113.15,100,06/2019,12/2023,,100.00%,June 2019,June 2025,71
N24000776,RECONSTRUCTION WITH GEOMETIC IMPROVEMENT OF EXISTING TWO LANE TO 2- LANE WITH PAVED SHOULDERS CONFIG (MoRTH ),Completed,ROAD TRANSPORT AND HIGHWAYS / MoRTH,Uttarakhand,11/2017,232.81,232.81,232.81,201.58,11/2019,11/2019,,100.00%,August 2018,June 2025,81
N24000777,RECONSTRUCTION WITH GEOMETIC IMPROVEMENT OF SINGLE LANE TO 2- LANE WITH PAVED SHOULDER CONFIGURATION (MoRTH ),Completed,ROAD TRANSPORT AND HIGHWAYS / MoRTH,Uttarakhand,11/2017,283.51,283.51,283.51,278.51,11/2019,11/2019,,100.00%,August 2018,June 2025,81
N24000821,RECONSTRUCTION WITH GEOMETRIC IMPROVEMENT OF EXISTING 2 LANE/INTERMEDIATE LANE TO 2LANE WITH PAVED S (MoRTH ),Completed,ROAD TRANSPORT AND HIGHWAYS / MoRTH,Andaman & Nicobar,11/2017,257.34,238,238,214.9,11/2019,11/2019,,100.00%,October 2018,June 2025,79
N24000772,RECONSTRUCTION WITH GEOMETRIC IMPROVEMENT OF EXISTING 2 LANE/INTERMEDIATE LANE TO 2LANE WITH PAVED S (MoRTH ),Completed,ROAD TRANSPORT AND HIGHWAYS / MoRTH,Uttarakhand,12/2017,257.34,257.34,257.34,232.69,12/2019,12/2019,,100.00%,August 2018,June 2025,81
N24000773,RECONSTRUCTION WITH GEOMETRIC IMPROVEMENT OF EXISTING 2 LANE/INTERMEDIATE LANE TO 2LANE WITH PAVED S (MoRTH ),Completed,ROAD TRANSPORT AND HIGHWAYS / MoRTH,Uttarakhand,12/2017,200.34,253.43,200.34,227.98,12/2019,12/2019,,100.00%,August 2018,June 2025,81
N24000778,RECONSTRUCTION WITH GEOMETRIC IMPROVEMENT OF EXISTING SINGLE/INTERMEDIATE LANE TO 2LANE WITH PAVED S (MoRTH ),Completed,ROAD TRANSPORT AND HIGHWAYS / MoRTH,Uttarakhand,11/2017,266.52,266.52,266.52,250.34,11/2019,11/2019,,100.00%,August 2018,June 2025,81
N24001130,RECONSTRUCTION WITH GEOMETRIC IMPROVMENT OF EXISTING INTERMEDIATE LANE TO 2 LANE WITH PAVED SHOULDER (MoRTH ),Completed,ROAD TRANSPORT AND HIGHWAYS / MoRTH,Uttarakhand,08/2016,234.88,273.49,234.88,237.19,12/2017,12/2017,,100.00%,May 2019,June 2025,72
N24000245,REHABILITATION AND UPGRADATION OF NH - 565 FROM KM 1.00 TO 86.057 (NAKREKAL TO NAGARJUNSAGAR DAM SECT (MoRTH ),Completed,ROAD TRANSPORT AND HIGHWAYS / MoRTH,Telangana,01/2014,270,270,270,72.15,03/2016,9/2019,,100.00%,August 2015,June 2025,117
N24001217,REHABILITATION AND UPGRADATION OF NH 43 KANKER TO BEDMA SECTION KM. 130 TO 180 (MoRTH ),Completed,ROAD TRANSPORT AND HIGHWAYS / MoRTH,Chhattisgarh,01/2016,497.14,572.66,572.66,385.27,08/2016,6/2025,,100.00%,November 2019,June 2025,66
N24001221,REHABILITATION AND UPGRADATION OF NH 78 FROM KM 373.505 TO 469.300 AMBIKAPUR TO PATHALGAON SECTION (MoRTH ),Completed,ROAD TRANSPORT AND HIGHWAYS / MoRTH,Chhattisgarh,01/2016,624.98,731.5,731.5,620.67,10/2016,3/2025,,100.00%,November 2019,June 2025,66
N24000301,REHABILITATION AND UPGRADATION OF NH-219 FROM KM 58-600 TO KM 140- 750 IN THE STATE OF ANDHRA PRADES (MoRTH ),Completed,ROAD TRANSPORT AND HIGHWAYS / MoRTH,Andhra Pradesh,03/2015,271.45,271.45,238.23,100,10/2015,5/2021,,100.00%,December 2015,May 2025,112
N24000941,REHABILITATION AND UPGRADATION TO 2 LANE WITH PAVED SHOULDER OF MOGA (DESIGN CH 0.000) TO MAKHU (DES (MoRTH ),Completed,ROAD TRANSPORT AND HIGHWAYS / MoRTH,Punjab,03/2018,293.64,978.93,293.64,295.46,08/2020,8/2020,,100.00%,May 2019,March 2025,69
N24001456,REHABILITATION AND UPGRADATION TO 2 LANE WITH PS OF RADHAITA TO PILIBHIT SECTION OF 46.130 KM (MoRTH ),Completed,ROAD TRANSPORT AND HIGHWAYS / MoRTH,Uttar Pradesh,4/2020,199.39,212.96,199.39,200.01,2/2024,1/2025,,100.00%,September 2022,June 2025,32
N24001381,REHABILITATION AND UPGRADATION TO 2- LANE/2-LANE WITH PAVED SHOULDERS/4- LANE CONFIGURATION OF PAONTA (MoRTH ),Completed,ROAD TRANSPORT AND HIGHWAYS / MoRTH,Himachal Pradesh,8/2020,272.98,272.98,272.98,140.69,04/2021,4/2021,,100.00%,August 2021,June 2025,45
N24001383,REHABILITATION AND UPGRADATION TO INTERMEDIATE LANE CONFIGURATION OF SHRI KYARI- GUMMA SECTION (KM 75 (MoRTH ),Completed,ROAD TRANSPORT AND HIGHWAYS / MoRTH,Himachal Pradesh,8/2020,349.2,349.2,349.2,239.34,04/2021,4/2021,,100.00%,August 2021,June 2025,45
N24000880,UPGRADATION OF NH-81 WITH A MINIMUM OF 2-LANE WITH PAVED SHOULDER CONFIGURATION STARTING FROM KM 19. (MoRTH ),Completed,ROAD TRANSPORT AND HIGHWAYS / MoRTH,West Bengal,02/2018,426.18,426.18,426.18,364.92,09/2020,2/2025,,100.00%,April 2019,June 2025,73
N24000907,WIDENING AND PAVED SHOULDER OF TOHANA (IN HARYANA) PUNJAB/HARYANA BORDER TO MOONAK-JAKHAL- BUDHLADA (MoRTH ),Completed,ROAD TRANSPORT AND HIGHWAYS / MoRTH,Haryana,03/2018,293.1,341.84,315,318.24,08/2020,6/2025,,100.00%,May 2019,June 2025,72
N24001480,WIDENING AND STRENGTHENING FROM KM 0.00 TO KM 15.089 OF NH- 334A (PURKAJI-LAKSAR-HARIDWAR ROAD) TO TW (MoRTH ),Completed,ROAD TRANSPORT AND HIGHWAYS / MoRTH,Uttar Pradesh,10/2021,227.06,227.06,227.06,141.89,4/2024,3/2025,,100.00%,December 2022,June 2025,29
N24000774,WIDENING OF EXISTING SINGLE LANE ROAD TO TWO LANE WITH PAVED SHOULDERS CONFIGURATION FROM KM. 235.00 (MoRTH ),Completed,ROAD TRANSPORT AND HIGHWAYS / MoRTH,Uttarakhand,12/2017,248.22,248.22,248.22,236.8,12/2019,12/2019,,100.00%,August 2018,June 2025,81
N24001180,WIDENING OF EXISTING SINGLE/INTERMEDIATE LANE ROAD TO 2 LANE ROAD FROM KM. 83.00 TO KM 101.00 ON NH- (MoRTH ),Completed,ROAD TRANSPORT AND HIGHWAYS / MoRTH,Nagaland,03/2019,237.51,237.51,237.51,215.47,12/2022,1/2023,,100.00%,July 2019,April 2025,68
N24001216,WIDENING TO 2 LANE WITH PAVED SHOULDERS AND GEOMETRIC IMPROVEMENT OF NH- 114A FROM KM 141 TO KM 184 I (MoRTH ),Completed,ROAD TRANSPORT AND HIGHWAYS / MoRTH,Jharkhand,12/2016,196,196,196,164.21,09/2021,12/2024,,100.00%,November 2019,June 2025,66
N24001165,WIDENING TO 2 LANE WITH PAVED SHOULDERS FROM KM 34.00 TO 70.900 OF NH- 150 UNDER EPC MODE IN THE STAT (MoRTH ),Completed,ROAD TRANSPORT AND HIGHWAYS / MoRTH,Karnataka,11/2016,314.9,314.9,233.95,100,03/2017,10/2021,,100.00%,June 2019,June 2025,71
N24001387,WIDENING TO 2-LANE WIH PAVED SHOULDER FROM KM. 544.20 TO 594.00 (HOSAMANE CROSS TO PANDAVAPURA) SECT (MoRTH ),Completed,ROAD TRANSPORT AND HIGHWAYS / MoRTH,Karnataka,1/2017,264.34,264.34,201.07,100,09/2017,5/2023,,100.00%,August 2021,June 2025,45
N24001370,WIDENING TO 2-LANE WITH PAVED SHOULDERS FROM KM 119/017 TO KM 161/300 ON NH 85 (OLD NH 49) (MoRTH ),Completed,ROAD TRANSPORT AND HIGHWAYS / MoRTH,Kerala,2/2017,380.76,372.87,372.87,347.04,09/2017,8/2024,,100.00%,July 2021,June 2025,46
N24000914,WIDENING TO 2LPS FROM 239/9 TO 294/3 OF NH-57 (NAYAGARH TO KHURDA) IN THE STATE OF ODISHA (MoRTH ),Completed,ROAD TRANSPORT AND HIGHWAYS / MoRTH,Odisha,12/2016,223.5,223.5,223.5,220.5,08/2018,9/2025,,100.00%,May 2019,June 2025,72
N24001467,WIDENING TO EXISTING SINGRE/INTERMEDIATE RANE TO 2 LANE FROM KM 135 TO KM 147 AND FROM KM 156.00 TO (MoRTH ),Completed,ROAD TRANSPORT AND HIGHWAYS / MoRTH,Nagaland,3/2021,226.44,226.44,140.24,100,2/2024,3/2025,,100.00%,September 2022,June 2025,32
N24001160,WIDENING TO TWO LANE WITH PAVED SHOULDER FROM KM 194.900 TO KM 243.200 OF NH-234 BANAVARA- HULIYAR (MoRTH ),Completed,ROAD TRANSPORT AND HIGHWAYS / MoRTH,Karnataka,09/2017,191.6,191.6,112.01,100,10/2018,4/2022,,100.00%,June 2019,June 2025,71
N24001172,WIDENING TO TWO LANE WITH PAVED SHOULDER FROM KM 4.40 TO KM 56.00 OF NH- 218 BIJAPURA-HUBLI SECTION U (MoRTH ),Completed,ROAD TRANSPORT AND HIGHWAYS / MoRTH,Karnataka,01/2017,291.49,291.49,291.49,238.77,08/2017,6/2022,,100.00%,June 2019,June 2025,71
N24001156,WIDENING TO TWO LANE WITH PAVED SHOULDER FROM KM 544.200 TO KM 594.000 OF NH- 150A HOSMANE CROSS ? PA (MoRTH ),Completed,ROAD TRANSPORT AND HIGHWAYS / MoRTH,Karnataka,01/2017,166.67,264.34,192.08,100,09/2017,5/2023,,100.00%,June 2019,June 2025,71
N24001161,WIDENING TO TWO LANE WITH PAVED SHOULDERS FROM 24.600 TO 70.063 OF MUDIGERE TO KADUR SECTION OF NH- (MoRTH ),Completed,ROAD TRANSPORT AND HIGHWAYS / MoRTH,Karnataka,12/2017,297.3,318.28,277.27,100,01/2019,4/2022,,100.00%,June 2019,June 2025,71
N24000984,WIDENING TO TWO LANE WITH PAVED SHOULDERS FROM KM 15.525 TO KM 62.880 OF JADCHERLA-KALWAKURTHY SECTI (MoRTH ),Completed,ROAD TRANSPORT AND HIGHWAYS / MoRTH,Telangana,01/2017,283,283,283,259.15,12/2019,12/2019,,100.00%,May 2019,June 2025,72
N24001159,WIDENING TO TWO LANE WITH PAVED SHOULDERS FROM KM 20.150 TO KM 40.00 OF BC ROAD KOTTIGEHARA SECTION (MoRTH ),Completed,ROAD TRANSPORT AND HIGHWAYS / MoRTH,Karnataka,01/2018,159.7,159.7,159.7,142.88,07/2018,3/2022,,100.00%,June 2019,June 2025,71
N24001616,2L PS OF SATNA - MAIHAR SECTION OF NH-135BG FROM KM 80.800 TO KM 120.125 (NHAI ),Completed,ROAD TRANSPORT AND HIGHWAYS / NHAI,Madhya Pradesh,1/2021,428.04,328.77,428.04,351.97,10/2023,2/2025,,100.00%,April 2023,April 2025,23
N24000463,4 LANING OF NH-31D FROM GHOSHPUKUR - SALSALABARI ( KM 0.00 TO KM . 83.785) (NHAI ),Completed,ROAD TRANSPORT AND HIGHWAYS / NHAI,West Bengal,12/2015,1083,1414.01,1414.01,1080.05,06/2018,8/2023,,100.00%,December 2015,June 2025,113
N24000552,4-LANNING EXISTING KM 189.700 TO 237.00] HASSAN TO MARANAHALLY (NHAI ),Completed,ROAD TRANSPORT AND HIGHWAYS / NHAI,Karnataka,03/2016,701.4,591.86,701.4,526.83,,6/2025,,100.00%,April 2016,March 2025,106
N24001815,"4L BYPASSES FOR JAGATPUR, B4ABUGANJ, UNCHAHAR, ALAPUR BYPASS, AND SAI RIVER BRIDGE OF RAEBARELI- PRA (NHAI )",Completed,ROAD TRANSPORT AND HIGHWAYS / NHAI,Uttar Pradesh,12/2022,1699,1078,1699,64.39,11/2024,11/2024,,100.00%,May 2023,April 2025,20
N24001811,4L OF MO - SIHUNI FROM KM. 42.00 TO KM. 51.00 OF OLD NH-20 (NEW NH-154) (PACKAGE- IB) (NHAI ),Completed,ROAD TRANSPORT AND HIGHWAYS / NHAI,Himachal Pradesh,4/2021,583.93,770,770,173.6,6/2024,5/2025,,100.00%,May 2023,June 2025,24
N24001758,4L OF SUHAGADI TO BARDIYA AMRA FROM KM. 89.200 TO KM. 135.351 OF NH-752D (PKG-III) (NHAI ),Completed,ROAD TRANSPORT AND HIGHWAYS / NHAI,Madhya Pradesh,1/2020,823.05,823.05,823.05,402.78,10/2024,2/2025,,100.00%,May 2023,January 2025,20
N24001756,4L OF UJJAIN TO BADNAWAR FROM KM 26.900 TO KM 96.00 OF NH-752D (NHAI ),Completed,ROAD TRANSPORT AND HIGHWAYS / NHAI,Madhya Pradesh,10/2020,1352.56,1352.56,1480.94,838.62,10/2024,3/2025,,99.90%,May 2023,January 2025,20
N24001737,"4LPS OF MUZAFFARNAGAR TO MIRANPUR SECTION OF NH- 709AD, PKG-III (NHAI )",Completed,ROAD TRANSPORT AND HIGHWAYS / NHAI,Uttar Pradesh,11/2021,923.15,923.15,923.15,455.61,4/2024,4/2024,,100.00%,April 2023,June 2025,25
N24001525,6L ACCESS-CONTROLLED HIGHWAY OF DAAT KALI TUNNEL - DEHRADUN OF GANESHPUR ? DEHRADUN SECTION FROM KM. (NHAI ),Completed,ROAD TRANSPORT AND HIGHWAYS / NHAI,Uttarakhand,3/2021,169.08,169.08,105.77,99.99,3/2024,5/2025,,100.00%,January 2023,June 2025,28
N24001711,6L OF KANHAULI RAMNAGAR PATNA RING ROAD PKG I FROM KM 0.000 TO KM 39.160 OF SH78 NEW NH131G (NHAI ),Completed,ROAD TRANSPORT AND HIGHWAYS / NHAI,Bihar,9/2020,939.43,939.43,939.43,370.62,3/2023,12/2024,,100.00%,April 2023,April 2025,23
N24001600,BALANCE WORK 2- LANE WITH PAVED SHOULDERS OF NAGAPATTINAM - THANJAVUR SECTION OF NH-67 (NEW NH- 83) (NHAI ),Completed,ROAD TRANSPORT AND HIGHWAYS / NHAI,Tamil Nadu,10/2020,434.12,434.12,268.92,100,5/2023,6/2025,,100.00%,April 2023,May 2025,24
N24000709,BALANCE WORK FOR FOUR LANING OF ITARSI TO BETUL SECTION OF NH69 FROM KM 63.000 TO KM 137.00 (DESIGN (NHAI ),Completed,ROAD TRANSPORT AND HIGHWAYS / NHAI,Madhya Pradesh,12/2017,950.27,786.43,786.43,643.9,,12/2024,,100.00%,December 2017,April 2025,87
N24001768,BALANCE WORK OF 4L OF INDORE- GUJARAT/MP BORDER FROM KM 106.210 TO KM 115.250 (START AND END POINT OF (NHAI ),Completed,ROAD TRANSPORT AND HIGHWAYS / NHAI,Gujarat,8/2019,323.51,323.51,323.51,51.96,4/2023,11/2023,,100.00%,May 2023,April 2025,22
N24001715,BALANCE WORK OF TWO LANING WITH PAVED SHOULDER OF PIPRAKOTHI?MOTIHARI- RAXAUL SECTION OF NH-28A FRO (NHAI ),Completed,ROAD TRANSPORT AND HIGHWAYS / NHAI,Bihar,12/2018,333.6,466.59,461.41,460.38,10/2020,1/2024,,100.00%,April 2023,June 2025,25
N24001532,"CONSTRUCTION OF 4- LANE NH-344P- PACKAGE-4 (FROM KM 0+000 TO KM 29+600, 29.6KM), STARTING FROM BAWANA (NHAI )",Completed,ROAD TRANSPORT AND HIGHWAYS / NHAI,Haryana,11/2021,694,1918,1500,1682.82,11/2023,8/2024,,100.00%,January 2023,April 2025,26
N24001783,CONSTRUCTION OF 8LANE EXPRESSWAY NE4 STARTING BEFORE KMP EXPRESSWAY AND ENDS AT CH. 47+000 NEAR KHAN (NHAI ),Completed,ROAD TRANSPORT AND HIGHWAYS / NHAI,Haryana,11/2018,2252.75,2252.75,2252.75,1223.07,9/2021,4/2025,,99.95%,May 2023,March 2025,21
N24001624,CONSTRUCTION OF EMERGENCY LANDING FACILITY FROM KM. 246.60 TO KM. 249.70 ON SRINAGAR - BANIHAL SECTI (NHAI ),Completed,ROAD TRANSPORT AND HIGHWAYS / NHAI,Jammu & Kashmir,7/2019,157.05,157.05,139.54,100,10/2020,9/2024,,100.00%,April 2023,June 2025,25
N24000655,CONSTRUCTION OF NEW 4- LANE BRIDGE ACROSS VARSOVA CREEK AND ITS APPROACHES WITH INTERCHANGE IN THE ST (NHAI ),Completed,ROAD TRANSPORT AND HIGHWAYS / NHAI,Maharashtra,03/2017,247.02,157.49,92.22,100,03/2020,11/2024,,100.00%,March 2017,January 2025,94
N24001573,DELHI-VADODARA GREENFIELD ALIGNMENT (NH- 148N) (PKG-09) (CH. 247.310 TO CH. 292.950) [JUNCTION WITH M (NHAI ),Completed,ROAD TRANSPORT AND HIGHWAYS / NHAI,Delhi,11/2019,1658.06,1658.06,157.42,99.9,12/2022,7/2025,,99.90%,March 2023,June 2025,26
N24000567,FOUR LANING OF BHAVNAGAR- TALAJA SECTION OF NH-8E FROM KM. 7.090 TO KM. 53.585 (DESIGN CH FROM KM. 6. (NHAI ),Completed,ROAD TRANSPORT AND HIGHWAYS / NHAI,Gujarat,05/2016,998.18,998.18,998.18,802.89,,6/2024,,100.00%,May 2016,April 2025,106
N24001536,FOUR LANING OF JIND GOHANA GREENFIELD ALIGNMENT PACKAGE 1 IN THE STATE OF HARYANA UNDER HYBRID ANNUI (NHAI ),Completed,ROAD TRANSPORT AND HIGHWAYS / NHAI,Haryana,7/2020,817,1605,1605,1026.56,7/2022,6/2025,,99.90%,January 2023,April 2025,26
N24000569,FOUR LANING OF KAGAVADAR - UNA SECTION OF NH-8E FROM KM 139.915 TO KM 180.478 (PACKAGE- IV) IN THE ST (NHAI ),Completed,ROAD TRANSPORT AND HIGHWAYS / NHAI,Gujarat,05/2016,723.64,723.64,562.31,97,,6/2025,,100.00%,May 2016,June 2025,108
N24001704,FOUR LANING OF MUNGER TO MIRZACHAUKI (NH- 80) SECTION FROM KHARIA VILLAGE JUNCTION TO START OF EXISTI (NHAI ),Completed,ROAD TRANSPORT AND HIGHWAYS / NHAI,Bihar,3/2021,1020.84,1020.84,163.19,,3/2024,9/2025,,100.00%,April 2023,June 2025,25
N24001379,KHUDUS TO DHARAMPURI PACKAGE 3 SANT DNYANESHWAR MAHARAJ PALKHI MARG SECTION OF NH965 (NHAI ),Completed,ROAD TRANSPORT AND HIGHWAYS / NHAI,Maharashtra,2/2019,594.75,594.75,613.75,585.2,11/2019,8/2023,,100.00%,August 2021,January 2025,41
N24001377,MOHOL TO WAKHARI PACKAGE1 SANT DNYANESHWAR MAHARAJ PALKHI MARG SECTION OF NH965 (NHAI ),Completed,ROAD TRANSPORT AND HIGHWAYS / NHAI,Maharashtra,2/2019,731.89,731.99,731.99,692.21,11/2019,8/2023,,100.00%,August 2021,January 2025,41
N24001604,"REMAINING WORK OF 2L+PS OF TRICHY - KARAIKUDI SECTION OF NH- 210, INCLUDING TRICHY BYPASS (NHAI )",Completed,ROAD TRANSPORT AND HIGHWAYS / NHAI,Tamil Nadu,2/2019,166.9,166.9,166.9,121.94,3/2021,2/2025,,100.00%,April 2023,January 2025,21
N24000798,SIX LANING OF HAPUR BYPASS TO MORADABAD SECTION INCLUDING HAPUR BYPASS FROM KM 50.000 (DESIGN CHAINA (NHAI ),Completed,ROAD TRANSPORT AND HIGHWAYS / NHAI,Uttar Pradesh,03/2018,2140.93,2140.93,2140.93,2081.52,,6/2025,,100.00%,August 2018,June 2025,81
N24001716,THOPPUR METTUR BHAVANI ERODE SECTION OF NH 544H FOR A LENGTH OF 85 KM (NHAI ),Completed,ROAD TRANSPORT AND HIGHWAYS / NHAI,Tamil Nadu,7/2022,186.5,242.4,242.4,34.33,8/2023,12/2024,,100.00%,April 2023,June 2025,25
N24001378,WAKHARI TO KHUDUS PACKAGE2 SANT DNYANESHWAR MAHARAJ PALKHI MARG SECTION OF NH965 (NHAI ),Completed,ROAD TRANSPORT AND HIGHWAYS / NHAI,Maharashtra,2/2019,362.46,372.46,372.46,352.01,11/2019,6/2023,,100.00%,August 2021,January 2025,41
N24001317,1/2025} 354.79 (N.A.) {354.79} 34.08 17.2 215 2-LANING FROM JOLAIBARI - BELONIA (NHIDCL ),Completed,ROAD TRANSPORT AND HIGHWAYS / NHIDCL,Tripura,6/2020,201.99,287.47,287.47,148.22,1/2022,4/2025,,100.00%,May 2021,June 2025,48
N24001309,10/2024} 277.50 (302.02) {302.02} 253.50 99.12 1551 KAILASHAHAR TO KHOWAI PKG-4 (NHIDCL ),Completed,ROAD TRANSPORT AND HIGHWAYS / NHIDCL,Tripura,11/2020,159.13,171.5,171.5,84.33,6/2022,11/2024,,100.00%,May 2021,June 2025,48
N24001440,12/2025} 740.58 (740.58) {740.58} 276.77 41.5 1108 KEIFANG - TUVAI PKG-1 (NHIDCL ),Completed,ROAD TRANSPORT AND HIGHWAYS / NHIDCL,Mizoram,9/2021,492.94,492.94,492.94,365.86,05/2023,5/2024,,100.00%,May 2022,May 2025,35
N24001286,2-LANING OF CHANGTONGYA TO LONGLENG ROAD OF NH-702 (PKG-I) (NHIDCL ),Completed,ROAD TRANSPORT AND HIGHWAYS / NHIDCL,Nagaland,3/2020,278.95,278.95,166.29,100,06/2022,6/2023,,100.00%,January 2021,May 2025,51
N24001404,2/2025} 483.87 (N.A.) {483.87} 278.89 91.03 1069 TAMENGLONG - MAHUR PKG-4 (NHIDCL ),Completed,ROAD TRANSPORT AND HIGHWAYS / NHIDCL,Manipur,7/2021,198.77,198.77,127.86,100,03/2023,3/2025,,100.00%,September 2021,June 2025,44
N24001439,2/2025} 579.63 (N.A.) {579.63} 127.47 51.62 124 MARAM - PEREN PKG-3 (NHIDCL ),Completed,ROAD TRANSPORT AND HIGHWAYS / NHIDCL,Manipur,8/2021,467.41,467.41,264.83,100,05/2023,2/2025,,100.00%,May 2022,June 2025,36
N24001402,3/2025} 467.00 (N.A.) {467.00} 183.55 75.23 1059 TAMENGLONG - MAHUR PKG-1 (NHIDCL ),Completed,ROAD TRANSPORT AND HIGHWAYS / NHIDCL,Manipur,7/2021,185.8,185.8,117.78,100,03/2023,1/2025,,100.00%,September 2021,June 2025,44
N24001355,6/2024} 206.88 (219.33) {219.33} 206.55 97.01 152 DULTE- KWALKULH - CHAMPAI PKG.1 (NHIDCL ),Completed,ROAD TRANSPORT AND HIGHWAYS / NHIDCL,Mizoram,3/2021,374.39,318.92,292.37,100,12/2022,3/2024,,100.00%,July 2021,January 2025,40
N24001397,6/2025} 497.09 (N.A.) {497.09} 126.44 65.08 568 GOHA-KHELLANI PKG-3 (NHIDCL ),Completed,ROAD TRANSPORT AND HIGHWAYS / NHIDCL,Jammu & Kashmir,2/2021,431.28,433.08,431.28,372.31,03/2023,3/2025,,100.00%,September 2021,June 2025,44
N24001363,9/2024} 159.13 (171.50) {171.50} 79.43 98.05 218 MANU-SIMLUNG ( PKG 4) (NHIDCL ),Completed,ROAD TRANSPORT AND HIGHWAYS / NHIDCL,Tripura,3/2021,354.79,354.79,354.79,34.08,12/2022,12/2025,,100.00%,July 2021,June 2025,44
N24001366,"9/2028} 4,997.04 (N.A.) {4,997.04} 1,998.70 50.74 46 DABOKA KATHKATI PACKAGE-5 (NHIDCL )",Completed,ROAD TRANSPORT AND HIGHWAYS / NHIDCL,Assam,3/2021,288.85,288.85,288.85,247.78,01/2023,11/2024,,100.00%,July 2021,June 2025,43
N24001540,AKASH BRIDGE - JESSAMI SECTION PKG-2 (NHIDCL ),Completed,ROAD TRANSPORT AND HIGHWAYS / NHIDCL,Manipur,3/2022,152.11,152.11,73.48,100,2/2025,3/2025,,100.00%,February 2023,June 2025,26
N24001475,CONSTRUCTION OF 2 LANE WITH HARD SHOULDER FROM DESIGN CHAINAGE KM 283.000 TO KM 325.440 (5- LEGGED J (NHIDCL ),Completed,ROAD TRANSPORT AND HIGHWAYS / NHIDCL,Nagaland,3/2022,605.36,605.36,605.36,273.21,12/2024,1/2025,,100.00%,December 2022,April 2025,25
N24000948,CONSTRUCTION OF 2 LANING OF EXISTING HUNLI-ANINI ROAD ON EPC BASIS FROM DESIGN KM 53.500 TO KM 92.50 (NHIDCL ),Completed,ROAD TRANSPORT AND HIGHWAYS / NHIDCL,Arunachal Pradesh,09/2016,568.92,568.92,568.92,508.65,,9/2024,,100.00%,May 2019,March 2025,69
N24001277,CONSTRUCTION OF CHHIATHLANG - SERCHHIP BYPASS (PKG-1) ON AIZAWL- TUIPANG SECTION OF NH-54 (NHIDCL ),Completed,ROAD TRANSPORT AND HIGHWAYS / NHIDCL,Mizoram,9/2020,275.02,247.25,247.25,265.18,10/2022,4/2025,,100.00%,January 2021,March 2025,47
N24000753,CONSTRUCTION OF DIMAPUR BYPASS (ASSAM PORTION) OF 4/6 LANE PAVEMENT ON EPC BASIS FROM EXISTING (NHIDCL ),Completed,ROAD TRANSPORT AND HIGHWAYS / NHIDCL,Nagaland,03/2018,500.09,698.81,698.81,393.53,09/2018,4/2025,,100.00%,April 2018,June 2025,85
N24000685,CONSTRUCTION OF TWO LANE WITH PAVED SHOULDERS OF JORAM KOLORIANG ROAD (NH 713) ON EPC BASIS FROM EXI (NHIDCL ),Completed,ROAD TRANSPORT AND HIGHWAYS / NHIDCL,Arunachal Pradesh,02/2017,167.28,167.28,145.2,100,04/2017,11/2023,,100.00%,April 2017,January 2025,82
N24001254,CONSTUCTION/UPGRADATION OF EXISTING HIGHWAY TO 2 LANE WITH PAVED SHOULDER FROM KM 26.10 TO KM 40.00 (NHIDCL ),Completed,ROAD TRANSPORT AND HIGHWAYS / NHIDCL,Sikkim,3/2020,242.97,242.97,244.45,246.91,06/2022,1/2024,,100.00%,January 2021,May 2025,51
N24001451,DIBRUGARH-LAHOAL-CHABUA BYPASS PACKAGE-1 (NHIDCL ),Completed,ROAD TRANSPORT AND HIGHWAYS / NHIDCL,Assam,3/2022,215.27,215.27,215.27,151.29,7/2024,10/2024,,100.00%,August 2022,March 2025,29
N24001356,DULTE- KWALKULH - CHAMPAI PKG.2 (NHIDCL ),Completed,ROAD TRANSPORT AND HIGHWAYS / NHIDCL,Mizoram,3/2021,233.25,233.25,172.09,100,12/2022,4/2024,,100.00%,July 2021,June 2025,44
N24001391,JORAM ? KOLORIANG ROAD FROM EXISTING KM 70.00 TO KM 88.700 (PKG-4) (NHIDCL ),Completed,ROAD TRANSPORT AND HIGHWAYS / NHIDCL,Arunachal Pradesh,8/2020,294.04,294.04,294.04,147.13,04/2022,9/2024,,100.00%,September 2021,April 2025,42
N24000743,LANE WITH PAVED SHOULDER FROM KM 430.00 TO KM 468.00 OF CHAMOLI TO PAINI UNDER CHARDHAM PARIYOJNA (NHIDCL ),Completed,ROAD TRANSPORT AND HIGHWAYS / NHIDCL,Uttarakhand,03/2018,417.24,417.24,417.24,344.2,05/2018,3/2024,,100.00%,March 2018,June 2025,86
N24001360,RANIKOR-MAHESHKHOLA- BAGHMARA (RMB) PKG-3 (NHIDCL ),Completed,ROAD TRANSPORT AND HIGHWAYS / NHIDCL,Meghalaya,3/2021,260.21,260.21,260.21,239.35,12/2022,2/2025,,100.00%,July 2021,April 2025,42
N24001339,RANIKOR-MAHESHKHOLA- BAGHMARA (RMB) PKG-4 (KANAI-RONGARA) (NHIDCL ),Completed,ROAD TRANSPORT AND HIGHWAYS / NHIDCL,Meghalaya,10/2020,157.86,146.92,157.86,152.95,4/2022,2/2025,,100.00%,May 2021,May 2025,47
N24000858,WIDENING AND UP- GRADATION TO 2- LANE WITH PAVED SHOULDER CONFIGURATION AND GEOMETRIC IMPROVEMENTS FRO (NHIDCL ),Completed,ROAD TRANSPORT AND HIGHWAYS / NHIDCL,Mizoram,04/2017,640.07,990.88,1286.35,1195.84,09/2019,5/2024,,100.00%,April 2019,June 2025,73
N40000002,Exhibition cum Convention Centre Dwarka [Phase I] (India International Convention & Expo Centre),Completed,STEEL,Delhi,11/2017,5178,5401,4470,97.4,12/2019,01/2025,,100.00%,January 2020,July 2025,65
N12000125,Installation of 4th Slab Caster along with its Auxiliaries and a New Ladle Furnace in SMS-II at Rourkela Steel Plant (Steel Authority of India Limited [SAIL]),Completed,STEEL,Odisha,1/2022,1105.23,1105.23,790.11,100,05/2025,09/2025,,100.00%,February 2022,November 2025,40
N12000122,REBUILDING OF COKE OVEN BATTERY-2 ALONGWITH AUGMENTATION OF COKE HANDLING AND GAS HANDLING FACILITY (SAIL ),Completed,STEEL / SAIL,Odisha,11/2020,377.18,377.18,434.9,1145,05/2023,3/2025,,100.00%,December 2020,June 2025,51
N26000115,Bharat Sanchar Nigam Limited 1100 SUPER EDGE ROUTERS FOR BSNL INTERNET PROTOCOL - MULTI PROTOCOL LEBEL SWITCHING,Completed,TELECOMMUNICATIONS / BSNL,Multi-State,3/2023,239.6,239.6,179.63,100,3/2024,3/2025,,100.00%,April 2023,June 2025,25
N28000109,CONSTRUCTION OF 726 Nos RESIDENTIAL QUARTERS CHENNAI (CPWD FOR FINANC ),Completed,URBAN DEVELOPMENT / CPWD,Tamil Nadu,11/2017,348.77,348.77,348.77,223.39,,11/2022,,100.00%,February 2018,June 2025,87
N28000100,CONSTRUCTION OF ACADEMIC AND RESIDENTIAL COMPLEX UNDER PHASE-II FOR THE CAMPUS OF IIT PATNA (CPWD EDUCATION ),Completed,URBAN DEVELOPMENT / CPWD,Bihar,02/2016,496.18,496,460,390.15,06/2017,1/2024,,100.00%,March 2017,June 2025,97
N28000112,Cpwd For Health 125 C/O NEW HOSPITAL BLOCK FOR SREE CHITRA TIRUNAL INSTITIUTE OF MEDICAL SCIENCE AND TECHNOLOGY (SCTIMST,Completed,URBAN DEVELOPMENT / CPWD,Kerala,09/2017,150.29,162,162,146.95,03/2020,11/2024,,100.00%,April 2018,April 2025,83
N28000067,DEPARTMENT OF HIGHER EDUCATION 618 2000 BOYS HOSTEL(1000 DOUBLE BEDDED ROOM) AT ISM DHANBAD (CPWD EDUCATION ),Completed,URBAN DEVELOPMENT / CPWD,Jharkhand,09/2012,171.86,171.86,171.86,174.48,03/2016,3/2016,,100.00%,September 2014,June 2025,128
N28000117,"DEPARTMENT OF HIGHER EDUCATION 874 CONSTRUCTION OF IITB RESEARCH PARK AT IIT BOMBAY, POWAI, MUMBAI (CPWD EDUCATION )",Completed,URBAN DEVELOPMENT / CPWD,Maharashtra,01/2018,223.37,275,230,141.16,07/2020,2/2024,,100.00%,April 2018,June 2025,85
N28000071,HOME AFFAIRS Cpwd For Mha 511 ESTABLISHMENT OF CENTRAL ARMED POLICE FORCE INSTITUTE OF MEDICAL SCIENCES(CAPFIMS) AT NEW DELHI,Completed,URBAN DEVELOPMENT / CPWD,Delhi,10/2013,1219.21,2091.53,2091.53,1947.12,07/2017,9/2024,,100.00%,September 2014,June 2025,128
N28000056,Delhi Metro Rail Corporation 304 DELHI MRTS PHASE-III,Completed,URBAN DEVELOPMENT / DMRC,Delhi,09/2011,38585,43095.35,40180.91,40685.45,03/2016,8/2021,,100.00%,September 2011,June 2025,164
N28000122,"Total 14,043.62 - 35,663.07 22,999.50 URBAN DEVELOPMENT Ahmedabad Metro Rail 484 AHMEDABAD METRO RAIL PROJECT PHASE 1",Completed,URBAN DEVELOPMENT / MEGA,Gujarat,11/2014,10773,12924.55,12924.55,12486.28,12/2018,8/2025,,99.90%,September 2018,June 2025,72
N28000121,"12/2023} 23,136.00 (N.A.) {37,276.00} 23,687.33 87.2 1038 PUNE METRO RAIL PROJECT (PHASE 1) (MMRC )",Completed,URBAN DEVELOPMENT / MMRC,Maharashtra,12/2016,11420,13656.22,13656.22,13049.54,11/2021,9/2024,,100.00%,August 2018,May 2025,80
701390,Arjuna Medium Irrigation project (Department of water resources-MH - II),Completed,WATER RESOURCES,Maharashtra,01/2008,333.87,611,803.89,100,12/2019,12/2024,,100.00%,July 2025,July 2025,1
N04000102,"Construction of New Terminal Building, Second Link Taxi Track, Apron Expansion, and associated works at Prayagraj Airport- On Design & Build Basis. (Airport Authority of India [AAI])",Completed,WATER RESOURCES,Uttar Pradesh,5/2023,219.18,274.38,215.51,100,11/2024,10/2025,,100.00%,September 2023,November 2025,23
701091,Lucknow Airport-Terminal 3- Phase 1 & Other Associated Works (Adani Airport Holdings Limited),Completed,WATER RESOURCES,Uttar Pradesh,06/2018,3100,3100,16024.42,100,03/2026,03/2026,,100.00%,July 2025,October 2025,4
400117,Uttar Pradesh 04/2009 (04/2009) 10/2025 (12/2019) (12/2019),Completed,WATER RESOURCES,Uttar Pradesh,04/2009,741.38,2465.68,3218.3,100,12/2019,12/2019,,100.00%,July 2025,August 2025,2
N30000037,Bihar Urban Infrastructure Development Corporation Ltd 1120 SEWERAGE SYSTEM WITH SEWER NETWORK PATNA BEUR,Completed,WATER RESOURCES / BUIDCO,Bihar,12/2014,225.77,398.9,398.9,363.79,03/2020,6/2022,,100.00%,November 2019,January 2025,62
N30000028,I AND D AND STP AT CHAPPRA (BUIDCO ),Completed,WATER RESOURCES / BUIDCO,Bihar,11/2018,236.15,236.15,236.15,150.75,12/2020,2/2024,,100.00%,November 2019,January 2025,62
N30000039,SAIDPUR SEWER NETWORK PATNA (BUIDCO ),Completed,WATER RESOURCES / BUIDCO,Bihar,4/2015,268.63,431.21,493.85,491.13,01/2021,6/2022,,100.00%,November 2019,June 2025,66
N30000036,"SEWER NETWORKS, SPS AND STP, MUNGER (BUIDCO )",Completed,WATER RESOURCES / BUIDCO,Bihar,3/2018,294.02,350.79,522.85,428.7,10/2021,6/2024,,100.00%,November 2019,June 2025,66
N30000040,SEWERAGE SCHEME AT PAHARI ZONE V PATNA (BUIDCO ),Completed,WATER RESOURCES / BUIDCO,Bihar,05/2017,356.37,364,356.37,312.3,04/2021,2/2023,,100.00%,November 2019,January 2025,62
N30000044,SEWERAGE SYSTEM WITH SEWER NETWORK PATNA KARMALICHAK (BUIDCO ),Completed,WATER RESOURCES / BUIDCO,Bihar,3/2017,277.42,253.98,277.42,355.31,05/2021,2/2023,,100.00%,November 2019,June 2025,66
N30000017,CONSTRUCTION OF 318 MLD WWTP WITH 10 YEARS O AND M AT CORONATION PILLAR DELHI (DJB ),Completed,WATER RESOURCES / DJB,Delhi,12/2018,515.07,515.07,515.07,388.08,01/2021,3/2022,,100.00%,November 2019,January 2025,62
N30000014,CONSTRUCTION OF 564 MLD 124 MGD WASTE WATER TREATMENT PLANT WITH EFFLUENT STANDARDS OF BOD ? 10MG/L (DJB ),Completed,WATER RESOURCES / DJB,Delhi,03/2017,665.78,211.79,665.78,782.51,12/2022,3/2025,,100.00%,November 2019,June 2025,66
N30000015,REHABILITATION AND UP- GRADATION OF PHASE I STP 182 MLD R2 (DJB ),Completed,WATER RESOURCES / DJB,Delhi,05/2016,211.79,223.7,211.79,208.71,12/2021,2/2024,,100.00%,November 2019,January 2025,62
N30000016,REHABILITATION AND UPGRADATION OF KONDLI PHASE I STP 45 MLD PHASE II STP 114 MLD AND PHASE III S (DJB ),Completed,WATER RESOURCES / DJB,Delhi,05/2016,239.11,314.71,239.11,268.13,02/2022,7/2023,,100.00%,November 2019,January 2025,62
N30000034,INTERCEPTION DIVERSION TREATMENT WORKS AT TOLLYS NULLAH ADI GANGA (KMDA ),Completed,WATER RESOURCES / KMDA,West Bengal,8/2017,307.12,653.67,653.67,,09/2022,12/2026,,100.00%,November 2019,June 2025,66
N30000048,"INTERCEPTION, DIVERSION AND TREATMENT WORKS AT BARANAGAR AND KAMARAHATI (KMDA )",Completed,WATER RESOURCES / KMDA,West Bengal,01/2018,172.1,172.1,47.2,100,12/2021,2/2024,,100.00%,November 2019,January 2025,62
N30000045,"INTERCEPTION, DIVERSION AND TREATMENT WORKS AT HOWRAH (KMDA )",Completed,WATER RESOURCES / KMDA,West Bengal,08/2017,185.22,185.22,49.99,100,12/2021,2/2024,,100.00%,November 2019,January 2025,62
N30000046,Kolkata Metropolitan Development Authority 1137 SEWERAGE SYSTEM AND STP WORKS AT HALISHAHR,Completed,WATER RESOURCES / KMDA,West Bengal,02/2014,274.76,332.56,332.56,278.02,12/2019,6/2022,,100.00%,November 2019,January 2025,62
N30000047,SEWERAGE SYSTEM WITH SEWER NETWORK AT BARRACKPORE (KMDA ),Completed,WATER RESOURCES / KMDA,West Bengal,12/2014,272.32,341.68,272.32,307.73,04/2020,6/2022,,100.00%,November 2019,January 2025,62
N30000004,INTERCEPTION AND DIVERSION WITH STP AT RISHIKESH (UKJalNigam ),Completed,WATER RESOURCES / UKJalNigam,Uttarakhand,03/2017,158,158,158,107.86,11/2019,2/2022,,100.00%,November 2019,January 2025,62
N30000022,INTERCEPTION AND DIVERSION WORKS AND SEWAGE TREATMENT PLANT AT JAUNPUR UTTAR PRADESH (UPJalNigam ),Completed,WATER RESOURCES / UPJalNigam,Uttar Pradesh,01/2019,206.05,206.05,206.05,140.22,10/2021,7/2023,,100.00%,November 2019,January 2025,62
N30000021,INTERCEPTION AND DIVERSION WORKS AND STP AT MUZAFFARNAGAR UTTAR PRADESH (UPJalNigam ),Completed,WATER RESOURCES / UPJalNigam,Uttar Pradesh,1/2019,231.79,234.03,234.03,141.79,12/2021,3/2025,,100.00%,November 2019,June 2025,66
N30000013,"INTERCEPTION AND DIVERSION WORKS WITH STP AT BAREILLY, UTTAR PRADESH (UPJalNigam )",Completed,WATER RESOURCES / UPJalNigam,Uttar Pradesh,03/2019,271.39,271.39,271.39,182.26,08/2021,7/2024,,100.00%,November 2019,January 2025,62
N30000025,INTERCEPTION AND DIVERSION WORKS WITH STP AT LUCKNOW UTTAR PRADESH (UPJalNigam ),Completed,WATER RESOURCES / UPJalNigam,Uttar Pradesh,03/2019,298.12,240.93,103.24,100,07/2021,9/2024,,100.00%,November 2019,January 2025,62
N30000006,"INTERCEPTION, DIVERSION AND TREATMENT WORKS FOR NAINI DISTRICT G PHAPHAMAU DISTRICT F AND JHUSI AREA (UPJalNigam )",Completed,WATER RESOURCES / UPJalNigam,Uttar Pradesh,05/2017,767.59,767.59,767.59,276.97,09/2021,6/2023,,100.00%,November 2019,January 2025,62
N30000010,STP AT PANKHA KANPUR AND INTEGRATION WITH EXISTING STPS (UPJalNigam ),Completed,WATER RESOURCES / UPJalNigam,Uttar Pradesh,03/2018,967.23,708.7,967.23,254.98,09/2021,7/2023,,100.00%,November 2019,January 2025,62
N30000008,Uttar Pradesh Jal Nigam 500 FARRUKHABAD I AND D AND STP WORKS HAM,Completed,WATER RESOURCES / UPJalNigam,Uttar Pradesh,10/2017,213.62,261.12,261.12,177.62,03/2022,11/2024,,100.00%,November 2019,January 2025,62
N04000083,CONSTRUCTION OF NEW INTEGRATED TERMINAL BUILDING AT LGBI AIRPORT GUWAHATI (AAI ),Completed,CIVIL AVIATION / AAI,Assam,12/2016,1712,2520,2639.99,98.5,03/2021,06/2026,,100.00%,July 2019,May 2026,85
N06000226,AMALGAMATED INDER-KAMPTEE DEEP OC (Western Coalfields Limited [WCL]),Completed,COAL,Maharashtra,9/2018,235.9,235.9,127.42,98.97,03/2024,03/2026,,100.00%,February 2022,May 2026,48
N18000194,Buxar Thermal Power Project [1320 MW] (Satluj Jal Vidyut Nigam [SJVN] Thermal Limited),Completed,COAL,Bihar,05/2015,10439.09,13756.6,13479.85,94.79,12/2016,05/2026,,100.00%,November 2015,May 2026,119
N06000280,CHUPERBHITA SIMLONG OCP MDO 6 MTY (Eastern Coal Fields Limited [ECL]),Completed,COAL,Jharkhand,12/2023,979.08,979.08,979.08,0.05,3/2033,03/2037,,100.00%,December 2024,May 2026,17
N18000151,"Darlipali Super Thermal Power Project, Stage-II [1x800 MW] (National Thermal Power Corporation [NTPC])",Completed,COAL,Odisha,03/2013,11131,11131,472.8,2.35,09/2017,05/2031,,100.00%,July 2013,May 2026,100
N18000122,Implementation of Transmission Systems in the State of Jharkhand consisting of 400/220/132/33 kV transmission lines and substations under Jharkhand Consultancy Project (Power Grid Corporation of India Limited [POWERGRID]),Completed,COAL,Jharkhand,02/2012,1842.25,1842.25,1648.05,96.2,10/2014,08/2026,,100.00%,February 2012,May 2026,62
N06000211,Indaram Opencast Project (Singareni Collieries Company Limited [SCCL]),Completed,COAL,Telangana,8/2017,424.81,424.81,406.82,81,03/2021,03/2026,,100.00%,February 2022,May 2026,50
N06000166,JHIRIA WEST OCP [1.5 MTY] (South Eastern Coalfields Limited [SECL]),Completed,COAL,Madhya Pradesh,11/2018,366.94,366.94,35.82,41.29,03/2026,03/2029,,100.00%,December 2018,May 2026,86
060100093,MADANNAGAR OCP 12 MTY - MDO (SECL - CIL),Completed,COAL,Chhattisgarh,06/2010,1859.19,1859.19,0.45,,03/2010,03/2033,,100.00%,April 2011,May 2026,153
N06000269,MW SPP part of 510 MW CPSU scheme (NLC India Limited [NLCIL]),Completed,COAL,Rajasthan,3/2023,1813,1813,1753.07,100,,12/2025,,100.00%,January 2024,April 2026,25
N06000045,PELMA OC MDO (South Eastern Coalfields Limited [SECL]),Completed,COAL,Chhattisgarh,11/2014,1725.04,1725.04,16.71,40.34,03/2015,03/2033,,100.00%,April 2011,May 2026,172
N18000275,Patratu Thermal Power Station Expansion Project Phase-I [3x800 MW] (National Thermal Power Corporation [NTPC]),Completed,COAL,Jharkhand,11/2017,18668,20302,19064.59,90.2,03/2023,04/2027,,100.00%,May 2019,May 2026,83
N06000087,RAJRAPPA RCE OCP (Ministry of Coal),Completed,COAL,Jharkhand,12/2009,510.85,510.85,488.71,76.99,03/2016,03/2027,,100.00%,April 2011,May 2026,180
N18000202,"Raghunathpur Thermal Power Station Phase II [2X660 MW] at Raghunathpur, Purulia, West Bengal (Damodar Valley Corporation)",Completed,COAL,West Bengal,04/2007,17673,17673,2043.87,10,02/2011,06/2029,,100.00%,September 2015,May 2026,45
N18000178,Rammam-III HEPP [3x40 MW] (National Thermal Power Corporation [NTPC]),Completed,COAL,West Bengal,09/2014,1381.84,2865.56,1587.33,56.16,09/2019,03/2029,,100.00%,December 2014,May 2026,130
N06000186,TETARIAKHAR OC (Ministry of Coal),Completed,COAL,Jharkhand,11/2019,243.52,243.52,50.82,29.9,03/2023,03/2027,,100.00%,April 2020,May 2026,81
N06000279,Tamil Nadu 08/2023 (02/2024) 01/2026 (03/2025) (01/2026),Completed,COAL,Tamil Nadu,5/2023,218.03,218.03,169.95,100,6/2025,12/2025,,100.00%,November 2024,April 2026,17
N18000010,Tehri Pumped Storage Plant Project [4x250 MW] (THDC India Limited),Completed,COAL,Uttarakhand,07/2006,4825.6,8339,8213.03,99,07/2010,03/2026,,100.00%,April 2011,February 2026,154
N18000378,Transmission system for evacuation of Power from REZ in Rajasthan [20 GW] under phase-III Part-D Phase-II (Power Grid Corporation of India Limited [POWERGRID]),Completed,COAL,Rajasthan,12/2022,284,284,65.32,18.91,3/2025,12/2026,,100.00%,February 2024,May 2026,33
N18000042,Vishnugad Pipalkoti Hydro Electric Project [444 MW] (THDC India Limited),Completed,COAL,Uttarakhand,08/2008,3860.35,6405.08,5608.58,80.5,07/2014,06/2028,,100.00%,April 2011,May 2026,179
N18000093,Inter-Regional Strengthening between SR Grid and ER Grid (Power Grid Corporation of India Limited [POWERGRID]),Completed,COAL / (-) (11590) Multi-States (Andhra Pradesh,Odisha,12/2010,2722.5,2722.5,13.4,1,12/2013,08/2028,,100.00%,April 2011,May 2026,59
180100221,Subansiri Lower HE Project [2000 MW] (National Highways & Infrastructure Development Corporation Ltd. [NHIDCL]),Completed,COAL / Multi-States (Arunachal Pradesh,Assam,09/2003,6285.33,26075.5,26277.65,97.72,09/2010,05/2026,,100.00%,April 2011,May 2026,168
N18000421,Eastern Region Expansion Scheme-43 [ERES-43] (Power Grid Corporation of India Limited [POWERGRID]),Completed,COAL / Multi-States (Bihar,Odisha,5/2025,342.69,342.69,119.94,29.73,5/2026,09/2026,,100.00%,May 2025,May 2026,17
N18000337,Transmission Network Expansion in Gujarat to increase its ATC from ISTS Part B (Power Grid Corporation of India Limited [POWERGRID]),Completed,COAL / Multi-States (Dadra & Nagar Haveli and Daman & Diu,Gujarat,7/2022,4546.26,4546.26,4528.07,99.9,06/2023,05/2026,,99.90%,July 2022,April 2026,44
N18000154,Inter-Regional Strengthening between SR Grid and WR Grid (Power Grid Corporation of India Limited [POWERGRID]),Completed,COAL / Multi-States (Karnataka,Maharashtra,10/2013,1007,1007,20.14,2.5,11/2016,10/2027,,100.00%,October 2013,May 2026,30
N10000014,25.5 MW WIND POWER PROJECT AT KAYATHAR IN TAMILNADU (National Aluminium Company Limited [NALCO]),Completed,MINISTRY OF HOUSING & URBAN AFFAIRS,Tamil Nadu,09/2017,166,166,135,66.73,10/2018,03/2026,,100.00%,October 2018,May 2026,90
N42000006,CONSTRUCTION OF PERMANENT CAMPUS FOR IIT PALAKKAD UNDER PHASE 1A (INDIAN INSTITUTE OF TECHNOLOGY PALAKKAD),Completed,MINISTRY OF HOUSING & URBAN AFFAIRS,Kerala,7/2019,1006.45,1217.4,686.2,86.5,03/2022,06/2026,,100.00%,July 2020,May 2026,69
N10000012,CONVERSION OF FLAT BOTTOM SETTLERS AND WASHERS WITH A SINGLE TRAIN OF HRDS AND DCWS IN STREAMS 1 AND (Ministry of Mines),Completed,MINISTRY OF HOUSING & URBAN AFFAIRS,Odisha,12/2015,355,581,163.55,12,11/2020,,,100.00%,November 2017,February 2026,97
N28000084,Chennai Metro Rail Phase-II Development Project (Chennai Metro Rail Limited [CMRL]),Completed,MINISTRY OF HOUSING & URBAN AFFAIRS,Tamil Nadu,02/2009,63246,63246,33774,53.36,12/2015,08/2029,,100.00%,January 2015,May 2026,129
N10000015,"Construction of Basement + Ground Floor+ 10 Storeyed building for State of the Art Director General, GSI Building at plot No.GN-40, Sector-V, Salt Lake, Kolkata",Completed,MINISTRY OF HOUSING & URBAN AFFAIRS,West Bengal,4/2019,255.37,255.37,98.92,64,04/2022,08/2026,,100.00%,October 2021,May 2026,54
N10000010,Expansion of Alumina Refinery Plant with addition of 5th Stream having capacity enhancement of 1.0 Million Tonee Per Annum (National Aluminium Company Limited [NALCO]),Completed,MINISTRY OF HOUSING & URBAN AFFAIRS,Odisha,12/2014,4103,5677.4,4920.25,94.7,04/2021,06/2026,,100.00%,March 2017,May 2026,109
702798,Jabalpur Sewerage Management and Treatment Infrastructure Project (Ministry of Housing & Urban Affairs),Completed,MINISTRY OF HOUSING & URBAN AFFAIRS,Madhya Pradesh,10/2018,362.31,362.31,332.05,100,03/2023,06/2026,,100.00%,August 2025,March 2026,8
702948,Jaunpur Sewerage Management Infrastructure Project (Ministry of Housing & Urban Affairs),Completed,MINISTRY OF HOUSING & URBAN AFFAIRS,Uttar Pradesh,03/2017,235.73,235.73,221.27,100,06/2023,03/2026,,100.00%,August 2025,January 2026,6
N16000447,Kanpur LPG Bottling Plant (MinistryofPetroleumNaturalGas),Completed,MINISTRY OF HOUSING & URBAN AFFAIRS,Uttar Pradesh,8/2017,202,202,129.69,58,05/2024,09/2027,,100.00%,May 2022,May 2026,24
N16000358,ONGC-BP Redevelopment Phase-1 Scheme of Mumbai High Field (Ministry of Petroleum & Natural Gas),Completed,MINISTRY OF HOUSING & URBAN AFFAIRS,Maharashtra,04/2019,3713.4,3908,1557.5,53.2,03/2022,03/2027,,100.00%,May 2019,May 2026,69
612851,"Phase 1B - Construction of Academic Block, Hostel, Residential Tower, Directors Residence and External Development works at National Institute of Technology, Delhi Campus on Engineering, Procurement and Construction basis (National Institute of Technology Delhi)",Completed,MINISTRY OF HOUSING & URBAN AFFAIRS,Delhi,09/2009,333.49,336.42,327.26,99.9,09/2025,01/2026,,99.90%,July 2025,May 2026,11
N10000013,SOURCING OF BAUXITE ARRANGEMENT FOR 5TH STREAM ALUMINA REFINERY FROM SOUTH BLOCK MINING LEASE OF PANCHPATMAILI MINES (National Aluminium Company Limited [NALCO]),Completed,MINISTRY OF HOUSING & URBAN AFFAIRS,Odisha,11/2017,483,483,446.16,93,04/2021,06/2026,,100.00%,November 2017,May 2026,101
702735,Sewerage Management Scheme Part-3 Implementation (Ministry of Housing & Urban Affairs),Completed,MINISTRY OF HOUSING & URBAN AFFAIRS,Haryana,03/2017,213.19,213.19,180.32,100,03/2023,05/2026,,100.00%,August 2025,March 2026,8
N16000254,Siliguri-Jhapa Pipeline Project (Indian Oil Corporation Limited (IOCL)),Completed,MINISTRY OF HOUSING & URBAN AFFAIRS,West Bengal,09/2015,267,267,2.29,12.7,,03/2029,,100.00%,January 2017,May 2026,46
N28000137,Surat Metro Rail Project (Gujarat Metro Rail Corporation Limited [GMRCL]),Completed,MINISTRY OF HOUSING & URBAN AFFAIRS,Gujarat,3/2019,12020.32,12020.3,9031.25,80.25,03/2024,03/2027,,100.00%,November 2019,May 2026,93
707267,Upgradation of Sewerage system in Gandhinagar City (ministry of housing and urban affairs),Completed,MINISTRY OF HOUSING & URBAN AFFAIRS,Gujarat,07/2020,200,200,100,10,06/2023,06/2023,,100.00%,July 2025,March 2026,9
N16000272,Srikakulam Angul Gas Pipeline Project (Ministry of Petroleum & Natural Gas),Completed,MINISTRY OF HOUSING & URBAN AFFAIRS / Multi-States (Andhra Pradesh,Odisha,03/2017,2658.34,2810,2315.2,97.8,12/2019,06/2026,,100.00%,July 2017,May 2026,83
N16000529,"Augmentation/ Revamping of Dimapur Depot, Dimapur (MinistryofPetroleumNaturalGas)",Completed,PETROLEUM,Nagaland,8/2023,227.62,227.62,26.6,41.2,,11/2027,,100.00%,May 2024,May 2026,28
N24002205,Improvement & widening of existing NH-08 to 4-lane with Paved Shoulder from Champak Nagar to Khayerpur section design Km 242500 to Km 261610 in the state of Tripura on EPC basis under NHO-NE (NHIDCL),Completed,PETROLEUM,Tripura,12/2023,920.66,920.66,920.66,43.8,9/2026,03/2027,,100.00%,December 2024,May 2026,15
N24002160,Improvement and Widening to 2-lane with paved shoulder of road from Km 101.300 to km 127.319 Total Length 26.019 Km i.e. the Khowai Teliamura-Amarpur-Harina- Sabroom section of NH 208 in the state of Tripura on EPC under JICA ODA Loan Phase VI Package-1 (NHIDCL),Completed,PETROLEUM,Tripura,1/2024,431.78,431.78,431.78,58.12,7/2026,12/2026,,100.00%,September 2024,May 2026,21
N24002162,Improvement and Widening to 2-lane with paved shoulder of road from design Km 36.000 Rangamati to design Km 72.000 Pati Chhari Total length 36.000 Km on Teliamura to Harina section of NH 208 in the state of Tripura on EPC mode under JICA ODA Loan Phase VI Package-3 (NHIDCL),Completed,PETROLEUM,Tripura,1/2024,670.9,670.9,670.9,14.1,9/2026,05/2027,,100.00%,September 2024,May 2026,19
N24002161,Improvement and Widening to 2-lane with paved shoulder of road from existing Km 438.170 Khowai Chowmuhani to existing Km 439.410 South Pulinpur of NH-08 and from design Km 0.000 South Pulinpur to design Km 36.00 near Rangamati of NH 208 on Khowai Teliamura- Harina section Total length 37.24 in the state of Tripura on EPC mode under JICA ODA Loan Phase VI Package-2 (NHIDCL),Completed,PETROLEUM,Tripura,1/2024,657.21,657.21,657.21,60.05,9/2026,03/2027,,100.00%,September 2024,May 2026,19
N24002159,Rehabilitation and up-gradation of road from design km 25.250 to km 36.460 Total lengh 11.210 km of Kailashahar-Kurti Bridge section on NH-208A to 2-lane with paved shoulder on EPC basis under NHO Package-III- Balance Work (NHIDCL),Completed,PETROLEUM,Tripura,2/2020,174.43,174.43,174.43,41.9,3/2026,03/2026,,100.00%,September 2024,May 2026,19
N16000386,Barauni Refinery Capacity Expansion from 6.0 to 9.0 MMTPA (Ministry of Petroleum & Natural Gas),Completed,POWER,Bihar,1/2020,14810,16724,74888.74,91.4,04/2023,08/2026,,100.00%,April 2020,May 2026,81
701576,"Berth No. 2 [previously Berth 3] of HDC Mechanization Project (Haldia Dock Complex, Syama Prasad Mookerjee Port Authority)",Completed,POWER,West Bengal,03/2023,298.26,298.26,480,100,09/2025,01/2026,,100.00%,July 2025,February 2026,8
612185,C/o Construction of 200 bedded [Up-gradable to 300 bedded] ESI Hospital at Surat Gujarat. (Employee's State Insurance Company [ESIC]),Completed,POWER,Gujarat,06/2019,209.36,209.36,202.62,100,03/2021,01/2026,,100.00%,October 2025,February 2026,5
N16000412,Capacity Expansion of Panipat Refinery from 15 to 25 MMTPA (Ministry of Petroleum & Natural Gas),Completed,POWER,Haryana,2/2021,34627,36225,27014.44,93.6,9/2024,12/2026,,100.00%,May 2021,May 2026,57
612178,"Construction of 100 Bedded ESIC Hospital building and 32 Nos Residential Quarters at Vallam Vadangal, SIPCOT, Sriperumbudur (Employee's State Insurance Company [ESIC])",Completed,POWER,Tamil Nadu,02/2015,152.95,177.01,127.22,100,03/2023,03/2026,,100.00%,October 2025,March 2026,6
N16000470,Daman Upside Development Project (Oil and Natural Gas Corporation Limited [ONGC]),Completed,POWER,Multi-State,6/2022,4144.41,6406.9,6140.56,99.9,10/2025,12/2026,,100.00%,November 2022,May 2026,41
611142,Fairway Development in West Bengal Farakka - Kahelgaon (Inland Waterways Authority of India [IWAI]),Completed,POWER,West Bengal,01/2018,177,197,383.41,100,07/2023,04/2024,,100.00%,September 2025,March 2026,7
N16000213,Life Extension of 48 well platforms of Mumbai High & Heera Fields (Oil and Natural Gas Corporation Limited [ONGC]),Completed,POWER,Multi-State,12/2015,3190.69,3375.9,3123.2,90,04/2018,10/2026,,100.00%,February 2016,May 2026,122
N16000483,Old Pipe Line Replacement [OPRP] Group-A (Oil and Natural Gas Corporation Limited [ONGC]),Completed,POWER,Gujarat,7/2021,173.03,169.84,164.89,94.2,7/2025,07/2026,,100.00%,May 2023,May 2026,33
N16000515,Part Replacement Pipeline Project [PRPP] (Oil and Natural Gas Corporation Limited [ONGC]),Completed,POWER,Maharashtra,11/2022,1219.48,1145.1,820.4,97,5/2024,03/2026,,100.00%,January 2024,February 2026,25
N16000510,Recovery Turbine [PRT] in PFCCU unit as an Energy Conservation Scheme (NRL),Completed,POWER,Assam,3/2023,293.5,293.5,81.84,99,7/2025,12/2026,,100.00%,November 2023,May 2026,33
N16000279,Redevelopment of Santhal Field [Onshore-Mehsana Asset] (Oil and Natural Gas Corporation Limited [ONGC]),Completed,POWER,Gujarat,02/2017,1162.56,1162.56,1113.19,95.9,03/2026,12/2026,,100.00%,August 2017,May 2026,100
N16000505,Revamping / Augmentation of Facilities at Mathura Bitumen Plant (MinistryofPetroleumNaturalGas),Completed,POWER,Uttar Pradesh,4/2022,260.12,260.12,22.37,53.4,4/2025,12/2026,,100.00%,October 2023,May 2026,30
N16000094,Gurdaspur Jammu Pipeline (Gas Authority of India Limited [GAIL]),Completed,POWER / Multi-States (Jammu and Kashmir,Punjab,12/2009,521.9,521.9,310.3,81.6,06/2011,07/2026,,100.00%,April 2011,May 2026,53
N22000361,3rd Line Manmad - Jalgaon [160 Kilometres] (Central Railway [CR] - II),Completed,RAILWAYS,Maharashtra,02/2016,1035.16,1870,1842.26,100,,11/2025,,100.00%,June 2016,May 2026,118
N22000282,3rd Line between Gudur Renigunta 83.17 Km (South Central Railway [SCR] - II),Completed,RAILWAYS,Andhra Pradesh,04/2013,877.34,877.34,206.02,0.17,,03/2027,,100.00%,August 2013,May 2026,109
N24001719,4 Laning of Paramakudi to Ramanathapuram Section of NH-87 Old NH-49 (National Highways Authority of India [NHAI]),Completed,RAILWAYS,Tamil Nadu,2/2021,1853.16,1853.16,24.3,,7/2025,06/2028,,99.99%,April 2023,May 2026,37
N24001762,4 Laning of Sandalpur to Nasrullaganj Pkg-1 section of NH-146B Length 43.2 Km. (National Highways Authority of India [NHAI]),Completed,RAILWAYS,Madhya Pradesh,10/2021,1425.98,1425.98,69.44,10.3,8/2016,01/2028,,100.00%,May 2023,May 2026,50
N24000734,4 Laning of Talcher to end of Kamakhyanagar Bypass km 8.844 - km 15.725 of NH- 149 and km 301.875 - km 335.946 of NH-53 Pkg-I (National Highways Authority of India [NHAI]),Completed,RAILWAYS,Odisha,01/2018,795.18,810.71,403.24,99,,10/2026,,100.00%,February 2018,May 2026,92
N24000688,4-Laning of Balance work of Dimapur-Kohima Road from design km 152.490 to km 166.700 Existing km 156.000 to km 172.900 Excluding Dimapur & Kohima Bypass under SARDP-NE Package-III (NHIDCL),Completed,RAILWAYS,Nagaland,03/2016,562.98,794.75,119.71,82.59,08/2016,09/2025,,100.00%,April 2017,May 2026,92
N24001593,4/6 Laning of Raipur-Simga Pkg-I from km. 0.00 to km. 48.58 (National Highways Authority of India [NHAI]),Completed,RAILWAYS,Chhattisgarh,11/2021,1096.52,1172.36,105.97,100,9/2024,06/2026,,100.00%,March 2023,May 2026,37
N24002044,4L Ambala - Kalaamb from Km. -0.800 to Km. 33.015 of old NH-72 (National Highways Authority of India [NHAI]),Completed,RAILWAYS,Punjab,6/2023,1183.7,1190.34,452.48,100,6/2025,05/2026,,100.00%,February 2024,May 2026,22
N24001731,4L Behsuma at Km 39.250 Ex. Km 39240 To Bijnor at Km 78.810 Ex. Km 86590 Design Length 39.560 Km of NH-119 Pkg-II (National Highways Authority of India [NHAI]),Completed,RAILWAYS,Uttar Pradesh,12/2021,2158.2,2553.12,705.65,66.81,5/2025,12/2026,,100.00%,April 2023,May 2026,52
N24001557,4L Greenfield spur from Delhi-Vadodara Greenfield expressway near Bandikui to Jaipur (National Highways Authority of India [NHAI]),Completed,RAILWAYS,Delhi,3/2022,1636.15,2170.39,1278.04,100,11/2024,06/2026,,100.00%,March 2023,May 2026,31
N24001827,4L Kodinar - Veraval Package VI from km. 222.400 to km. 230.00 Kodinar Bypass of NH-8E NH 51 new (National Highways Authority of India [NHAI]),Completed,RAILWAYS,Gujarat,3/2022,162.73,192.01,174.82,100,3/2023,04/2025,,100.00%,May 2023,May 2026,30
N24001798,4L Mitigation Measure structures on CH/MH Border to Wainganga Bridge Section of NH-6 New NH-53 (National Highways Authority of India [NHAI]),Completed,RAILWAYS,Maharashtra,2/2021,540.24,468.92,464.27,99.79,11/2023,06/2026,,100.00%,May 2023,May 2026,30
N24001444,4L PS from Ch. 179.780 in Bitada/Movi Village to Ch. 208.900 in Nasarpore Village of NH-56 Pkg-V (National Highways Authority of India [NHAI]),Completed,RAILWAYS,Gujarat,5/2020,764.02,566.96,25.88,4.63,01/2024,11/2027,,100.00%,June 2022,May 2026,45
N24001785,4L PS from Ch. 94.030 in Jabugam Village to Ch. 132.320 in Dhamasiya Village of NH-56 Pkg-III (National Highways Authority of India [NHAI]),Completed,RAILWAYS,Gujarat,3/2022,1188.46,898,99.47,17.19,6/2025,11/2027,,99.93%,May 2023,May 2026,41
N24000613,4L PS from Kalar Bala Village to Nauni Chowk of NH 205 from Km 41.000 to Km 58.450 (National Highways Authority of India [NHAI]),Completed,RAILWAYS,Himachal Pradesh,09/2016,1244.43,786.91,94.67,22.24,,09/2027,,100.00%,September 2016,May 2026,114
N24001984,4L PS from Mandlem Existing Km. 38.000/Design Km.30.600 to Atmakur Existing Km.73.000/Design Km 66.115 of NH340C Package2 (National Highways Authority of India [NHAI]),Completed,RAILWAYS,Andhra Pradesh,3/2023,887.28,913.03,374.39,99.94,10/2025,11/2025,,99.94%,November 2023,May 2026,24
N24002106,4L Prayagraj Greenfield By-pass from design Km 50860 near Nibi Kala Uperhar to design Km 64763 on NH-19 near Khodaypur Kasgaon including Interchange loop at NH-19 (National Highways Authority of India [NHAI]),Completed,RAILWAYS,Uttar Pradesh,8/2023,1017.99,427.54,406.6,100,3/2025,03/2025,,100.00%,February 2024,May 2026,22
N24001810,4L Sundar Nagar Bypass from Km.173.900 to Km.179.600 of NH-21 (National Highways Authority of India [NHAI]),Completed,RAILWAYS,Himachal Pradesh,2/2022,191.11,192.11,182.2,100,6/2024,06/2026,,100.00%,May 2023,May 2026,30
N24001588,4L from Gaju Village at Km. 32.982 to Devinagar Bypass End at Km. 208.000 of NH- 530B Pkg-1C. (National Highways Authority of India [NHAI]),Completed,RAILWAYS,Uttar Pradesh,12/2021,1384.79,1496.44,823.04,99.99,1/2025,01/2025,,100.00%,March 2023,May 2026,38
N24001851,4L from Mathura Bypass Start at Existing Km. 154.20 of NH-44 to Gaju Village at Km 32.982 of NH-530B Pkg-IB (National Highways Authority of India [NHAI]),Completed,RAILWAYS,Uttar Pradesh,1/2022,1722.11,1820.77,1050.08,100,3/2025,07/2026,,100.00%,August 2023,May 2026,25
N24001590,4L from km 196.87 Sankha to km 219.6 Khajuri on NH-75 [Rehla / Garhwa Bypass] (National Highways Authority of India [NHAI]),Completed,RAILWAYS,Jharkhand,9/2020,1129.48,1129.48,527.11,93.45,10/2023,10/2023,,100.00%,March 2023,May 2026,32
N24001707,4L of Bahadurganj Araria section from Km 49.000 to Km 94.000 Package-II of NH- 327E (National Highways Authority of India [NHAI]),Completed,RAILWAYS,Bihar,3/2021,1358.77,1358.77,713.95,100,1/2024,05/2024,,100.00%,April 2023,May 2026,22
N24000568,4L of Bal Works of Talaja - Mahuva from 54.990 km. to 100.450 km. of Old NH-8E Package-II (National Highways Authority of India [NHAI]),Completed,RAILWAYS,Gujarat,05/2016,698.4,735.51,418.41,100,,09/2022,,100.00%,May 2016,May 2026,75
N24000792,4L of Byrapura to Challakere Section from km 308.550 to km 358.500 of NH-150 A (National Highways Authority of India [NHAI]),Completed,RAILWAYS,Karnataka,03/2018,796.77,1195.54,201.53,100,,06/2021,,100.00%,August 2018,February 2026,60
N24001706,4L of Galgalia - Bahadurganj section from Km 0.000 to Km 49.000 Package-I of NH327E (National Highways Authority of India [NHAI]),Completed,RAILWAYS,Bihar,3/2021,1282.97,1282.97,599.36,100,01/2024,01/2024,,100.00%,April 2023,May 2026,21
N24001812,4L of HP/Punjab Border - Mo from km. 11.00 to km. 42.00 of Old NH-20 New NH-154 Package-IA (National Highways Authority of India [NHAI]),Completed,RAILWAYS,Punjab,3/2021,1002.11,1363.04,580.32,60.06,5/2024,10/2026,,100.00%,May 2023,May 2026,33
N24001186,4L of Jind-Gohana road Package-1 from km. 0.00 to km. 40.601 of NH-352 A under NHO (National Highways Authority of India [NHAI]),Completed,RAILWAYS,Haryana,01/2019,994.22,1606.82,623.73,99.97,,06/2026,,100.00%,August 2019,May 2026,52
N24001522,4L of Kodad Design Km 0.00/Existing Km 185.00 of NH-65 to Khammam Design Km 31.800/Existing Km 29.400 of NH-365A (National Highways Authority of India [NHAI]),Completed,RAILWAYS,Telangana,1/2021,1149.17,1606.99,787.9,99.98,1/2024,06/2026,,99.98%,January 2023,May 2026,34
N24001603,4L of Madathukulam - Pollachi from km. 74.38 to km. 116.95 of old NH-209 New NH-83,Completed,RAILWAYS,Tamil Nadu,1/2019,1772.13,1772.13,499.66,95.52,10/2022,07/2026,,100.00%,April 2023,May 2026,30
N24001698,4L of Munger Mirzachauki section from Km 95580 to Km 125000 Pkg-2 (NHAI),Completed,RAILWAYS,Bihar,8/2022,1020.84,1235.65,480.53,93.13,8/2024,07/2026,,100.00%,April 2023,May 2026,28
N24001705,4L of Munger Mirzachauki section from Munger to Kharia village junction from Km 69520 to Km 95580 Pkg-1 (NHAI),Completed,RAILWAYS,Bihar,3/2022,1659.81,1696.66,547.01,78.09,3/2024,10/2026,,100.00%,April 2023,May 2026,28
N24001701,4L of Munger Mirzachauki section from start of existing Bhagalpur bypass to Rasulpur from Km 125000 to Km 157350 Pkg-3 (NHAI),Completed,RAILWAYS,Bihar,4/2022,1769.5,2024.59,574.1,76.01,4/2024,12/2026,,100.00%,April 2023,May 2026,28
N24001753,4L of Najibabad Bypass from Km. 105.423 to Km. 118.373 excluding 2.45 Km. of NH- 74 Bypass of NH-119 (National Highways Authority of India [NHAI]),Completed,RAILWAYS,Uttar Pradesh,2/2022,578.02,566.9,438.88,100,6/2024,05/2026,,100.00%,April 2023,May 2026,30
N24000099,4L of Padalur - Trichy section from km. 285.00 to km. 325.00 of NH - 45 Pkg VI-C (National Highways Authority of India [NHAI]),Completed,RAILWAYS,Tamil Nadu,03/2005,555.8,235.8,100,1479,07/2010,,,100.00%,April 2011,January 2026,10
N24001796,4L of Rajura-Korpana-Adilabad Road upto M.S. Border from km 32.910 to km 89.090 of NH-353B (National Highways Authority of India [NHAI]),Completed,RAILWAYS,Telangana,3/2022,1013.33,1274.63,630.06,100,,05/2026,,100.00%,May 2023,May 2026,30
N24002084,4L of Thirumangalam to Vadugapatti section from km 0.000 to km 36.000 of NH-744 (National Highways Authority of India [NHAI]),Completed,RAILWAYS,Tamil Nadu,3/2022,1076.97,791.6,679.49,95.41,2/2025,07/2026,,100.00%,February 2024,May 2026,30
N24002114,4L of Vadugapatti to Therkuvenganallur Rajapalyam section from km 36.000 to km 71.600 of NH-744 (National Highways Authority of India [NHAI]),Completed,RAILWAYS,Tamil Nadu,2/2022,1317.6,1137.16,932.02,99.99,4/2025,06/2026,,99.99%,February 2024,May 2026,20
N24001627,4L of twin tube tunnel configuration including approaches from Marog to Digdol from Km.154.210 to Km.158.650 North Bound and from Km.155.940 to Km.160.260 South Bound of Ramban to Banihal Pkg-I of Old NH-1A New NH-44 (National Highways Authority of India [NHAI]),Completed,RAILWAYS,Jammu & Kashmir,7/2021,1912.17,1034.3,370.25,28.9,2/2025,12/2027,,100.00%,April 2023,May 2026,31
N24001622,"4L twin tube tunnel including approaches from Digdol to Khuni Nallah North Bound connecting with existing major bridge on NB and South Bound connecting with Tunnel T4 ,Single tube tunnel of Ramban to Banihal Pkg-II of Old NH-1A New NH-44 (National Highways Authority of India [NHAI])",Completed,RAILWAYS,Jammu & Kashmir,7/2021,1401.87,1020.99,1029.97,87.1,6/2024,09/2026,,100.00%,April 2023,May 2026,31
N24001777,5.300 Km.to 9.500 Km. of NH-248BB (National Highways Authority of India [NHAI]),Completed,RAILWAYS,Delhi,7/2020,2067.67,2670.22,1909.72,100,10/2023,06/2026,,100.00%,May 2023,May 2026,35
N24000987,6-laning of km 9.900 to km 19/948 Aramgarh to Shamshabad Section of Hyderabad- Bangalore section of NH-44 Under NHO EPC basis in the state of Telangana (MoRTH),Completed,RAILWAYS,Telangana,01/2018,283.15,300.7,480.38,92.62,05/2020,06/2026,,100.00%,May 2019,May 2026,78
N24001633,6L Access Controlled Ludhiana-Bathinda Greenfield highway from Jn. with Moga- Barnala Road NH-703 near village Tallewal to Jn. with Delhi-Katra Expressway NE-5 near Ludhiana village Ballowal from Km 30.300 to Km 75.543 of NH-754AD Pkg-2 (National Highways Authority of India [NHAI]),Completed,RAILWAYS,Delhi,12/2020,1555.13,1564.66,217.96,23.18,12/2023,09/2027,,99.91%,April 2023,May 2026,43
618704,6L Flyover including RE Wall approaches with Flexible Pavement in the Elephant Corridor of Angul Sambalpur Section of NH-42 New NH-55 Km.202.533 (National Highways Authority of India [NHAI]),Completed,RAILWAYS,Odisha,09/2023,150.86,106.32,106.16,99.99,06/2024,06/2026,,99.99%,February 2026,May 2026,4
N24001665,6L Greenfield Kandili - Aluru Section of NH-130-CD Road from km 342500 to km 365033 Package-OD-8 (National Highways Authority of India [NHAI]),Completed,RAILWAYS,Odisha,12/2021,1492.74,1912.84,1050.21,99.9,10/2024,06/2026,,99.90%,April 2023,May 2026,31
N24001652,6L Minor Bridge Paloli Palam at km. 203.160 & Major Bridge Morad at km. 204.895 and allied works (National Highways Authority of India [NHAI]),Completed,RAILWAYS,Kerala,3/2020,210,216.94,77.9,100,6/2022,06/2026,,100.00%,April 2023,May 2026,31
N24000799,6L of Anandapuram Pendurthi Anakapalli Section from km. 681.000 to km. 731.780 of NH-16 (National Highways Authority of India [NHAI]),Completed,RAILWAYS,Andhra Pradesh,02/2018,2527,2957.25,1012.02,100,,06/2026,,100.00%,August 2018,May 2026,57
N24001664,6L of Chengala - Neeleshwaram from km. 56.200 to km. 93.468 (National Highways Authority of India [NHAI]),Completed,RAILWAYS,Kerala,6/2020,1746.45,2538.06,960.04,90.68,4/2024,03/2027,,100.00%,April 2023,May 2026,31
N24000629,6L of Chiloda-Naroda section from Km. 540.595 to Km. 555.595 of NH-8Package-VII (National Highways Authority of India [NHAI]),Completed,RAILWAYS,Gujarat,11/2016,356.6,463.03,104.04,100,,06/2026,,100.00%,November 2016,May 2026,91
N24001669,6L of Dhanara - Hatibena Section from Km 124.611 to km 146.50 of NH-130-CD Package OD-1 (National Highways Authority of India [NHAI]),Completed,RAILWAYS,Odisha,2/2021,477.76,638.32,297.98,99.95,3/2024,04/2026,,99.95%,April 2023,May 2026,31
N24001671,6L of Hatibena - Badakumari Section from Km 146.50 to km 179.00 of NH-130-CD Package OD-2 (National Highways Authority of India [NHAI]),Completed,RAILWAYS,Odisha,2/2021,791.17,1070.63,727.42,99.95,3/2024,06/2026,,99.95%,April 2023,May 2026,29
N22000553,Agra Fort-Bandikui Doubling Line Project (CAO/C/NCR),Completed,RAILWAYS,Rajasthan,6/2022,1390,1390,529.92,56,6/2027,06/2027,,100.00%,August 2023,May 2026,32
N24001443,Ahmedabad - Dholera Pkg I from km. 0.00 to km. 22.00 [Sardar Patel Ring Road - Sindhrej Village] (National Highways Authority of India [NHAI]),Completed,RAILWAYS,Gujarat,5/2020,1298,1421.05,1024.93,100,03/2024,06/2026,,100.00%,June 2022,May 2026,40
N24001445,Ahmedabad - Dholera Pkg III from km. 48.52 to km. 71.06 [Vejallka Village - Start of DSIR zone] (National Highways Authority of India [NHAI]),Completed,RAILWAYS,Gujarat,5/2020,1034.04,1155.41,1009.77,100,07/2023,06/2026,,100.00%,June 2022,May 2026,40
N24001674,Akshardham - DL/UP Border Pkg-01 (National Highways Authority of India [NHAI]),Completed,RAILWAYS,Uttar Pradesh,2/2023,1479.22,1476.75,1351.78,100,2/2025,06/2026,,100.00%,April 2023,May 2026,39
N22000545,Allahabad division - Aligarh - Harduaganj Flyover (North Central Railway),Completed,RAILWAYS,Uttar Pradesh,4/2020,1457,1457,400.19,36,6/2026,03/2027,,100.00%,August 2023,May 2026,39
N22000258,Bagalkot-Kudachi New Railway Line [142 km] (South Western Railway [SWR] - II),Completed,RAILWAYS,Karnataka,04/2010,1378,1649,808.56,36.3,,01/2027,,100.00%,August 2013,May 2026,152
N24000507,Bakhtiyarpur Km 153.300 to Mokama Km 197.900 (National Highways Authority of India [NHAI]),Completed,RAILWAYS,Bihar,12/2015,1182.94,1898.84,843.24,99.95,,06/2026,,100.00%,December 2015,May 2026,124
N24000708,Balance Works for Four laning of Vikravandi to Sethiyathope section from Km 0.0 to Km 65.96 of NH-45C in Tamil Nadu under NHDP Phase-IV on EPC mode (National Highways Authority of India [NHAI]),Completed,RAILWAYS,Tamil Nadu,09/2017,1163.17,834.46,199.66,29.72,09/2017,06/2027,,100.00%,October 2017,May 2026,106
N24002011,Balance work of Construction of Two/Four lane with paved shoulder from Km 422.000 to 523.600 Chitradurga to Shivamogga of NH-13 in the state of Kanataka on EPC mode. (MoRTH),Completed,RAILWAYS,Karnataka,12/2021,516.96,516.96,105.08,98,6/2024,08/2026,,100.00%,January 2024,May 2026,23
N24001937,Balance work of Rehabilitation and upgrading to 2lane/2lane with paved shoulder configuration and strengthening from from Km 343.80 to 400.33 of Gowribidanur-Chik Ballapur section in the state of Karnataka Under Annual Plan 2021-22 under EPC Mode.-952 (MoRTH),Completed,RAILWAYS,Karnataka,2/2023,398.48,398.48,211.59,93.25,2/2024,04/2026,,100.00%,October 2023,May 2026,25
619160,Balance works in AP Portion and punch list items in TN & AP portion of NH-205 (National Highways Authority of India [NHAI]),Completed,RAILWAYS,Andhra Pradesh,10/2022,166.52,113.46,98.26,100,07/2023,01/2026,,100.00%,January 2026,May 2026,5
N24001692,"Balance works of four lane from km 43.950 Thiruvallur Bypass to km 61.470 Veppampattu Bypass passing through Thannerkulam, Thozur and Sevapet Bypass 17.520 kms of Tirupathi- Tiruttani- Chennai section of NH 205 (National Highways Authority of India [NHAI])",Completed,RAILWAYS,Tamil Nadu,1/2022,467.99,699.68,451.47,97.92,9/2024,06/2026,,100.00%,April 2023,May 2026,29
N22000590,Barabanki-Malhaur 3rd & 4th Railway Line Project (Ministry of Railways),Completed,RAILWAYS,Uttar Pradesh,1/2019,407,407,417.22,78,3/2025,08/2026,,100.00%,August 2023,May 2026,32
N24000515,Barwa Adda Km. 398.240 to Panagarh Km. 521.120 (National Highways Authority of India [NHAI]),Completed,RAILWAYS,West Bengal,04/2014,1560.39,1568.22,91.5,100,,08/2026,,100.00%,December 2015,May 2026,119
N24001679,Belgaum-Khanapur Pkg I Km 0.000-Km 30.800 of NH-4A (National Highways Authority of India [NHAI]),Completed,RAILWAYS,Karnataka,10/2022,1214.3,1195.74,527.99,72.77,4/2025,03/2027,,100.00%,April 2023,May 2026,43
N24001690,Challakere to Hariyur section from km 358.500 to km 414.205 of NH-150 A (National Highways Authority of India [NHAI]),Completed,RAILWAYS,Karnataka,1/2021,1167.52,1873.58,843.6,99.5,1/2023,06/2025,,100.00%,April 2023,May 2026,20
N24000144,Chengapalli km 102.035 to Neelambur Km144.680 and Madukkarai Km 170.880 to Walayar K183.010 Package No. NS-2/BOT/TN-08 (National Highways Authority of India [NHAI]),Completed,RAILWAYS,Tamil Nadu,09/2010,852,285.55,5.14,100,03/2013,10/2026,,100.00%,April 2011,May 2026,87
N24001341,Construction & Upgradation to 2-lane with paved shoulder from Design Km 67.805 at the end of Km 83rd Tunnel near Dhrabshalla Ex. Km 83905 to Km 80.675 start of Kishtwar Bypass - Dulhasti Ex. Km 970751 of 12.870 Km length on chenani- Sudhmahadev-Goha Khellani-Kishtwar-vailoo-Donipawa-Ashajipora seition of NH-244 in the UT of J&K on EPC Mode under NHO-Gen Pkg-3 (NHIDCL),Completed,RAILWAYS,Jammu & Kashmir,3/2021,398.51,398.51,99.35,98.55,12/2022,08/2025,,100.00%,July 2021,May 2026,50
N24002238,Construction of 2 lane Barpeta Bypass from Km 77900Baradi to Km 86150 Deurikuchi Length8.25Km on NH-427 in the state of Assam under EPC ModeJob No.427/AS/2022-23/245 (MoRTH),Completed,RAILWAYS,Assam,03/2023,173.65,173.65,8.07,20,8/2026,08/2026,,100.00%,May 2025,May 2026,11
N24001912,Construction of 2 laning with Hard shoulder of Peren-Dimapur section on NH 129A from Design Km 146.208 to Km 163.592 Length- 17.384 km in the state of Nagaland on EPC mode under NHO-TSP Package-III (NHIDCL),Completed,RAILWAYS,Nagaland,2/2021,177.77,199.02,199.02,93.37,6/2025,06/2026,,100.00%,September 2023,May 2026,28
N24001288,"Construction of 2-Lane with paved shoulder of Kohima-Bypass Road connecting NH- 39New NH-02, NH-150New NH-02, NH-61New NH-29 and NH-39New NH-02 from design Km 0.00 to Km 10.500 in the State of Nagaland under SARDP-NE on EPC Mode Package-1 -Balance work (NHIDCL)",Completed,RAILWAYS,Nagaland,8/2020,232.29,350.88,16.22,25.61,04/2022,11/2026,,100.00%,January 2021,May 2026,29
N24002131,Construction of 2-laning with Hard shoulder of Ukhrul Tolloi - Tadubi section of NH- 102A from Design Chainage km 9450 to km 50850 in the State of Manipur on EPC mode under NHO-NE Package-2 (NHIDCL),Completed,RAILWAYS,Manipur,3/2023,578.98,578.98,249.58,80.02,,12/2026,,100.00%,April 2024,May 2026,23
N24000996,Construction of 4 lane Bypass to Nalgonda Town lrorn Km 000 Existing Ch. 181590 to Km 14.00 Existing Ch. 28/685 ol Nakrekal to Nagarjunsagar Section of NH -565 in the State of Telangara on EPC under Annual Plan 2024 -25 (MoRTH),Completed,RAILWAYS,Telangana,01/2017,516.17,516.17,516.17,47.2,10/2019,10/2027,,100.00%,May 2019,May 2026,82
N24002237,"Construction of 4 lane Gauripur Bypass Starting bfrom Km 852.56 of NH- 31Dumardoha Pt-II and Terminating at Km 862.17 Baladmara via. Khudimari Pt.- II, Fulkumari, Charaldanga, Sajuakuti,Geramari Pt.-III and finally meeting at km 862.17 of NH-17New/ NH-31Old in the State of Assam under EPC Mode Job no. 31/AS/ 2023- 24/265 (MoRTH)",Completed,RAILWAYS,Assam,03/2024,421.15,421.15,421.15,18.3,10/2026,10/2026,,100.00%,May 2025,May 2026,11
N24002154,Construction of 4-Lane Panchgram Bypass from Design Chainage km 15500 on NH- 37 Old NH-53 at Kalinagar Pt.-I Village to Design Chainage km 27300 at crossing with NH-6 Old NH-44 Near Siddeswar Pt.-I Village on Silchar - Churaibari stretch in the State of Assam on EPC Mode under Bharatmala Pariyojana in Economic Corridors Silchar- Churaibari Package-2 (NHIDCL),Completed,RAILWAYS,Assam,3/2023,676.18,728.97,728.97,57.17,2/2027,02/2027,,100.00%,September 2024,May 2026,19
N24001647,Construction of 4-lane green field highway from Km. 35.000 to Km. 49.155 of NH- 731A with paved shoulders on Hybrid Annuity Mode in the state of Uttar Pradesh (MoRTH),Completed,RAILWAYS,Uttar Pradesh,8/2020,697.66,697.66,0.04,100,3/2022,06/2026,,100.00%,April 2023,May 2026,31
N24002032,Construction of 4-lane highway with paved shoulders from Km 49.155 to Km 74.700 of NH-731A on Hybrid Annuity Mode in the state of Uttar Pradesh (MoRTH),Completed,RAILWAYS,Uttar Pradesh,1/2022,1156.72,1156.72,1156.72,100,,06/2026,,100.00%,February 2024,May 2026,22
N24000752,Construction of 4/6 Laning from Km 132.375 to Km 153.058 Total New Alignment length of 20.683 Km of Daboka-Dimapur Section Dimapur Bypass Nagaland Portion of NH-36 & 39 in the State of Nagaland on EPC basis under PhaseA of SARDP-NE (NHIDCL),Completed,RAILWAYS,Nagaland,02/2017,819.39,819.39,819.39,,09/2018,02/2023,,100.00%,April 2018,May 2026,91
619301,Construction of Approach Road to Rail-cum- Road Bridge across river Ganga at Munger Ghat NH-333 B (NHAI),Completed,RAILWAYS,Bihar,07/2013,537.88,633.91,200.58,99.99,05/2021,06/2026,,99.99%,March 2026,May 2026,3
N24001545,Construction of Bhabhua Bypass from Ch. 10800Design Ch. 10800 to Ch. 19860 Design Ch. 18150 and Chand Bypass from Ch. 38060 Design Ch. 36250 to Ch. 40460 Design Ch. 38650 and widening of existing road to 2 - lane with Paved shoulder from Ch. 40460 Design Ch. 38650 to Ch. 46860 Design Ch. 45050 of NH-219 Total length- 16.150 Kmunder EPC mode in the state of Bihar (MoRTH),Completed,RAILWAYS,Assam,8/2022,280.75,255.53,211.79,99.04,12/2022,06/2024,,100.00%,February 2023,May 2026,37
N24001862,Construction of Bypass road to Balangir town from km 72/400 Desing km 0/0 to km 79/800 Design km 11/670 of NH-26 in the State of Odisha. (MoRTH),Completed,RAILWAYS,Odisha,2/2022,238.78,238.78,6.09,55,10/2025,07/2026,,100.00%,August 2023,May 2026,26
N24001938,"Construction of Elevated corridor from Km. 135.650 to 136.300 on 63, from Km. 249 to Km. 250.050 on old NH-4 and from Km. 192.910 to Km. 193.350 on NH-218 from decongestion of traffic in Ranichennamma circle in Hubli city in the state of Karnataka on EPC basis (MoRTH)",Completed,RAILWAYS,Karnataka,6/2021,298,349.49,175.06,65,6/2024,11/2026,,100.00%,October 2023,May 2026,25
N24002086,Construction of Four Lane Highway form Ghazipur- Ballia-UP/Bihar State Border Greenfield section of NH-31 Package I [from Hridaipur km 0.000 to Shahapur km 42.500] on EPC Mode in the state of Uttar Pradesh. (National Highways Authority of India [NHAI]),Completed,RAILWAYS,Uttar Pradesh,10/2022,1706.47,1579.59,866.24,100,7/2025,06/2026,,100.00%,February 2024,May 2026,27
N24000604,Construction of Four lane Elevated Structure at Raniwada Circle in Sanchore City on NH-68 (National Highways Authority of India [NHAI]),Completed,RAILWAYS,Rajasthan,08/2016,353.3,241.34,180.55,82.61,,07/2026,,100.00%,August 2016,May 2026,51
N24002223,Construction of Intermediate Lane Road with hard shoulder from design Km 0.000 to Km 17.387 Total length 17.387 km of Hunli to Ithun Bridge section on NH-913 Frontier Highway in State of Arunachal Pradesh on EPC mode under NHO-NE (NHIDCL),Completed,RAILWAYS,Arunachal Pradesh,2/2024,275.5,275.5,275.5,49.83,1/2027,01/2027,,100.00%,March 2025,May 2026,15
N24002224,"Construction of Intermediate Lane of Pango to Jorging Road from 0000 to Design Km Design Km 40000 Design Length 40.00 Km, Pkg-l, Greenfield Alignment in the State of Arunachal Pradesh on EPC mode Pkg-1 (NHIDCL)",Completed,RAILWAYS,Arunachal Pradesh,1/2024,898.19,898.19,898.19,39.5,7/2027,07/2027,,100.00%,March 2025,May 2026,13
N24000885,Construction of ROB and its approaches in lieu of LC No. 10/B/T at Km 307.050 of NH-60. (MoRTH),Completed,RAILWAYS,West Bengal,03/2016,155.87,138.57,138.57,16.35,08/2019,03/2027,,100.00%,April 2019,May 2026,73
N24001946,Construction of Srinivasapura Bypass from existing Km 453.890 Design Ch. 0000 to existing Km 461.450 Design Ch 10080 on NH-69 in the State of Karnataka Under NH O in EPC mode under Annual Plan 2022-23 NH-69-KNT-2022-23-966 dated 22.11.2022 (MoRTH),Completed,RAILWAYS,Karnataka,11/2022,204.42,204.42,204.42,,11/2024,01/2027,,100.00%,October 2023,May 2026,24
N24001860,Construction of bypass to Nayagarh town from km 235.469 to 252.482 of NH-57 including land acquisition in the state of Odisha. (MoRTH),Completed,RAILWAYS,Odisha,1/2022,300.33,300.33,82.33,100,4/2025,03/2026,,100.00%,August 2023,May 2026,26
N24001730,"Construction of four-lane elevated viaduct from km.4634 to km.6345 on NH-24A including Retaining wall, service lane, at grade road and improvement of junctions, on EPC mode (MoRTH)",Completed,RAILWAYS,Uttar Pradesh,12/2021,365.53,365.53,187.39,87.28,,07/2026,,100.00%,April 2023,May 2026,32
N24000874,Construction of new road at the missing link portion of NH-81 along approved alignment between Harishchandrapur and Eastern approach of Kalindri Bridge from Km 46.550 to Km 59.697 in the district of Malda. Job No-081-WB-2015-16/400 (MoRTH),Completed,RAILWAYS,West Bengal,03/2016,271.17,291.2,209.23,84.78,11/2018,08/2026,,100.00%,April 2019,May 2026,73
N24001866,Construction of two lane with paved shoulder of Ghatol Bypass from km 133.250 to km 140.950 of NH-56 old NH No. 113 on EPC mode in the State of Rajasthan. (MoRTH),Completed,RAILWAYS,Rajasthan,3/2022,170.49,170.49,170.49,,8/2024,09/2027,,100.00%,September 2023,May 2026,29
N24001396,Construction/upgradation to 2-lane with paved shoulder from Design Km 95.55 Bandarkoot to Km. 111.06 Chattroo of 15.52 Km length on Khellani-Kishtwar-Chattroo section on NH-244 in UT of Jammu and Kashmir on EPC Mode Pkg-5 (NHIDCL),Completed,RAILWAYS,Jammu & Kashmir,7/2021,497.09,497.09,245.25,99.97,02/2023,03/2026,,99.97%,September 2021,May 2026,48
N24001809,Conversion of Partially Excavated Escape Tunnel to Uni-Directional 2L Tunnelincluding construction of cross passages and approach roads on either side of the tunnel from Km 12.732 to Km 14.568 of Kiratpur to Nerchowk Section of NH-21 (National Highways Authority of India [NHAI]),Completed,RAILWAYS,Chhattisgarh,5/2022,444.21,412.88,394.65,100,3/2024,05/2026,,100.00%,May 2023,May 2026,30
N24001634,Delhi-Amritsar-Katra Expressway Phase-I Pkg-IV from Junction with Jind-Karnal road NH-709A near Alewa village to Junction with Ambala-Kaithal-Hissar road NH-152 near Kharak Pandwa village Km 91400 to Km 120250 (National Highways Authority of India [NHAI]),Completed,RAILWAYS,Haryana,1/2021,1306.95,1578.66,563.2,76.13,4/2024,03/2024,,99.97%,April 2023,May 2026,31
N24001415,Delhi-Amritsar-Katra Expressway Phase-I Pkg-VII from Junction with Patiala-Bathinda road NH-7 near Bhawanigarh to Junction with Ludhiana-Malerhkotla SH-11 near Bhogiwal village Km 188830 to km 225770 (National Highways Authority of India [NHAI]),Completed,RAILWAYS,Punjab,12/2020,1759.82,1774.32,1250.45,95.8,04/2024,06/2026,,100.00%,October 2021,May 2026,49
N24001552,Delhi-Amritsar-Katra Expressway Phase-II Pkg-XV [Junction with Hiranagar Road near village Gurha Baildaran to Junction with Jammu Ring Road NH-244A near Jakh village from Km 468100 to Km 503250] (National Highways Authority of India [NHAI]),Completed,RAILWAYS,Jammu & Kashmir,10/2021,2714.95,3716.56,1655.87,89.37,9/2024,12/2026,,100.00%,March 2023,May 2026,36
N24001519,Delhi-Vadodara Greenfield Alignment NH-148N Pkg-27 Ch.729.700 to Ch.756.052 (National Highways Authority of India [NHAI]),Completed,RAILWAYS,Delhi,9/2020,1185.69,1259.27,1000.72,97.6,11/2023,06/2026,,100.00%,January 2023,May 2026,38
N24001520,Delhi-Vadodara Greenfield Alignment NH-148N Pkg-31 Ch.824920 to Ch.844382 [Junction near Pratap nagar Village - Junction near Dodka Village] (National Highways Authority of India [NHAI]),Completed,RAILWAYS,Delhi,11/2019,1644.85,1651.14,990.1,100,5/2024,06/2026,,100.00%,January 2023,May 2026,34
N24001563,Deogarh near Dhandhaniya-Rajasthan/Gujarat Border Phase-I AJ/DRGB-Package-6 (National Highways Authority of India [NHAI]),Completed,RAILWAYS,Gujarat,10/2019,846.59,740.62,676.19,100,8/2023,06/2026,,100.00%,March 2023,May 2026,32
N24001564,Deogarh near Dhandhaniya-Rajasthan/Gujarat Border Phase-I AJ/DRGB-Package-7 (National Highways Authority of India [NHAI]),Completed,RAILWAYS,Gujarat,10/2019,662.08,597.77,511.76,99.2,7/2023,06/2026,,100.00%,March 2023,May 2026,32
618455,Development of External Trunk Connectivity and Internal Infrastructure Works at Multi Model Logistics ParkMMLP at Jogighopa in the State of Assam on EPC Mode Package-I Road and Utility Works (NHIDCL),Completed,RAILWAYS,Assam,02/2020,693.97,693.97,296.96,100,09/2020,09/2024,,100.00%,December 2025,May 2026,6
N24001769,Dhangaon - Borgaon section km 81.000 to km 139.000 [Indore - Edlabad Pkg IV] (National Highways Authority of India [NHAI]),Completed,RAILWAYS,Madhya Pradesh,11/2018,866,1185.04,638.17,99.8,8/2023,08/2026,,100.00%,May 2023,May 2026,22
N24001723,Dindigul Bypass - Samyanallore from km. 373.275 to km. 426.00 (National Highways Authority of India [NHAI]),Completed,RAILWAYS,Tamil Nadu,10/2018,579,295.5,1.4,100,2/2021,01/2009,,100.00%,April 2023,May 2026,35
N22000351,Doubling of Katni - Singrauli Railway Line [261 km] (Indian Railway Construction International Limited [IRCON]),Completed,RAILWAYS,Madhya Pradesh,12/2015,2445,4377,3360.89,81.2,12/2020,12/2025,,100.00%,June 2016,May 2026,112
N22000318,Doubling of Kirandul-Jagdalpur Line [150 km] (East Coast Railway [ECoR] - II),Completed,RAILWAYS,Chhattisgarh,12/2012,1589,1798,1656.54,97.6,,04/2027,,100.00%,May 2014,May 2026,143
N24002030,"Earthwork in Formation, Road Work, Construction of Bridges, Blanketing, P. Way Linking works including Supply of P. Way Fittings and Track Ballast in connection with Construction of Railway Siding from Jogighopa Railway Station to MMLP at Jogighopa from Ch. 00 to 3760 on Item Rate basis Package -3, Railway Siding from Jogighopa Railway Station to MMLP (NHIDCL)",Completed,RAILWAYS,Assam,2/2020,693.97,693.97,37.6,93.23,3/2022,09/2024,,100.00%,January 2024,May 2026,26
N24000619,Four Laning of Angul to Sambalpur from Km.112.000 to Km.265.000 (National Highways Authority of India [NHAI]),Completed,RAILWAYS,Odisha,09/2016,2510.04,2632.91,1199.04,99.98,,06/2026,,100.00%,September 2016,May 2026,109
N24000570,Four Laning of Una to Kodinar from km. 180.478 to km. 221.610 Package-V (National Highways Authority of India [NHAI]),Completed,RAILWAYS,Gujarat,05/2016,877.71,1126.66,630.52,100,,03/2025,,100.00%,May 2016,May 2026,111
N22000572,Gauge Conversion of Kendri-Dhamtari including Abhanpur - Rajim Branch line 67.20 Kms - 2nd Material Modification to Raipur Titlagarh doubling. (SECR),Completed,RAILWAYS,Chhattisgarh,7/2011,1171,1171,420.67,100,10/2024,06/2026,,100.00%,August 2023,May 2026,32
N24000462,Goa / Karnataka Km.93.700 to Kundapur Km.283.30 (National Highways Authority of India [NHAI]),Completed,RAILWAYS,Goa,05/2014,1644.92,1990.99,329.51,97.8,08/2016,07/2026,,100.00%,December 2015,May 2026,118
N24000490,Hospet - Chitradurga from km. 299.00 to km. 418.750 (National Highways Authority of India [NHAI]),Completed,RAILWAYS,Karnataka,03/2015,1519.72,387.48,36.7,100,,06/2026,,100.00%,December 2015,May 2026,88
N24001852,Hyderabad - Maneguda (National Highways Authority of India [NHAI]),Completed,RAILWAYS,Telangana,10/2021,958.86,1218.49,212.78,20.4,2/2025,05/2027,,100.00%,August 2023,May 2026,32
N24002239,Improvement and Widening two lannig with paved Shoulder of NH 127B from km 31.500 Goeragre to km 63.224 Package-II in state of Meghalaya (MoRTH),Completed,RAILWAYS,Meghalaya,12/2023,504,350.67,350.67,2.5,5/2027,05/2027,,100.00%,May 2025,May 2026,11
N24002233,Improvement/Widening of New NH-217 Dainadubi-Darugiri section to Two lane with paved shoulder in Meghalaya from design Km 0000 to Km 40840 existing Km 8600 to Km 53000 of Old NH-62 under BMP Lot-1 Pkg-1B Meghalaya portion (NHIDCL),Completed,RAILWAYS,Meghalaya,03/2023,705.83,705.83,705.83,42.09,3/2027,03/2027,,100.00%,April 2025,May 2026,17
N24000457,Itarsi Km. 63.000 to Betul Km. 137.000 of NH-69 in Madhya Pradesh (National Highways Authority of India [NHAI]),Completed,RAILWAYS,Madhya Pradesh,02/2012,950.27,788.33,399.27,100,08/2016,06/2026,,100.00%,December 2015,May 2026,15
N22000517,Jeypore-Malkanagiri New Railway Line Project (East Coast Railway [ECoR] - II),Completed,RAILWAYS,Odisha,7/2017,2344,2344,549.72,7.5,7/2028,07/2033,,100.00%,August 2023,May 2026,42
N24001790,Kagvadar - Una Package-IV (National Highways Authority of India [NHAI]),Completed,RAILWAYS,Gujarat,2/2020,750.53,955.78,363.42,97.93,8/2023,06/2026,,100.00%,May 2023,May 2026,39
N22000415,Katni - Bina Third Railway Line [279 km] (West Central Railway WCR I),Completed,RAILWAYS,Madhya Pradesh,06/2016,2478.23,4127.23,3368.11,100,03/2022,12/2025,,100.00%,July 2016,February 2026,103
N22000416,Katni Grade Separator/Bye Pass (Indian Railway Construction International Limited [IRCON]),Completed,RAILWAYS,Madhya Pradesh,08/2016,1248,1248,1850.38,95,03/2020,09/2026,,100.00%,July 2016,May 2026,115
N24001476,Khammam-Devarapalle Pkg IV [4L Access Controlled Greenfield from Recherla village to Gurvaygudem village Design Chainage 105236 to 132664] (National Highways Authority of India [NHAI]),Completed,RAILWAYS,Andhra Pradesh,9/2021,569.37,752.02,355.88,100,9/2022,05/2025,,100.00%,December 2022,May 2026,35
N24000592,Kodinar - Veraval Package VI from km. 221.610 to km. 263.00 of NH-8E & km. 120.900 to km. 121.150 of NH-8D (National Highways Authority of India [NHAI]),Completed,RAILWAYS,Gujarat,07/2016,894.01,1127.42,457.06,98.79,,06/2026,,100.00%,July 2016,May 2026,112
N24000784,Kozhikode Bypass Calicut Bypass Vengalam Jn. to Ramanattukara Jn. (National Highways Authority of India [NHAI]),Completed,RAILWAYS,Kerala,02/2018,1424.77,2139.18,1048.93,98.75,,06/2026,,100.00%,August 2018,May 2026,90
N24001806,Loha-Waranga Section of NH-361 from km 187.800 to km 244.369 (National Highways Authority of India [NHAI]),Completed,RAILWAYS,Maharashtra,3/2018,1236.08,3466.58,900.78,96.22,3/2023,12/2026,,100.00%,May 2023,May 2026,18
N24001709,Maheshkunt -Saharsa-Purnea Pkg II (National Highways Authority of India [NHAI]),Completed,RAILWAYS,Bihar,9/2020,1028.28,1244.09,831.69,91.03,4/2023,09/2026,,100.00%,April 2023,May 2026,43
N22000032,Manoharabad-Kothapalli New Rail Line [151 km] (South Central Railway [SCR] - II),Completed,RAILWAYS,Telangana,04/2006,1160,2781,3073.41,72.02,,12/2027,,100.00%,April 2011,May 2026,180
N24000174,Muzaffarpur - Sonbarsa Section of NH-77 from km 2.800 to km 89.000 (NHAI),Completed,RAILWAYS,Bihar,05/2011,2290.72,2311.1,468.71,100,11/2013,06/2026,,100.00%,October 2011,May 2026,45
N22000551,NEW BG LINE INTERSECTION [5 NOS] BETWEEN GERATPUR-SANAND & BOTAD-AHMEDABAD [16.51 KM] (Western Railway (WR) - II),Completed,RAILWAYS,Gujarat,10/2022,437.21,437.21,117.95,22,10/2027,10/2027,,100.00%,August 2023,May 2026,32
N22000629,Nagpur- Nagbhir Railway Line Gauge Conversion Project (MRIDC),Completed,RAILWAYS,Maharashtra,10/2019,1400,1400,1472,80,6/2024,12/2025,,100.00%,January 2024,May 2026,28
N24000917,Pal Phata Phulambri - Khultabad 2LPS (MoRTH),Completed,RAILWAYS,Maharashtra,03/2018,227.19,227.19,227.19,95.29,08/2018,12/2025,,100.00%,May 2019,May 2026,83
400280,Ph II extension of MRTS from Velachery to St Thomas Mount (Southern Railways [SR] - construction),Completed,RAILWAYS,Tamil Nadu,11/2007,734,734.01,486.53,99.9,07/2024,09/2025,,99.90%,July 2025,May 2026,11
705503,Pune - Miraj-Londa [467 Kilometres] (Central Railway [CR] - II),Completed,RAILWAYS,Maharashtra,06/2016,4027.53,4872.52,5248.72,100,02/2025,08/2025,,100.00%,July 2025,March 2026,9
N24001082,Pune raigarh District Border To Mangaon Ch 69000 to 103775 NH-753F (MoRTH),Completed,RAILWAYS,Maharashtra,03/2018,223.46,223.46,223.46,89.08,12/2019,06/2024,,100.00%,May 2019,May 2026,78
N22000350,Rampur Dumra-Tal-Rajendrapul Additional Bridge and Railway Line Doubling (Indian Railway Construction International Limited [IRCON]),Completed,RAILWAYS,Bihar,12/2015,2373.64,1700.24,1581.96,98.5,12/2020,12/2025,,100.00%,June 2016,May 2026,112
N24000768,Realignment of NH-717A from Design Ch.0.00 Km 77.800 of NH-10 to Design Ch.2.00 Km 3.100 of NH-717A with two lane paved shoulder including Major Bridge of 680 m in the State of Sikkim on EPC Mode-COS work (NHIDCL),Completed,RAILWAYS,Sikkim,11/2017,264.84,380.94,61.27,100,11/2017,05/2026,,100.00%,August 2018,May 2026,84
N24001897,Reconstruction and widening to 2 lane with paved shoulder from existing chainage km 102000 to km 134950 Design chainage km 90150 to km 116980 including construction of Naushera Tunnel Total length of tunnel 0.700 km under 31 TF on Akhnoor-Poonch road NH-144A in the UT of Jammu & Kashmir under Project Sampark BRO on EPC mode Package-V Job no NH-144A-J&K-2020-21-104 (MoRTH),Completed,RAILWAYS,Jammu & Kashmir,3/2021,642.24,572.51,572.51,100,7/2024,03/2026,,100.00%,September 2023,May 2026,25
N24000775,Reconstruction of existing 2 L/IL to 2L with paved shoulder from existing km 52.200 to 92.880 of NH- (MoRTH),Completed,RAILWAYS,Uttarakhand,06/2017,282.08,282.08,166.13,100,6/2019,10/2023,,100.00%,August 2018,May 2026,87
N24001908,"Rehabilitation & up-gradation for Talere Gaganbawada - kolhapur Road NH 166G stretch start from km. 0/00 to Km. 06/00 and km. 13/00 to km 19/440 of NH-166G, length 12.440 km in the State of Maharashtra. (MoRTH)",Completed,RAILWAYS,Maharashtra,12/2021,164.13,164.13,98.68,100,5/2024,04/2026,,100.00%,September 2023,May 2026,30
N24001948,Rehabilitation & upgradation of existing road to 2-lane with hard shoulder from Joshimath km 0.00 to Saraithota km 29.725 road on NH-107B under Bharatmala Pariyojna on EPC mode in the state of Uttarakhand (MoRTH),Completed,RAILWAYS,Uttarakhand,10/2022,338.38,338.38,338.38,78.2,10/2024,03/2027,,100.00%,October 2023,May 2026,49
N24000969,Rehabilitation and Up-gradation of Pasarlapudi to Dhindi section from Km 105/170 to Km 126/510 of NH -214 New NH -216 to two lane with paved shoulder in the state of Andhra Pradesh under NHDP-IV (MoRTH),Completed,RAILWAYS,Andhra Pradesh,01/2017,263.45,263.45,151.56,98.4,09/2017,09/2025,,100.00%,May 2019,May 2026,82
N24000382,Rehabilitation and Upgradation of Chorma - Bairgania Section of National Highway No 227F to 2 lane with paved shoulders from Design Ch.0.000 to Ch. 34.566 (National Highways Authority of India [NHAI]),Completed,RAILWAYS,Bihar,01/1991,610.78,628.65,335.08,100,,06/2026,,100.00%,December 2015,May 2026,124
N24002004,"Rehabilitation and Upgradation of LB-Nagar to Malkapur section to 6-Lane main carriageway with service roads, drains cum footpath, including VUPs and widening of Minor bridge & road safety provisions from Km. 15/00 to Km 40/00 of NH-65 Old NH-9 under NH O for the year 2020-21 in the state of Telangana on EPC Mode. (MoRTH)",Completed,RAILWAYS,Telangana,3/2021,545.11,545.11,275.13,81.79,7/2024,07/2026,,100.00%,November 2023,May 2026,23
N24001957,Rehabilitation and Upgradation to 2-lane with paved shoulders configuration of Koyyuru to Chaprathipalem section Km 120000 to Km 165500 of NH-516E in the State of Andhra Pradesh under Green National Highways Corridor Project GNHCP with the loan assistance of World Bank on EPC mode (MoRTH),Completed,RAILWAYS,Andhra Pradesh,8/2020,349.29,349.29,242.08,100,7/2024,03/2026,,100.00%,October 2023,May 2026,25
N24001902,Rehabilitation and Upgradation to two lane with paved shoulder configuration of NH- 752G from Sakri to Pimpalner Section Design Ch km 0000 to Ch km 21411 in the state of Maharashtra on EPC Mode. Length 21.411 km. (MoRTH),Completed,RAILWAYS,Maharashtra,12/2022,226.58,226.58,226.58,100,9/2024,10/2026,,100.00%,September 2023,May 2026,34
N24001531,Rehabilitation and upgradation from Km 22300 to 58635 of MudireddyPalle to Kadapa/Nellore Border via porumamilla Section of NH 167 Two Lane with paved Shoulder in (MoRTH),Completed,RAILWAYS,Andhra Pradesh,3/2022,279.29,279.29,159.13,90.33,8/2024,06/2026,,100.00%,January 2023,May 2026,22
N24000981,Rehabilitation and upgradation of NH-221 from km 121/0 to 165/0 Rudrampur to Bhadrachalam section to two lane with paved shoulder under NHDPIV in the state of Telangana through EPC mode (MoRTH),Completed,RAILWAYS,Telangana,10/2016,295.47,334.82,375.14,82.76,03/2019,06/2026,,100.00%,May 2019,May 2026,88
N24000742,Rehabilitation and upgradation to 2 lane / 2 lane with paved shoulder configuration for design chainage km 107.347 to km 129.208 & km 133.878 to km 138.570 existing chainage km 110.000 to km 133.020 & km 137.330 to km 142.028 and land slide treatment at existing km 138.500 Design chainage km 134.970 of NH -94 on EPC mode under improvement to NH connectivity to Chardham in the state of Uttarakhand. (MoRTH),Completed,RAILWAYS,Uttarakhand,03/2018,346.5,346.5,346.5,100,06/2018,06/2024,,100.00%,March 2018,May 2026,90
N24000820,Rehabilitation and upgradation to 2 lane with paved shoulder configuration from km 122.00 Dharasu Bend to km 147.230 Silkyara Bend of NH-94 in the state of Uttarakhand (MoRTH),Completed,RAILWAYS,Uttarakhand,11/2017,237.79,237.79,79.56,100,11/2019,07/2024,,100.00%,October 2018,May 2026,85
N24001461,Rehabilitation and upgradation to 2-lane with paved sholuders configuration of Bewar- naer Karri village section Km0.00 to Km30.00 Pakage-I of NH-92 in state of Uttar Pradesh undergreen national Highway Corridor Project GNHCP with the loan assistance of world Bank on EPC mode. (MoRTH),Completed,RAILWAYS,Uttar Pradesh,4/2020,236.47,236.47,236.47,100,3/2024,07/2026,,100.00%,September 2022,May 2026,38
N24001462,Rehabilitation and upgradation to 2-lane with paved sholuders configuration of Near Karri village-Etawah section Km30.000 to Km 57.346 Pakage-II of NH-92 in state of Uttar Pradesh undergreen national Highway Corridor ProjectGNHCP with the loan assistance of world Bank on EPC mode. (MoRTH),Completed,RAILWAYS,Uttar Pradesh,4/2020,211.09,206.56,206.56,100,7/2024,02/2025,,100.00%,September 2022,May 2026,38
N24001601,Salem - Ulundurpet section from km 0.313 to km 136.670 of NH-68 (National Highways Authority of India [NHAI]),Completed,RAILWAYS,Tamil Nadu,1/2019,861.23,1019.85,140.31,100,1/2023,06/2026,,100.00%,April 2023,May 2026,40
N22000329,Samastipur-Darbhanga Doubling Railway Project (East Central Railway [ECR] - I),Completed,RAILWAYS,Bihar,05/2015,519,519,409.48,100,,10/2025,,100.00%,May 2015,May 2026,131
N24001565,Sangariya near Chautala-Rasisar near Bikaner section of NH-754K Phase-I AJ/SR- Package-7 (National Highways Authority of India [NHAI]),Completed,RAILWAYS,Rajasthan,2/2019,520.63,548.42,426.09,100,5/2023,06/2026,,100.00%,March 2023,May 2026,11
N24000432,Satara Km 725.000 to Pune Km 865.350 of NH - 4 New NH - 48 in Maharashtra (National Highways Authority of India [NHAI]),Completed,RAILWAYS,Maharashtra,09/2015,361.72,425.51,68.63,99.05,,06/2026,,100.00%,December 2015,May 2026,88
N24000726,Six Laning of Bihar - Jharkhand Border Chordaha - Gorhar section of NH-2 from km 249.525 to km 320.810 (National Highways Authority of India [NHAI]),Completed,RAILWAYS,Bihar,01/2018,1772.7,1689.17,574.1,78,,12/2026,,100.00%,February 2018,May 2026,92
N24001301,Six Laning of Vijayawada Bypass from Chinna Avutapalli to Gollapudi in Vijayawada - Gundugolanu Section from km. 0.00 to km. 30.00 Pkg-III (National Highways Authority of India [NHAI]),Completed,RAILWAYS,Andhra Pradesh,11/2019,1581.24,1883.71,939.5,98.2,02/2021,09/2026,,99.92%,February 2021,May 2026,62
N24000717,Stand-alone Ring road/bypass around Jammu City from Raya Morh km. -0.687 to Jagti km. 57.568 (National Highways Authority of India [NHAI]),Completed,RAILWAYS,Jammu & Kashmir,12/2017,2023.88,2117.63,54.24,99,,10/2023,,100.00%,December 2017,February 2026,92
N24000528,Start of Karur Bypass - Dindigul from km. 292.600 to km. 305.600 Contract Package No. NS2/BOT/TN-4 (National Highways Authority of India [NHAI]),Completed,RAILWAYS,Tamil Nadu,03/2007,461.54,515.03,42.28,100,07/2008,10/2026,,100.00%,December 2015,May 2026,90
N24000983,Strengthening and Widening of road Sakoli- Wadsa-Armori-Gadchiroli-Ashti- Allapalli - Sironcha National highway NH 353C in Km 262/00 to 321/00 including 16 minor Bridges and 2 Major Bridge Total length 59 Km section from repanpalli to sironcha in Gadchiroli Dist in the State of Maharashtra. (MoRTH),Completed,RAILWAYS,Maharashtra,01/2017,280.57,280.57,280.57,65,10/2019,03/2027,,100.00%,May 2019,May 2026,78
N24002145,Tadipatri Bypass Km 0000 to Km 6285 of 4-Lane on NH-67 in Anantapuramu district of AP state under NHO on EPC Mode under Annual Plan 2022-23 (MoRTH),Completed,RAILWAYS,Andhra Pradesh,11/2023,159.66,159.66,59.26,100,3/2026,03/2026,,100.00%,June 2024,May 2026,18
N24000795,Tanot -Ramgarh-Bhadasar-Jaisalmer NH-68 and BhadasarMokal-Sarkaritala up to Pakisthan Border NH-968 Pkg-BM/5 (National Highways Authority of India [NHAI]),Completed,RAILWAYS,Rajasthan,02/2018,828.58,830.37,405.49,100,,06/2026,,100.00%,August 2018,May 2026,87
240106299,Thanamcherla-Jamandlapally 2LPS (National Highways Authority of India [NHAI]),Completed,RAILWAYS,Telangana,12/2003,177.18,18.65,8.31,100,11/2008,07/2026,,100.00%,April 2011,May 2026,17
N24001694,Thorapalli - Agraharam - Jittandahalli Section from km 23.350 to km 60.100 [Hosur to Dhamrapuri Pkg-2] (National Highways Authority of India [NHAI]),Completed,RAILWAYS,Tamil Nadu,2/2019,1243.57,1272.11,629.81,77.57,12/2023,12/2026,,100.00%,April 2023,May 2026,30
N24000056,Thumbipadi-Namakkal from km. 180.00 to km. 248.625 Package No. NS-2/BOT/TN-02 (National Highways Authority of India [NHAI]),Completed,RAILWAYS,Tamil Nadu,03/2005,255.53,395.43,206.64,100,06/2009,08/2026,,100.00%,April 2011,May 2026,38
N24000157,Tumkur - Nelamangala 6L (National Highways Authority of India [NHAI]),Completed,RAILWAYS,Karnataka,03/2011,2032.15,1664.2,598.88,60.74,08/2013,03/2027,,100.00%,May 2011,May 2026,46
N24001687,Tumkur-Shimoga Pkg-III from Km 121.900 Banawara to Km 170.415 Bettadahalli of Old NH-206 (National Highways Authority of India [NHAI]),Completed,RAILWAYS,Karnataka,10/2021,1444.5,1834.81,872.45,97.75,10/2023,12/2026,,100.00%,April 2023,May 2026,43
N24000101,Tuticorin - Tirunelveli from km. 0.00 to km. 47.250 (National Highways Authority of India [NHAI]),Completed,RAILWAYS,Tamil Nadu,03/2005,449.85,452.48,1.17,100,07/2010,04/2012,,100.00%,April 2011,May 2026,37
N24002148,Two laning with paved shoulders of Paderu to GundigudaSection of NH 516E (MoRTH),Completed,RAILWAYS,Andhra Pradesh,3/2023,222.61,222.61,122.52,100,3/2024,03/2024,,100.00%,June 2024,May 2026,24
N24002014,Up-gradation and strengthening to 2lanePS from Km 95/500 to km 129/775 of Nh 168G Idar-Bhiloda-Samlaji in the state of Gujarat Length 34.275 km (MoRTH),Completed,RAILWAYS,Gujarat,9/2022,237.28,237.28,237.28,63,12/2023,12/2026,,100.00%,January 2024,May 2026,23
N24001264,Up-gradation to 2-lane with Paved Shoulder from Km 12.850 to Km20.300 of 7.450Km length on Goha-Khellani section and a link road to Goha village of 2.016 km on NH- 244 in UT of Jammu and Kashmir on EPC Mode Pkg-1 (NHIDCL),Completed,RAILWAYS,Jammu & Kashmir,7/2020,228.39,225.37,163.81,94.26,04/2022,10/2026,,100.00%,January 2021,May 2026,58
N24001266,Up-gradation to 2-lane with Paved Shoulder from Km 20.300 to Km 29.030 of 8.730 Km length on Goha-Khellani section on NH-244 in UT of Jammu and Kashmir on EPC Mode Package II (NHIDCL),Completed,RAILWAYS,Jammu & Kashmir,7/2020,210.79,210.79,174.92,96.95,04/2022,03/2026,,100.00%,January 2021,May 2026,58
N24000868,Up-gradation to 4-lane with Paved Shoulder of Jammu-Akhnoor road section of NH- 144A from Ganesh Vihar Km 6.000 to Khati Chowk Km 26.350 in UT of Jammu and Kashmir on EPC basis Pkg-3A (NHIDCL),Completed,RAILWAYS,Jammu & Kashmir,03/2018,322.49,322.49,322.49,,07/2019,05/2022,,100.00%,April 2019,May 2026,83
N24002174,Up-gradation to Four Lane with Paved Shoulder configuration of the highway starting from existing km 88.400 Savali Vihir to km 163.400 start of Ahmednagar bypass Design Length 75.000 km section of NH-160 in the State of Maharashtra under Bharatmala Pariyojana on EPC Mode (NHAI),Completed,RAILWAYS,Maharashtra,2/2023,862,617.93,210.48,43.61,8/2026,04/2027,,100.00%,October 2024,May 2026,18
N24001537,Upgradatiobn and Rehabilitation of Section of NH 361 F from Parli 00/000 to Gangakhed 30/400 to Two Lanes with paved shoulder / Four lane configurations on EPC mode in the State of Maharashtra. (MoRTH),Completed,RAILWAYS,Assam,11/2021,204.1,204.1,204.1,,7/2024,12/2025,,100.00%,February 2023,May 2026,36
N24001867,Upgradation of two lane paved shoulder from Shahpura existing km. 0.00 Design Ch. 000 to Thanagazi existing Km.37352 Design Ch. 36810 of NH-248A on EPC mode in the State of Rajasthan. (MoRTH),Completed,RAILWAYS,Rajasthan,3/2022,174.34,174.34,63.55,100,7/2024,07/2025,,100.00%,September 2023,May 2026,30
N24002118,Upgradation to two lane with paved Shoulder Configuaration from Km. 0/00 to 47/000 of NH 351 Mahuva to Badhada section in the State of Gujarat (MoRTH),Completed,RAILWAYS,Gujarat,12/2022,173.06,219.08,22.53,67,2/2024,12/2026,,100.00%,February 2024,May 2026,30
N24000851,Vadape to Thane from km 539.202 to km 563.000 section of NH-3 new NH-848 (National Highways Authority of India [NHAI]),Completed,RAILWAYS,Maharashtra,03/2018,1252.92,1371.27,482.38,80.78,,06/2026,,100.00%,October 2018,May 2026,83
N24002130,Wideinig & Upgradation to 2-lanes with paved shoulders road from Tamenglong to Mahur NH-137 in the State of Assam starting from km 96.870 near Jiri River to km 116.550 near Hangrum Package-7 on EPC mode Package7 (NHIDCL),Completed,RAILWAYS,Assam,12/2023,846.82,846.82,846.82,85.29,,12/2026,,100.00%,April 2024,May 2026,23
N24001544,"Widening / Improvement to 4-Lane with Paved Shoulder configuration of existing single lane road from Kachukhana Harichara Paglagaunj to Dhubri - Phulbari Bridge approach Package-II of Srirampur - Dhubri Section of NH-127B from existing Km 28.050 to Km 55.060 Design Km 27.650 to Km 54.154, Design Length26.504 Km under JICA ODA Loan assistance Phase-V [Srirampur - Dhubri Pkg-2] (NHIDCL)",Completed,RAILWAYS,Assam,3/2022,909.02,909.02,638.5,100,1/2025,06/2025,,100.00%,February 2023,May 2026,35
N24000988,Widening and strengthening of existing 2-lane to 2- lane with paved shoulders from km 159/0 to 165/4 and 186/0 to 215/0 of NH-163 on EPC mode int the state of Telangana (MoRTH),Completed,RAILWAYS,Telangana,01/2018,230.03,230.03,230.03,,12/2019,12/2020,,100.00%,May 2019,May 2026,78
N24001953,Widening of Existing Road to Two Lane with Paved Shoulder Configuration from Km 0.00 to 26.000 & Km 45.200 To 59.622 Of NH 365BB in the State of Andhra Pradesh Under Annual Plan 2023-24 through EPC Mode (MoRTH),Completed,RAILWAYS,Andhra Pradesh,12/2021,368.63,368.63,37.59,22.55,9/2024,12/2026,,100.00%,October 2023,May 2026,29
N24001976,"Widening to 2 Lane with Hard shoulder of Akegwo-Avangkhu section of NH-202K for Package-I Design Chainage 0000 Km to 34795 Km, in the State of Nagaland on EPC mode under NH O-NE (NHIDCL)",Completed,RAILWAYS,Nagaland,12/2022,430.24,430.24,430.24,87,2/2026,02/2026,,100.00%,November 2023,May 2026,26
N24001977,Widening to 2 Lane with Hard shoulder of Akegwo-Avangkhu section of NH-202K for Package-II Design Chainage 34795 Km to 69875 Km in the State of Nagaland on EPC mode under NHO-NE (NHIDCL),Completed,RAILWAYS,Nagaland,12/2022,442.54,442.54,442.54,58.5,2/2026,02/2026,,100.00%,November 2023,May 2026,26
N24001978,Widening to 2 Lane with Hard shoulder of Akegwo-Avangkhu section of NH-202K for Package-III Design Chainage 69875 Km to 106816 Km in the State of Nagaland on EPC mode under NHO-NE (NHIDCL),Completed,RAILWAYS,Nagaland,12/2022,497.18,497.18,497.18,85.67,2/2026,02/2026,,100.00%,November 2023,May 2026,25
N24001940,Widening to 2 Lane with Paved Shoulders from design Km 103.200 Existing Km 103.200 to design Km 116.700 Existing Km 118.470 on AP/KNT Border to Sira Section of NH-544E in the State of Karnatakaon EPC mode under Annual plan 2022-23 (MoRTH),Completed,RAILWAYS,Karnataka,1/2023,166.58,166.58,35.33,65,1/2026,08/2026,,100.00%,October 2023,May 2026,33
N24002244,Widening to 2-Lane with Paved shoulder of Imphal to Jiribam section of NH-37 from Design Chainage 15.940 km to 33.120 Km Existing Chainage Km 15.946 to Km 33.395 Total length17.180 Km in the State of Manipur on EPC mode PKG-2 - Balance Works & Rectification works (NHIDCL),Completed,RAILWAYS,Manipur,03/2021,195.14,195.14,195.14,90.72,3/2026,06/2026,,100.00%,May 2025,May 2026,17
N24001792,Widening to 2-lane with Hard shoulder of Churachandpur to Tuivai Section of NH- 102B from Design Chainage 69.875 Km to 121.769 Km in the State of Manipur on EPC mode Package-3 (NHIDCL),Completed,RAILWAYS,Gujarat,3/2021,673.27,673.27,508.53,83.6,9/2022,12/2026,,100.00%,May 2023,May 2026,32
N24001922,Widening to 2-lane with paved shoulder from km 0.00 to 44.00 Kuru-Ghaghra section of NH-143A including re-construction of culverts and bridges. (MoRTH),Completed,RAILWAYS,Jharkhand,2/2020,153.01,133.67,85.59,95,8/2023,06/2026,,100.00%,October 2023,May 2026,25
N24001164,Widening to 2LPS from Km 71.00 to 104.00 Existing chainages Sarjapur to Pattadkallu on Bhanapur to Gaddanakeri section NH-367 in the State of Karnataka under NHO on EPC mode under Annual Plan 2022-23 NH-367-KNT-2022-23-972 dated 08.02.2023 (MoRTH),Completed,RAILWAYS,Karnataka,10/2016,445.62,445.62,445.62,85,03/2017,12/2026,,100.00%,June 2019,May 2026,75
N24001941,Widening to 4 lane from Km. 133.00 to 158.04 design Chainage Km. 130.88 to 155.145 Shirur Cross to Gaddankeri of NH-367 in the State of Karnataka on EPC mode. Job No. NH-367-KNT-2021-22-930 (MoRTH),Completed,RAILWAYS,Karnataka,1/2023,350.69,312.06,191.38,81.62,1/2025,03/2027,,100.00%,October 2023,May 2026,25
N24000982,Widening to Two lane with Paved shoulders from km.40/410 to 84/037 of Thirumanlagiri-- Suryapet Section of NH-365B earstwhile section of SH-16 (MoRTH),Completed,RAILWAYS,Telangana,01/2017,244.54,244.54,244.54,99.96,05/2019,09/2019,,100.00%,May 2019,May 2026,78
N24000985,Widening to Two with Paved shoulders from Km 59.500 to Km 132.033 of Manneguda- Ravunapally section of NH-163 Erstwhile SH-4 in the State of Telangana on EPC mode under NH O Annual Plan 2016-17 (MoRTH),Completed,RAILWAYS,Telangana,01/2017,359,359,359,99.92,05/2019,05/2026,,99.92%,May 2019,May 2026,50
N24001944,Widening to intermediate/two lane to 2 lane with paved shoulder from Existing chanages Km 112.750 to 142.00 Liingasur to Mudabal cross & from Km. 147.070 to Km. 149.070 Maski city limit of Jewargi Chamrajnagar setion of NH-150A in the state of Karnataka on EPC mode. Job No. NH-150A-KNT-2021-22-951 (MoRTH),Completed,RAILWAYS,Karnataka,1/2023,255.88,255.88,179.66,96,6/2024,08/2026,,100.00%,October 2023,May 2026,25
N24002025,Widening/Improvement to 2-Lane Lane with Paved Shoulder from km 16900 Bogapani to km 27150 Golai Goan on existing Dibrugarh to Ledo section with proposed Digboi Bypass Green Field and Brownfield 2-LanePS of NH-315 OLD NH-38 in Tinsukia District under NHO- NE Package-4 (NHIDCL),Completed,RAILWAYS,Assam,1/2023,356.65,356.65,356.65,20.45,12/2025,12/2026,,100.00%,January 2024,May 2026,26
N24002229,"Widening/Improvement to 4-Lane with paved Shoulder from Ch. 25.633 Km to Ch. 52.470 Km Design Ch. 21.850 Km to Ch.48.670 Km for Package-2 of Bilasipura- Guwahati road NH-17 Section Near Mowatari, before Chapar Bypass to Tulungia junction with NH-17 in the state of Assam on HAM mode under NHO-NE Package-2 (NHIDCL)",Completed,RAILWAYS,Assam,11/2023,1338.61,1338.61,1338.61,12.45,6/2027,06/2027,,100.00%,April 2025,May 2026,18
N24002231,Widening/lmprovement to 4-L of Karimgani - sutarkandi section of NH 37 from design Ch 0020 Start of proposed Karimganj Bypass from NH -8 to design Chainage Km 14380 near Sutarkandi Spur Connectivity to Indo/Bangladesh Border on Silchar- Churaibari in the State of Assam on HAM Mode Package-7 (NHIDCL),Completed,RAILWAYS,Assam,02/2024,791.79,791.79,0.06,40.4,2/2027,02/2027,,100.00%,April 2025,May 2026,16
N24002225,"Widening/lmprovement to 4-Lane with Paved Shoulder from Ch.5.580 Km to Ch.25.633 Km Design Ch.0.000 Km to Ch.17.737km Km 901.100 to Km 921.145 of old NH-31 of Bilasipara- Guwahati road NH-17 Section Near Chirakuta to near Mowatari, before Chapar Bypass in the state ol Assam on HAM mode Package-1 (NHIDCL)",Completed,RAILWAYS,Assam,2/2024,1081.15,1081.15,1081.15,30.8,8/2027,08/2027,,100.00%,March 2025,May 2026,13
N24002243,Widening/lmprovement to 4-Lane with Paved Shoulder from existing road and Greenfield alignment form Design Ch. 62.800 start of proposed Nilambazar/Cheragi Bypass to Design Ch. 87.700 near Chandkhira Village of NH-8 on Silchar-Churaibari in the state of Assam on HAM Mode Package-5 (NHIDCL),Completed,RAILWAYS,Assam,02/2024,1258.13,1258.13,1258.13,11,10/2027,10/2027,,100.00%,May 2025,May 2026,21
N24002230,Widening/lmprovement to 4-Lane with Paved shoulder for existing as well as Greenfield alignment of Badarpur Churaibari section of NH-8 from Design chainage 87.700 Chandkhira to Km. 106.500 Churaibari section Assam-Tripura border in the state of Assam on HAM Mode Package-6 (NHIDCL),Completed,RAILWAYS,Assam,03/2024,870,870,870,31.83,3/2027,03/2027,,100.00%,April 2025,May 2026,15
N24001961,Work of Widening/upgradation of 2-Lane with paved shoulder of Sri Muktsar Sahib to Malout road from Km 279.400 to Km 307.060 section of NH-354 in the State of Punjab on EPC mode. Job No. NH-354-PB-2021-22-555 (MoRTH),Completed,RAILWAYS,Punjab,3/2022,152.58,152.58,152.58,100,10/2023,03/2026,,100.00%,November 2023,May 2026,24
N24000710,6 laning of Balance Work of Chennai - Tada from km. 21.40 to km. 54.40 (National Highways Authority of India [NHAI]),Completed,RAILWAYS / (-) (-) Multi-States (Andhra Pradesh,Tamil Nadu,12/2017,464.62,472.37,183.01,100,,06/2026,,100.00%,December 2017,May 2026,69
618755,4L of left out existing road section from Lalgopalganj Km 161.450 to Nawabganj Km 180.200 in Prayagraj (National Highways Authority of India [NHAI]),Completed,RAILWAYS / (-) (-) Multi-States (Rajasthan,Uttar Pradesh,03/2024,159.53,100.74,72.44,100,04/2025,06/2026,,100.00%,February 2026,May 2026,4
N24001780,Dwarka Expressway Pkg-III Delhi/HR Border to Start of RoB Gurugram (National Highways Authority of India [NHAI]),Completed,RAILWAYS / (-) (10413) Multi-States (Delhi,Delhi,1/2018,2228.26,2298.37,999.69,100,11/2020,06/2026,,100.00%,May 2023,May 2026,23
N24000800,Construction of Rudrapur Bypass Section from Km. 0.000 to 20.640 in the state of Uttar Pradesh & Uttarakhand (National Highways Authority of India [NHAI]),Completed,RAILWAYS / (-) (10659) Multi-States (Uttar Pradesh,Uttar Pradesh,03/2018,1051.73,1117.17,665.1,99.1,,05/2026,,100.00%,August 2018,May 2026,66
N24000704,Thalassery Mahe Bypass Km 170.600 to Km 189.200 of NH-17New NH-66 in Kerala (National Highways Authority of India [NHAI]),Completed,RAILWAYS / (-) (11775) Multi-States (Kerala,Kerala,09/2017,1181.12,1573.18,710.24,100,09/2017,06/2026,,100.00%,October 2017,May 2026,95
N24001662,Six Laning of KT/KL Border Thalapaddy -Chengala from Km. 17.200 to Km. 57.20 (National Highways Authority of India [NHAI]),Completed,RAILWAYS / (-) (11895) Multi-States (Karnataka,Kerala,5/2020,1981.07,2681.48,1060.64,100,5/2024,06/2026,,100.00%,April 2023,May 2026,29
N24000807,Bellary to Byrapura Section km 253.600 to km 308.550 of NH-150A (National Highways Authority of India [NHAI]),Completed,RAILWAYS / (-) Multi-States (Andhra Pradesh,Karnataka,03/2018,1281.47,1689.6,349.37,100,3/2021,09/2022,,100.00%,August 2018,February 2026,53
N24000565,4L of Nagina-Kashipur section from km. 73.00 to km. 175.00 of NH-74 (National Highways Authority of India [NHAI]),Completed,RAILWAYS / (-) Multi-States (Uttar Pradesh,Uttarakhand,03/2016,2125.03,2531.19,354.2,98,,12/2021,,100.00%,April 2016,February 2026,81
N22000279,Rayadurg-Tumkur via Kalyandurg New Line [207 km] (South Western Railway [SWR] - II),Completed,RAILWAYS / Multi-States (Andhra Pradesh,Karnataka,04/2007,2496,2496,1941.02,72.5,,02/2028,,100.00%,August 2013,May 2026,152
701600,"Multi-States (Bihar, Gujarat, Himachal Pradesh, Jammu and Kashmir, Ladakh, Rajasthan, Uttar Pradesh) 12/2019 (04/2020) NA (10/2021) (08/2025)",Completed,RAILWAYS / Multi-States (Bihar,Gujarat,12/2019,336.89,301.13,241.23,100,10/2021,08/2025,,100.00%,July 2025,February 2026,8
N22000434,MUMBAI CENTRAL VIRAR VADODARA AHMEDABAAD TRAIN PROTECTION SYSTEM 500 RKM (Western Railway),Completed,RAILWAYS / Multi-States (Gujarat,Maharashtra,03/2010,311,311,263.42,93,,12/2026,,100.00%,January 2018,May 2026,99
N24001442,Construction of two lane with paved shoulder Gangtok Bypass Road from Ranipool to Burtuk Ch 0.00 Km to 23.316 L23.316 Km in the State of Sikkim (MoRTH),Completed,ROAD TRANSPORT AND HIGHWAYS / MoRTH,Sikkim,10/2021,385.15,342.89,342.89,90,05/2024,08/2026,,100.00%,May 2022,May 2026,46
N24001465,WIDENING OF EXISTING SINGLE LANE / INTERMEDIATE LANE ROAD TO 2 LANE FROM KM 101 TO KM 125 OF NH 61 I (MoRTH ),Completed,ROAD TRANSPORT AND HIGHWAYS / MoRTH,Nagaland,6/2020,252.2,252.2,252.2,44.46,9/2024,12/2026,,100.00%,September 2022,May 2026,42
N24001466,Widening to Existing single lane /intermediate lane to 2 lane from Km185.00 to Km 220.00 of NH-61 New NH-02 in the state of Nagaland. (MoRTH),Completed,ROAD TRANSPORT AND HIGHWAYS / MoRTH,Nagaland,3/2021,297.25,297.25,149.19,100,7/2024,03/2026,,100.00%,September 2022,May 2026,41
N24001548,"6L Standalone Flyovers at Bongaigaon, Chapaguri, Pathsala, Simlaguri chowk and Baihata Bypass Junctions on stretches of NH-31 and NH-27 (National Highways Authority of India [NHAI])",Completed,ROAD TRANSPORT AND HIGHWAYS / NHAI,Assam,3/2022,457.72,412.15,371.63,100,6/2024,07/2024,,100.00%,March 2023,February 2026,30
N24000431,4-Laning of Jamugurihat to end of Biswanath Chariali By-Pass from Km 182.000 to Km 208.000 of NH-52 on EPC mode in state of Assam under SARDP-NE (NHIDCL),Completed,ROAD TRANSPORT AND HIGHWAYS / NHIDCL,Assam,01/1991,599,599,405.1,100,,07/2025,,100.00%,December 2015,May 2026,122
N24000582,"4-Laning of NH-37 Section between Demow to End of Moran Bypass From Km. 534.800 to Km. 561.700 including Emergency Landing Facility ELF under SARDP-NE, Phase 'A' in the State of Assam on EPC mode (NHIDCL)",Completed,ROAD TRANSPORT AND HIGHWAYS / NHIDCL,Assam,01/2016,385.57,385.57,145.89,100,01/2016,08/2025,,100.00%,June 2016,May 2026,115
N24001287,Balance work of Construction of 2-lane with hard shoulder of Kohima - Jessami road on NH-29 old NH-150 from existing km 98.380 near Chizami vill. to km120.367 Nagaland/Manipur Border [Design km 95.700 to design km 117.200] [Design Length 21.500 km] in the state of Nagaland Under Bharatmala Pariyojna on EPC Mode Package-V under NHO (NHIDCL),Completed,ROAD TRANSPORT AND HIGHWAYS / NHIDCL,Nagaland,4/2020,330.8,330.8,330.8,93.04,12/2021,06/2026,,100.00%,January 2021,May 2026,62
N24001337,Construction & Upgradation of existing road to 2-lane with paved shoulder from New Rolep Bridge at km 37.600 to Chochenpheri at km 52.00 in the section of Rongli to Chochenpheri of NH 717B Pkg-II C (NHIDCL),Completed,ROAD TRANSPORT AND HIGHWAYS / NHIDCL,Sikkim,10/2020,493.42,478.79,478.79,78.83,9/2018,09/2026,,100.00%,May 2021,May 2026,56
N24001336,Construction & Upgradation of existing road to 2-lane with paved shoulder from km27.200 End of Rongli bypass to km37.600New Rolep Bridge of Rhenok-Menla spur NH-717B on EPC Mode under SARDP-NE Phase-A in Sikkim Pkg-II B (NHIDCL),Completed,ROAD TRANSPORT AND HIGHWAYS / NHIDCL,Sikkim,8/2020,230.45,244.91,244.91,83.74,4/2023,09/2026,,100.00%,May 2021,May 2026,57
N24001354,Construction of 2 -Lane with paved shoulders road from Tamenglong to Mahur in the state of Manipur from km 31.430 at Old Tamenglong to km 43.480 ending near Phelong on EPC Mode Package-3 (NHIDCL),Completed,ROAD TRANSPORT AND HIGHWAYS / NHIDCL,Manipur,3/2021,234.08,234.08,197.91,100,12/2022,04/2026,,100.00%,July 2021,May 2026,55
N24000763,Construction of 2-Lane with hard shoulders of Merangkong-Tamlu-Mon MTM Road from existing Km 20.456 to Km 41.065 Design Km. 20 to Km. 40.0 Design Length- 20.000 Km in the State of Nagaland under SARDP-NE Phase-A Pkg-2 Balance work (NHIDCL),Completed,ROAD TRANSPORT AND HIGHWAYS / NHIDCL,Nagaland,03/2018,215.79,215.79,28.71,100,09/2018,03/2026,,100.00%,April 2018,May 2026,95
N24000765,Construction of 2-Lane with hard shoulders of Merangkong-Tamlu-Mon Road on EPC Basis from existing road Km. 76.640 to Km 98.065 Design chainage Km. 63.800 to Km. 86.835 Design Length-23.035 Km in the state of Nagaland under SARDP-NE PKG-IV Balance work (NHIDCL),Completed,ROAD TRANSPORT AND HIGHWAYS / NHIDCL,Nagaland,03/2018,323.98,323.98,70.48,75.05,09/2018,12/2026,,100.00%,April 2018,May 2026,84
N24001338,Construction of 2-Laning with Paved Shoulder of New Greenfield Alignment From Chochenpheri at Km 52000 to Helipad near Menla at Km 82000 of Rhenock-Menla Spur NH-717B Package-IIIA on EPC Basis under SARDP-NE Phase 'A' in the State of Sikkim. (NHIDCL),Completed,ROAD TRANSPORT AND HIGHWAYS / NHIDCL,Sikkim,10/2020,816.79,786.6,32.28,63.25,12/2023,12/2026,,100.00%,May 2021,May 2026,57
N24001362,Construction of 2-Laning with Paved Shoulder of New Greenfield Alignment From Helipad near Menla at Km 82000 to Menla at Km 94030 of Rhenock-Menla Spur NH- 717B Package-IIIB on EPC Basis under SARDP-NE Phase 'A' in the State of Sikkim. (NHIDCL),Completed,ROAD TRANSPORT AND HIGHWAYS / NHIDCL,Sikkim,12/2020,410.6,379.3,379.3,81.89,02/2024,09/2026,,100.00%,July 2021,May 2026,54
N24001282,Construction of 2-lane with hard shoulder of Kohima - Jessami road on NH-29 Old NH- 150 from existing Km 30.474 Near Kidwema road Chakahabama to existing Km 53.220 Near Kikruma Village Design Km 29.60 to Km 51.50 Design length-21.90 Km in the state of Nagaland Under Bharatmala Pariyojna on EPC Mode under NHO Package-II -Balance work (NHIDCL),Completed,ROAD TRANSPORT AND HIGHWAYS / NHIDCL,Nagaland,3/2020,355.79,355.79,355.79,43.13,06/2022,12/2026,,100.00%,January 2021,May 2026,61
N24001438,"Construction of 2-lane with hard shoulders of Merangkong-Tamlu-Mon road Wakching Twon portion on EPC basis from existing Chainage Km 59000 to Km 73640 [Design Km. 59000 to Km, 72450] Design length - 13.450 Km under SARDP-NE package-V Balance work (NHIDCL)",Completed,ROAD TRANSPORT AND HIGHWAYS / NHIDCL,Nagaland,7/2021,161.73,161.73,14.12,99.5,12/2023,04/2026,,100.00%,May 2022,May 2026,46
N24001263,Construction of 4/6 Laning from existing Km 159.400 of NH-36 to existing Km 102.500 of NH-39 and upto end point of Assam portion [Design Km 118.050 to design Km 132.375] Total New Alignment length of 14.325 Km of Daboka -Dimapur Section Dimapur Bypass in the state of Assam under SARDP-NE 'Phase-A' on EPC mode Assam Portion (NHIDCL),Completed,ROAD TRANSPORT AND HIGHWAYS / NHIDCL,Tripura,6/2020,511.02,511.02,647.21,100,01/2022,09/2025,,100.00%,January 2021,May 2026,62
N24000583,"Construction of Balance Work of 4-Laning of NH-37 Section between End of Moran Bypass to Bogibeel junction near Lapetketa Km. 561.700-Km. 580.875 under SARDP- NE, Phase 'A' in the State of Assam on EPC mode Pkg-I Road works & Toll Plaza (NHIDCL)",Completed,ROAD TRANSPORT AND HIGHWAYS / NHIDCL,Assam,01/2016,274.34,274.34,93.43,100,01/2016,08/2025,,100.00%,June 2016,May 2026,116
N24000320,"Construction of Balance Work of 4-Laning of the Section from Jhanji to Demow of NH- 37 Old from Km 490.800 to Km 534.800, under SARDP- NE on EPC Mode in the state of Assam Pkg- IV Structures & Toll Plaza (NHIDCL)",Completed,ROAD TRANSPORT AND HIGHWAYS / NHIDCL,Assam,06/2015,187.09,100.22,100.22,,06/2018,10/2025,,100.00%,December 2015,May 2026,130
N24000319,"Construction of Balance Work of the 4-Laning of the Section from Jorhat to Jhanji of NH-37 Old from Km 453.000 to Km 490.800, under SARDP- NE , under EPC Mode in the state of Assam Pkg-IV Structures & Toll Plaza (NHIDCL)",Completed,ROAD TRANSPORT AND HIGHWAYS / NHIDCL,Assam,06/2015,478.3,478.3,478.3,96.79,06/2018,08/2024,,100.00%,December 2015,May 2026,129
N24001406,Construction of Balance work for 2-lane with hard shoulder of Peren- Dimapur section on NH-129A from Design Km 126.775 to Km 146.208 Length 19.433 Km in the state of Nagaland on EPC mode under NHO-TSP Package-II (NHIDCL),Completed,ROAD TRANSPORT AND HIGHWAYS / NHIDCL,Nagaland,7/2021,258.52,258.52,65.15,96.53,03/2023,09/2025,,100.00%,September 2021,May 2026,54
N24001393,Construction of Balance work of 2-Lane with PS of Joram Koloriang Road from existing Km122.600 to km138.00 [Design Km108.724 to Km123.714] in Arunachal Pradesh on EPC Mode under SARDP-NE Pkg-7 (NHIDCL),Completed,ROAD TRANSPORT AND HIGHWAYS / NHIDCL,Arunachal Pradesh,8/2020,184.89,184.89,184.89,99.69,04/2022,04/2026,,100.00%,September 2021,May 2026,54
N24001350,"Improvement of existing road to 2 laning with Hard Shoulders of Maram-Peren section Package-1B, length- 17.660 km from Design Chainage 22.340 km to 40.000 km on NH-129A in the State of Manipur on EPC mode (NHIDCL)",Completed,ROAD TRANSPORT AND HIGHWAYS / NHIDCL,Manipur,2/2021,188.36,188.36,188.36,100,12/2022,03/2026,,100.00%,July 2021,May 2026,54
N24001335,Improvement/Widening to 2-L with Paved Shoulder/ 4-Laning of NH-40 section from Km 151330 to Km 163400 design Km 63.530 to Km 71.520 including Dawki Bridge of length 368 m between Shillong-Dawki under JICA ODA Loan assistance Phase-II Pkg- 5 -Balance work (NHIDCL),Completed,ROAD TRANSPORT AND HIGHWAYS / NHIDCL,Meghalaya,11/2020,284.21,284.21,284.21,41.42,12/2023,11/2026,,100.00%,May 2021,May 2026,56
N24001313,Improvement/Widening to 2-L with Paved Shoulder/4-L from Km 81740 to Km 93490 design Km 0000 to Km 10670 of NH-40 New NH-106 & 206 section & 4-L from design Km 0.00 to Km 0.930 of NH-44 section between Shillong-Dawki under JICA ODA Loan assistance Phase-II -Balance Work Pkg-1 (NHIDCL),Completed,ROAD TRANSPORT AND HIGHWAYS / NHIDCL,Meghalaya,11/2020,351.12,351.12,351.12,98.72,12/2023,06/2026,,100.00%,May 2021,May 2026,56
N24001314,Improvement/Widening to 2-Lane with Paved Shoulder between Shillong-Dawki road up to Bangladesh Border from design Km 10.670 to Km 37.550 under JICA ODA Loan assistance Phase-II -Balance Work-Pkg-2 (NHIDCL),Completed,ROAD TRANSPORT AND HIGHWAYS / NHIDCL,Meghalaya,11/2020,525.67,525.67,525.67,50.66,12/2023,12/2026,,100.00%,May 2021,May 2026,56
N24001334,Improvement/Widening to 2-Lane with Paved Shoulder from design Km 45.760 to Km 63.530 between Shillong-Dawki under JICA ODA Loan assistance Phase-II -Balance work Pkg-4 (NHIDCL),Completed,ROAD TRANSPORT AND HIGHWAYS / NHIDCL,Meghalaya,11/2020,445.51,445.51,42.36,50.8,12/2023,10/2026,,100.00%,May 2021,May 2026,56
N24001327,Rehabilitation & Upgradation of existing road to 2-lane with paved shoulder including geometric improvement of section from start of Rabangla km33.600 to km58.840 under SARDP-NE Phase A Pkg- IV (NHIDCL),Completed,ROAD TRANSPORT AND HIGHWAYS / NHIDCL,Sikkim,8/2020,292.8,292.8,1.91,65.12,5/2022,12/2026,,100.00%,May 2021,May 2026,58
N24001281,"Rehabilitation and Up gradation to 2-lane with paved shoulder of Keifang Section Economic Corridor of NH-06 from Existing Chainage Km 30050 Keifang to Km 50360 Keifang, Design Chainage Km 27400 to Km 45040 PkgIII in the State of Mizoram under Bharatmala Pariyojna on EPC Mode Seling-Dulte - III (NHIDCL)",Completed,ROAD TRANSPORT AND HIGHWAYS / NHIDCL,Mizoram,3/2020,292.23,292.23,292.23,,07/2022,12/2024,,100.00%,January 2021,May 2026,60
N24001278,"Rehabilitation and up-gradation of NH-167 from Km 14/900 to Km70/000 Design Ch. 14/900 to 69/700 Chintakunta to Adoni section to two lane with paved shoulders in the State of Andhra Pradesh under Corridor Approach through Engineering, Procurement (MoRTH)",Completed,ROAD TRANSPORT AND HIGHWAYS / NHIDCL,Mizoram,3/2020,206.9,206.9,206.9,,07/2022,06/2024,,100.00%,January 2021,May 2026,60
N24000864,Widening and up-gradation to 2-lane with paved shoulder configuration and geometric improvements from km 298.00 to km 339.00 on Aizawl-Tuipang section under JICA ODA Loan assistance Phase-I Package-7 (NHIDCL),Completed,ROAD TRANSPORT AND HIGHWAYS / NHIDCL,Mizoram,04/2017,605.76,750.32,0.01,100,09/2019,05/2025,,100.00%,April 2019,May 2026,83
N24001390,Widening to 2-Lane with Paved Shoulders from Km 116.800 to 149.070Design Changes on Hosadurga - Holalkere Section of NH-173 in the State of Karnataka on EPC mode under Annual Plan 2021-22 Job no. NH-173-KNT-2021-22-946 (MoRTH),Completed,ROAD TRANSPORT AND HIGHWAYS / NHIDCL,Arunachal Pradesh,8/2020,228.72,228.72,228.72,99.52,04/2022,07/2023,,100.00%,September 2021,May 2026,54
N24001269,Widening to 2-lane with Hard shoulder of Churachandpur to Tuivai Section of NH- 102B from km 13.747 to km 32.835 in the State of Manipur on EPC mode under NHO Package-1B (NHIDCL),Completed,ROAD TRANSPORT AND HIGHWAYS / NHIDCL,Assam,3/2020,241.52,241.52,152.86,100,03/2022,03/2026,,100.00%,January 2021,May 2026,72
N24001270,Widening to 2-lane with Hard shoulder of Churachandpur to Tuivai Section of NH- 102B from km 32.835 to km 48.587 in the State of Manipur on EPC mode under NHO Package-2A (NHIDCL),Completed,ROAD TRANSPORT AND HIGHWAYS / NHIDCL,Manipur,3/2020,232.99,232.99,150.9,100,06/2022,03/2026,,100.00%,January 2021,May 2026,67
N24001331,Widening/Improvement to 2-lane with earthen shoulder of Yaingangpokpi - Finch corner road section of NH-202 from Km 0.000 to Km 16.900 of NH-202 in the state of Manipur on EPC mode Package-1 (NHIDCL),Completed,ROAD TRANSPORT AND HIGHWAYS / NHIDCL,Assam,3/2020,222.77,222.77,222.77,88.85,6/2022,04/2026,,100.00%,May 2021,May 2026,58
N24001368,Widening/Improvement to 4 -Lane with Paved Shoulder from Ch. 88.000km to Ch.99.930 km Design Ch.84.100km to Ch.96.000 km of Sagunbashi forest near Nichinta to starting of Krishnai Bypass Section of Bilasipura Guwahati road NH 17 on EPC Package-7 (NHIDCL),Completed,ROAD TRANSPORT AND HIGHWAYS / NHIDCL,Assam,3/2021,286.72,286.72,186.64,100,01/2024,01/2026,,100.00%,July 2021,May 2026,54
N24001450,Widening/Improvement to 4-Lane with Paved Shoulder from KM 38500 to Km 51246 Design Chainage 38500 to 50959 with proposed Daboka Bypass of Daboka- Parokhaowa of NH 29 on EPC under NHO-NE Package-1 (NHIDCL),Completed,ROAD TRANSPORT AND HIGHWAYS / NHIDCL,Assam,9/2021,516.88,516.88,516.88,98.41,7/2024,06/2026,,100.00%,August 2022,May 2026,49
N12000130,CONSTRUCTION OF RESIDENTIAL TOWERS AT BIOM KIRANDUL COMPLEX (National Mineral Development Corporation Limited [NMDC]),Completed,STEEL,Chhattisgarh,7/2021,349.75,349.75,326.85,100,11/2024,02/2026,,100.00%,November 2023,February 2026,26
N04000095,Goa Airport Terminal Building Extension Project (Airport Authority of India [AAI]),Completed,WATER RESOURCES,Goa,11/2017,255.69,255.69,158.78,100,09/2021,04/2026,,100.00%,March 2022,May 2026,49
701406,Rajiv Bhima Lift Irrigation Scheme (Irrigation and CAD-TG),Completed,WATER RESOURCES,Telangana,04/2007,1402,2509.66,1839.76,100,12/2019,03/2026,,100.00%,July 2025,May 2026,11
,ROAD TRANSPORT,Completed,,,,,,,,,,,100.00%,,,1
